claim_id,filed_date,claim_type,state,intake_channel,cost_per_claim_usd,claim_amount_usd,complexity,automation_eligibility_score,flagged_for_human_review,requires_human_by_regulation,queue_wait_hours,handling_hours,total_cycle_time_hours,disposition,denial_reason,adjuster_id,document_count,customer_satisfaction_1to5,review_actually_needed
IS-CLM-2025000001,2025-11-11,Comprehensive,NY,Fax/EDI,715.98,3804.96,Moderate,37,Yes,No,67.7,29.6,97.3,Paid in Full,,ADJ-107,11,3.0,
IS-CLM-2025000002,2025-09-17,Collision,TX,E-Portal,209.44,1319.35,Simple,35,No,No,39.7,4.0,43.7,Paid in Full,,ADJ-146,5,3.0,
IS-CLM-2025000003,2025-09-23,Comprehensive,WI,Fax/EDI,448.98,8397.53,Simple,67,No,Yes,7.9,4.6,12.4,Paid in Full,,ADJ-128,3,3.0,
IS-CLM-2025000004,2025-07-26,Collision,VA,Phone,458.91,3192.19,Simple,35,Yes,No,3.0,4.9,7.9,Partial Payment,,ADJ-139,3,,
IS-CLM-2025000005,2025-12-04,Comprehensive,MD,Phone,477.6,2283.83,Simple,84,No,No,107.1,5.1,112.2,Paid in Full,,ADJ-136,3,,
IS-CLM-2025000006,2025-11-06,Collision,MI,Fax/EDI,445.26,1509.2,Simple,26,No,No,6.4,8.0,14.3,Partial Payment,,ADJ-115,3,,
IS-CLM-2025000007,2025-07-30,Property Damage,NY,E-Portal,220.82,3804.25,Simple,89,No,No,3.0,2.8,5.8,Partial Payment,,ADJ-111,3,3.0,
IS-CLM-2025000008,2025-11-19,Bodily Injury,NC,Fax/EDI,614.76,12295.41,Moderate,52,Yes,No,81.1,38.5,119.6,Partial Payment,,ADJ-135,6,1.0,
IS-CLM-2025000009,2025-09-06,Collision,NC,E-Portal,225.52,2960.58,Simple,87,No,No,29.8,4.4,34.3,Paid in Full,,ADJ-150,1,4.0,No
IS-CLM-2025000010,2025-06-09,Property Damage,VA,E-Portal,273.66,1629.05,Simple,85,Yes,No,68.4,5.8,74.2,Paid in Full,,ADJ-137,3,4.0,
IS-CLM-2025000011,2025-10-06,Property Damage,AZ,Fax/EDI,401.14,3961.28,Simple,56,No,Yes,23.4,6.9,30.3,Paid in Full,,ADJ-148,5,4.0,
IS-CLM-2025000012,2025-12-09,Comprehensive,WI,E-Portal,257.88,1471.99,Simple,61,No,No,30.7,6.1,36.8,Partial Payment,,ADJ-109,5,3.0,
IS-CLM-2025000013,2025-12-11,Liability,TX,E-Portal,407.06,6391.84,Moderate,25,Yes,No,5.0,15.3,20.3,Paid in Full,,ADJ-139,4,5.0,Yes
IS-CLM-2025000014,2025-10-31,Collision,MD,Fax/EDI,334.1,1770.78,Simple,90,No,No,11.4,8.7,20.1,Partial Payment,,ADJ-101,1,,
IS-CLM-2025000015,2025-10-16,Comprehensive,NC,Phone,466.19,1065.94,Simple,54,No,Yes,8.7,8.6,17.3,Paid in Full,,ADJ-101,3,,
IS-CLM-2025000016,2025-12-13,Bodily Injury,IL,Phone,465.52,1676.84,Simple,41,Yes,No,49.3,6.9,56.2,Paid in Full,,ADJ-141,5,,
IS-CLM-2025000017,2025-07-10,Liability,MI,E-Portal,329.2,2493.96,Simple,87,No,No,34.0,6.4,40.5,Paid in Full,,ADJ-134,1,4.0,
IS-CLM-2025000018,2025-10-04,Liability,CA,Fax/EDI,552.62,5985.33,Moderate,11,No,No,71.2,24.3,95.5,Paid in Full,,ADJ-120,6,4.0,
IS-CLM-2025000019,2025-10-24,Collision,FL,Fax/EDI,330.56,2008.01,Simple,89,No,No,10.7,11.5,22.2,Partial Payment,,ADJ-135,2,3.0,
IS-CLM-2025000020,2025-09-30,Property Damage,MO,Phone,842.04,3769.83,Moderate,82,Yes,No,5.4,8.3,13.7,Paid in Full,,ADJ-135,6,,
IS-CLM-2025000021,2025-09-11,Liability,MI,E-Portal,848.56,8407.94,Complex,37,Yes,No,48.9,29.0,77.9,Paid in Full,,ADJ-115,6,5.0,
IS-CLM-2025000022,2025-10-29,Bodily Injury,MO,E-Portal,325.33,2131.44,Simple,60,No,No,3.0,7.1,10.1,Settled,,ADJ-115,1,,
IS-CLM-2025000023,2025-08-24,Comprehensive,FL,Fax/EDI,1119.89,10183.49,Complex,46,Yes,Yes,26.7,33.5,60.2,Paid in Full,,ADJ-135,7,,
IS-CLM-2025000024,2025-10-25,Bodily Injury,WI,Fax/EDI,1021.71,14491.24,Complex,29,Yes,Yes,146.9,22.4,169.3,Settled,,ADJ-107,15,4.0,Yes
IS-CLM-2025000025,2025-09-17,Comprehensive,TN,E-Portal,510.33,11236.26,Moderate,50,Yes,Yes,134.5,19.3,153.7,Denied,Insufficient documentation,ADJ-126,8,,
IS-CLM-2025000026,2025-06-28,Bodily Injury,GA,Phone,1038.12,85000.0,Complex,41,Yes,Yes,33.0,39.6,72.5,Paid in Full,,ADJ-112,9,3.0,
IS-CLM-2025000027,2025-06-20,Comprehensive,MD,Phone,466.46,1409.91,Simple,45,No,No,31.0,4.6,35.6,Denied,Insufficient documentation,ADJ-135,1,,No
IS-CLM-2025000028,2025-12-10,Collision,GA,Phone,407.55,1858.16,Simple,99,No,No,54.4,7.5,61.9,Settled,,ADJ-126,1,2.0,
IS-CLM-2025000029,2025-06-01,Property Damage,AZ,E-Portal,259.48,2679.08,Simple,99,No,No,8.0,3.9,11.9,Paid in Full,,ADJ-147,5,,
IS-CLM-2025000030,2025-10-03,Bodily Injury,PA,Phone,991.55,6687.55,Moderate,65,Yes,No,29.9,11.4,41.3,Denied,Insufficient documentation,ADJ-135,3,,Yes
IS-CLM-2025000031,2025-06-15,Collision,TX,E-Portal,287.54,838.86,Simple,99,No,Yes,4.3,1.0,5.3,Paid in Full,,ADJ-133,1,,
IS-CLM-2025000032,2025-06-18,Comprehensive,WA,E-Portal,276.9,977.86,Simple,92,No,Yes,19.7,5.1,24.8,Denied,Fraud suspected,ADJ-139,1,,
IS-CLM-2025000033,2025-09-16,Bodily Injury,WI,E-Portal,289.37,11778.12,Simple,66,Yes,No,37.0,5.2,42.3,Paid in Full,,ADJ-121,2,4.0,
IS-CLM-2025000034,2025-07-04,Bodily Injury,NJ,Phone,815.16,9035.61,Moderate,50,No,No,5.0,12.0,17.0,Paid in Full,,ADJ-101,10,,No
IS-CLM-2025000035,2025-10-23,Property Damage,NY,E-Portal,460.84,4860.43,Moderate,47,Yes,No,115.5,30.8,146.2,Denied,Filing deadline missed,ADJ-105,6,1.0,
IS-CLM-2025000036,2025-07-11,Collision,MD,Fax/EDI,680.31,10284.34,Moderate,47,Yes,Yes,25.6,12.8,38.4,Settled,,ADJ-142,11,4.0,
IS-CLM-2025000037,2025-12-27,Property Damage,MO,E-Portal,507.12,5410.21,Moderate,45,No,Yes,96.3,23.7,120.0,Paid in Full,,ADJ-108,4,,
IS-CLM-2025000038,2025-07-10,Liability,NC,E-Portal,293.17,3505.48,Simple,67,No,No,42.0,6.7,48.6,Paid in Full,,ADJ-117,5,3.0,
IS-CLM-2025000039,2025-06-14,Bodily Injury,FL,Fax/EDI,887.38,11499.61,Complex,27,Yes,Yes,55.8,64.7,120.5,Partial Payment,,ADJ-122,17,2.0,
IS-CLM-2025000040,2025-08-07,Collision,IL,E-Portal,505.78,4397.93,Moderate,49,Yes,No,5.0,11.5,16.5,Settled,,ADJ-101,4,3.0,
IS-CLM-2025000041,2025-11-24,Collision,PA,Fax/EDI,504.85,2078.14,Simple,54,No,No,123.6,4.1,127.7,Denied,Policy lapsed,ADJ-128,2,2.0,
IS-CLM-2025000042,2025-09-02,Bodily Injury,TX,E-Portal,599.72,26547.44,Complex,27,Yes,Yes,8.0,28.7,36.7,Paid in Full,,ADJ-150,13,,
IS-CLM-2025000043,2025-09-13,Collision,WA,Phone,757.72,8487.44,Moderate,16,No,Yes,111.6,10.7,122.4,Paid in Full,,ADJ-112,9,4.0,
IS-CLM-2025000044,2025-12-06,Liability,VA,E-Portal,489.34,10848.18,Moderate,54,Yes,Yes,54.6,12.0,66.6,Denied,Insufficient documentation,ADJ-116,7,3.0,No
IS-CLM-2025000045,2025-11-27,Bodily Injury,NY,Fax/EDI,491.76,3444.5,Simple,33,Yes,No,8.8,8.8,17.5,Paid in Full,,ADJ-113,4,4.0,
IS-CLM-2025000046,2025-12-28,Collision,GA,Fax/EDI,1051.33,4509.41,Complex,61,Yes,No,25.9,52.9,78.8,Paid in Full,,ADJ-118,18,4.0,
IS-CLM-2025000047,2025-12-15,Liability,NC,Fax/EDI,1230.07,20851.43,Complex,40,Yes,No,140.7,37.2,177.9,Paid in Full,,ADJ-122,5,3.0,
IS-CLM-2025000048,2025-08-06,Property Damage,IL,Fax/EDI,294.08,2119.4,Simple,94,No,No,147.2,6.8,154.0,Paid in Full,,ADJ-139,4,4.0,
IS-CLM-2025000049,2025-12-19,Comprehensive,VA,E-Portal,315.87,2112.51,Simple,98,No,No,121.6,5.8,127.4,Denied,Fraud suspected,ADJ-113,3,2.0,
IS-CLM-2025000050,2025-09-20,Collision,CA,Fax/EDI,472.3,692.65,Simple,40,No,No,40.4,3.9,44.4,Partial Payment,,ADJ-148,2,3.0,
IS-CLM-2025000051,2025-06-18,Comprehensive,VA,Fax/EDI,504.76,2002.16,Simple,87,No,No,21.7,6.5,28.2,Paid in Full,,ADJ-120,5,5.0,
IS-CLM-2025000052,2025-09-13,Collision,VA,E-Portal,355.57,3061.61,Simple,26,No,No,20.9,7.7,28.6,Paid in Full,,ADJ-127,4,,
IS-CLM-2025000053,2025-07-15,Comprehensive,WA,Fax/EDI,492.14,1665.29,Simple,72,No,No,125.4,2.5,128.0,Paid in Full,,ADJ-114,4,,
IS-CLM-2025000054,2025-11-03,Liability,VA,Phone,354.99,2899.3,Simple,79,No,No,3.3,3.1,6.5,Paid in Full,,ADJ-131,2,,
IS-CLM-2025000055,2025-08-12,Liability,IN,Phone,696.13,8466.2,Moderate,35,Yes,No,5.0,12.6,17.6,Paid in Full,,ADJ-116,7,3.0,
IS-CLM-2025000056,2025-07-21,Collision,PA,E-Portal,237.11,1297.0,Simple,84,No,No,3.0,5.0,8.0,Denied,Pre-existing damage,ADJ-105,4,2.0,
IS-CLM-2025000057,2025-11-09,Property Damage,WI,Fax/EDI,482.57,2716.2,Simple,51,No,Yes,57.9,4.6,62.5,Paid in Full,,ADJ-142,1,,
IS-CLM-2025000058,2025-12-15,Comprehensive,NY,Phone,592.42,1279.86,Simple,59,No,No,3.0,8.3,11.3,Denied,Insufficient documentation,ADJ-134,4,1.0,
IS-CLM-2025000059,2025-08-03,Comprehensive,NY,Phone,262.23,4510.99,Simple,47,No,No,19.9,3.5,23.4,Paid in Full,,ADJ-136,5,4.0,
IS-CLM-2025000060,2025-12-11,Comprehensive,MD,E-Portal,614.04,4782.95,Moderate,62,No,No,85.6,9.6,95.2,Partial Payment,,ADJ-136,10,,
IS-CLM-2025000061,2025-12-08,Bodily Injury,MA,Fax/EDI,641.75,9877.58,Moderate,31,No,No,24.8,28.4,53.2,Paid in Full,,ADJ-118,11,5.0,
IS-CLM-2025000062,2025-08-01,Liability,NC,Phone,420.79,2153.13,Simple,51,No,No,8.0,3.5,11.5,Denied,Filing deadline missed,ADJ-135,1,2.0,
IS-CLM-2025000063,2025-07-30,Comprehensive,AZ,Fax/EDI,448.68,1098.2,Simple,63,No,No,84.3,4.5,88.7,Paid in Full,,ADJ-135,4,4.0,
IS-CLM-2025000064,2025-07-23,Bodily Injury,TN,Fax/EDI,739.55,3634.97,Moderate,31,No,Yes,21.5,23.8,45.3,Partial Payment,,ADJ-149,12,1.0,
IS-CLM-2025000065,2025-06-02,Collision,MI,Phone,368.3,1860.97,Simple,70,No,No,27.6,3.9,31.5,Paid in Full,,ADJ-127,5,,
IS-CLM-2025000066,2025-10-18,Collision,WA,E-Portal,825.71,13745.12,Complex,17,Yes,Yes,20.6,57.6,78.2,Denied,Exceeded policy limit,ADJ-122,15,,Yes
IS-CLM-2025000067,2025-09-12,Comprehensive,IL,E-Portal,308.91,2872.63,Simple,66,No,No,8.4,5.2,13.6,Partial Payment,,ADJ-135,1,,
IS-CLM-2025000068,2025-10-30,Property Damage,WI,E-Portal,450.93,6137.43,Moderate,36,Yes,No,9.9,19.5,29.4,Partial Payment,,ADJ-112,3,4.0,
IS-CLM-2025000069,2025-08-23,Comprehensive,OH,Fax/EDI,515.63,1556.08,Simple,50,No,No,15.1,1.9,17.0,Partial Payment,,ADJ-118,4,1.0,
IS-CLM-2025000070,2025-06-21,Liability,MA,E-Portal,505.17,6687.71,Moderate,64,Yes,No,6.8,16.2,23.0,Paid in Full,,ADJ-115,4,,No
IS-CLM-2025000071,2025-11-14,Collision,TX,Fax/EDI,491.0,2543.67,Simple,66,No,Yes,65.3,4.7,70.0,Paid in Full,,ADJ-110,2,4.0,
IS-CLM-2025000072,2025-11-19,Property Damage,NY,E-Portal,512.52,8429.48,Moderate,65,Yes,No,6.4,11.5,18.0,Settled,,ADJ-150,8,3.0,
IS-CLM-2025000073,2025-11-03,Property Damage,NY,E-Portal,350.6,1496.1,Simple,86,Yes,No,43.0,6.1,49.1,Paid in Full,,ADJ-138,1,,
IS-CLM-2025000074,2025-10-26,Comprehensive,AZ,E-Portal,512.39,41195.22,Complex,54,Yes,No,43.4,36.2,79.6,Denied,Insufficient documentation,ADJ-116,6,,
IS-CLM-2025000075,2025-08-17,Collision,WA,Fax/EDI,1278.19,65260.55,Complex,38,Yes,No,179.0,26.8,205.8,Denied,Coverage exclusion,ADJ-128,15,3.0,
IS-CLM-2025000076,2025-10-08,Bodily Injury,VA,E-Portal,698.35,13457.3,Complex,25,Yes,Yes,62.6,57.2,119.9,Partial Payment,,ADJ-124,15,,
IS-CLM-2025000077,2025-09-26,Collision,PA,E-Portal,313.44,10159.08,Moderate,40,Yes,Yes,23.4,20.4,43.8,Denied,Filing deadline missed,ADJ-140,11,,
IS-CLM-2025000078,2025-09-28,Comprehensive,TN,E-Portal,285.68,1560.18,Simple,5,No,Yes,103.5,4.8,108.3,Paid in Full,,ADJ-106,3,,
IS-CLM-2025000079,2025-08-02,Bodily Injury,MD,Phone,501.59,2189.45,Simple,47,No,No,242.3,5.0,247.3,Paid in Full,,ADJ-132,3,4.0,
IS-CLM-2025000080,2025-07-25,Property Damage,MI,E-Portal,647.96,14611.61,Complex,18,Yes,Yes,8.0,119.7,127.7,Paid in Full,,ADJ-145,9,4.0,No
IS-CLM-2025000081,2025-10-11,Property Damage,OH,Phone,360.13,863.34,Simple,55,No,No,8.4,6.0,14.5,Denied,Policy lapsed,ADJ-145,4,,No
IS-CLM-2025000082,2025-10-04,Liability,MD,E-Portal,391.99,1710.79,Simple,85,Yes,No,3.0,9.4,12.4,Paid in Full,,ADJ-145,2,4.0,
IS-CLM-2025000083,2025-10-27,Collision,MI,E-Portal,525.04,3772.43,Moderate,23,Yes,No,15.0,13.2,28.2,Denied,Insufficient documentation,ADJ-136,8,2.0,
IS-CLM-2025000084,2025-09-25,Property Damage,NC,Fax/EDI,465.27,1421.5,Simple,78,No,No,3.0,5.1,8.1,Paid in Full,,ADJ-148,5,,
IS-CLM-2025000085,2025-11-24,Collision,IL,E-Portal,392.65,663.9,Simple,37,No,No,20.1,3.3,23.3,Partial Payment,,ADJ-138,5,4.0,No
IS-CLM-2025000086,2025-06-26,Comprehensive,OH,Phone,476.99,774.48,Simple,62,No,No,60.6,8.9,69.4,Denied,Insufficient documentation,ADJ-135,2,3.0,
IS-CLM-2025000087,2025-06-14,Comprehensive,MO,E-Portal,335.29,6588.91,Simple,51,No,No,75.7,4.0,79.7,Settled,,ADJ-107,1,3.0,
IS-CLM-2025000088,2025-09-29,Collision,MA,E-Portal,734.53,14192.81,Complex,10,Yes,Yes,22.4,90.3,112.7,Settled,,ADJ-131,6,,
IS-CLM-2025000089,2025-09-11,Collision,MA,E-Portal,385.08,2780.97,Simple,99,No,No,45.9,2.0,47.9,Paid in Full,,ADJ-137,3,3.0,
IS-CLM-2025000090,2025-08-03,Collision,NY,E-Portal,430.85,7283.62,Moderate,32,Yes,No,18.7,7.4,26.1,Paid in Full,,ADJ-140,6,,
IS-CLM-2025000091,2025-09-06,Bodily Injury,MD,E-Portal,464.66,34502.56,Moderate,46,Yes,Yes,13.3,16.3,29.6,Paid in Full,,ADJ-128,7,4.0,No
IS-CLM-2025000092,2025-06-16,Collision,WA,Phone,552.52,726.68,Simple,49,Yes,No,4.7,6.0,10.7,Paid in Full,,ADJ-117,1,3.0,
IS-CLM-2025000093,2025-07-15,Bodily Injury,MO,Phone,502.87,4674.46,Simple,11,No,No,37.5,8.7,46.1,Paid in Full,,ADJ-103,2,4.0,
IS-CLM-2025000094,2025-08-12,Comprehensive,MD,Fax/EDI,741.28,5924.65,Moderate,50,No,No,64.8,14.2,79.1,Partial Payment,,ADJ-141,12,,No
IS-CLM-2025000095,2025-07-21,Collision,TN,Fax/EDI,1126.41,19531.13,Complex,14,Yes,No,8.0,23.1,31.1,Pending Review,,ADJ-105,5,,
IS-CLM-2025000096,2025-08-18,Liability,WA,Fax/EDI,685.47,11232.61,Moderate,45,Yes,Yes,21.1,8.8,30.0,Paid in Full,,ADJ-145,7,,
IS-CLM-2025000097,2025-08-09,Collision,IN,Phone,438.99,2442.12,Simple,67,No,No,15.9,11.2,27.1,Paid in Full,,ADJ-148,3,,
IS-CLM-2025000098,2025-06-07,Bodily Injury,FL,Fax/EDI,1010.46,30871.49,Complex,47,Yes,Yes,195.9,73.3,269.1,Partial Payment,,ADJ-138,5,,
IS-CLM-2025000099,2025-11-20,Comprehensive,NC,Phone,554.09,4713.96,Moderate,9,No,No,73.6,13.3,86.8,Paid in Full,,ADJ-129,7,3.0,
IS-CLM-2025000100,2025-10-28,Collision,TN,E-Portal,312.3,1770.8,Simple,99,No,No,10.3,3.0,13.3,Settled,,ADJ-122,3,,
IS-CLM-2025000101,2025-07-12,Property Damage,VA,E-Portal,265.15,7745.45,Simple,90,No,No,30.2,11.1,41.3,Paid in Full,,ADJ-126,5,3.0,No
IS-CLM-2025000102,2025-06-23,Collision,VA,Fax/EDI,524.41,1262.24,Simple,52,Yes,No,50.0,7.1,57.1,Paid in Full,,ADJ-133,1,,
IS-CLM-2025000103,2025-10-17,Collision,MD,Phone,392.37,1442.41,Simple,68,No,No,88.2,4.0,92.2,Denied,Pre-existing damage,ADJ-132,4,,
IS-CLM-2025000104,2025-07-23,Liability,NC,Fax/EDI,1101.22,10586.97,Complex,64,Yes,No,8.0,16.6,24.6,Paid in Full,,ADJ-108,5,,
IS-CLM-2025000105,2025-11-03,Bodily Injury,GA,Phone,515.93,1941.72,Simple,41,No,No,3.3,5.4,8.7,Paid in Full,,ADJ-127,1,4.0,
IS-CLM-2025000106,2025-06-30,Bodily Injury,MD,Fax/EDI,876.4,14900.27,Moderate,56,Yes,Yes,87.8,14.9,102.7,Denied,Insufficient documentation,ADJ-119,11,,
IS-CLM-2025000107,2025-09-15,Property Damage,MA,Fax/EDI,772.53,8528.84,Moderate,65,Yes,No,76.8,38.4,115.3,Paid in Full,,ADJ-125,6,,No
IS-CLM-2025000108,2025-10-09,Liability,PA,Fax/EDI,430.78,2741.99,Simple,91,No,No,7.4,4.0,11.3,Denied,Exceeded policy limit,ADJ-122,5,3.0,
IS-CLM-2025000109,2025-06-01,Collision,NJ,E-Portal,301.29,3893.53,Simple,66,No,No,12.6,6.8,19.5,Denied,Insufficient documentation,ADJ-132,2,4.0,
IS-CLM-2025000110,2025-10-02,Collision,MI,Fax/EDI,440.51,1707.56,Simple,78,No,No,4.5,6.5,11.1,Settled,,ADJ-121,2,,No
IS-CLM-2025000111,2025-08-01,Bodily Injury,WI,E-Portal,500.6,7960.33,Moderate,8,No,No,53.3,24.1,77.5,Paid in Full,,ADJ-131,9,4.0,
IS-CLM-2025000112,2025-11-17,Collision,PA,E-Portal,382.19,1318.85,Simple,63,Yes,No,48.3,2.1,50.4,Settled,,ADJ-138,3,,
IS-CLM-2025000113,2025-09-21,Comprehensive,NY,Phone,512.22,1416.73,Simple,86,No,No,10.5,6.2,16.6,Partial Payment,,ADJ-127,2,2.0,
IS-CLM-2025000114,2025-12-18,Collision,NC,Fax/EDI,412.71,2670.77,Simple,99,No,No,21.3,3.5,24.8,Paid in Full,,ADJ-144,5,3.0,
IS-CLM-2025000115,2025-08-21,Liability,MA,E-Portal,303.9,3366.64,Simple,59,Yes,No,19.3,4.8,24.1,Settled,,ADJ-141,3,,
IS-CLM-2025000116,2025-12-09,Collision,FL,Fax/EDI,742.33,11598.7,Moderate,53,Yes,Yes,78.7,11.1,89.9,Paid in Full,,ADJ-107,10,4.0,
IS-CLM-2025000117,2025-08-16,Liability,CA,Phone,1083.92,7198.08,Complex,54,Yes,No,39.4,24.9,64.3,Paid in Full,,ADJ-128,7,3.0,
IS-CLM-2025000118,2025-09-14,Bodily Injury,WI,E-Portal,662.3,26635.43,Complex,5,Yes,No,8.0,30.4,38.4,Partial Payment,,ADJ-125,14,,
IS-CLM-2025000119,2025-10-06,Bodily Injury,WI,E-Portal,754.36,16618.77,Complex,35,Yes,No,8.0,20.4,28.4,Paid in Full,,ADJ-130,9,,
IS-CLM-2025000120,2025-07-11,Liability,FL,E-Portal,600.25,6477.85,Moderate,62,Yes,No,45.1,9.6,54.7,Paid in Full,,ADJ-141,9,,
IS-CLM-2025000121,2025-09-25,Collision,NJ,E-Portal,310.26,1849.36,Simple,41,No,No,49.1,3.7,52.8,Paid in Full,,ADJ-116,4,4.0,
IS-CLM-2025000122,2025-10-26,Collision,NJ,Phone,673.1,6835.02,Moderate,58,Yes,No,68.9,19.9,88.8,Settled,,ADJ-143,9,4.0,
IS-CLM-2025000123,2025-10-23,Collision,TX,Fax/EDI,405.45,1311.41,Simple,93,No,No,43.3,14.2,57.5,Paid in Full,,ADJ-150,2,,
IS-CLM-2025000124,2025-08-30,Collision,GA,E-Portal,283.18,2036.01,Simple,74,No,No,156.4,3.0,159.4,Denied,Insufficient documentation,ADJ-150,2,,
IS-CLM-2025000125,2025-11-08,Bodily Injury,TX,Phone,640.18,7204.21,Moderate,60,Yes,No,308.5,16.7,325.2,Paid in Full,,ADJ-106,7,4.0,
IS-CLM-2025000126,2025-09-15,Bodily Injury,IL,E-Portal,212.4,3201.3,Simple,73,No,No,57.0,6.8,63.9,Paid in Full,,ADJ-124,5,3.0,
IS-CLM-2025000127,2025-08-09,Liability,IL,E-Portal,536.8,5549.01,Complex,64,Yes,No,90.4,56.8,147.2,Pending Review,,ADJ-119,16,,
IS-CLM-2025000128,2025-12-23,Comprehensive,NY,E-Portal,377.52,1766.75,Simple,95,Yes,No,55.5,6.1,61.5,Settled,,ADJ-115,4,,
IS-CLM-2025000129,2025-12-23,Collision,MO,E-Portal,748.93,8854.08,Complex,22,Yes,No,47.4,43.5,90.9,Partial Payment,,ADJ-130,10,,
IS-CLM-2025000130,2025-11-20,Comprehensive,NC,E-Portal,280.97,1447.56,Simple,40,No,Yes,146.5,7.4,153.9,Paid in Full,,ADJ-115,4,4.0,
IS-CLM-2025000131,2025-10-22,Property Damage,VA,E-Portal,681.86,5252.51,Complex,5,Yes,No,123.6,37.6,161.2,Partial Payment,,ADJ-130,16,3.0,
IS-CLM-2025000132,2025-09-13,Bodily Injury,NY,E-Portal,283.11,1815.29,Simple,99,Yes,No,78.1,5.9,84.0,Denied,Coverage exclusion,ADJ-107,2,,
IS-CLM-2025000133,2025-07-05,Collision,AZ,E-Portal,302.54,3941.21,Simple,49,No,No,115.9,7.1,123.0,Paid in Full,,ADJ-127,5,,No
IS-CLM-2025000134,2025-07-10,Comprehensive,TN,E-Portal,348.11,1722.57,Simple,72,No,No,25.5,1.7,27.2,Partial Payment,,ADJ-118,1,,
IS-CLM-2025000135,2025-07-26,Collision,MD,E-Portal,250.73,10537.04,Simple,79,Yes,Yes,47.0,3.6,50.6,Denied,Insufficient documentation,ADJ-124,5,,
IS-CLM-2025000136,2025-11-13,Collision,MI,Phone,764.8,17275.0,Moderate,39,Yes,Yes,37.8,26.5,64.3,Partial Payment,,ADJ-130,4,,Yes
IS-CLM-2025000137,2025-11-12,Collision,WA,Fax/EDI,569.45,7737.32,Moderate,58,Yes,No,59.2,40.4,99.6,Paid in Full,,ADJ-137,6,3.0,
IS-CLM-2025000138,2025-12-13,Bodily Injury,MO,Fax/EDI,444.16,3526.04,Simple,72,No,No,35.2,7.3,42.5,Partial Payment,,ADJ-110,5,3.0,
IS-CLM-2025000139,2025-07-08,Comprehensive,PA,Phone,830.47,10743.36,Moderate,57,No,Yes,31.5,15.2,46.6,Partial Payment,,ADJ-102,5,3.0,
IS-CLM-2025000140,2025-12-20,Collision,GA,E-Portal,255.53,4706.52,Simple,43,Yes,No,11.4,1.7,13.1,Paid in Full,,ADJ-109,4,5.0,
IS-CLM-2025000141,2025-12-08,Bodily Injury,FL,Phone,754.3,18140.28,Moderate,67,No,Yes,35.9,8.2,44.0,Partial Payment,,ADJ-107,10,1.0,
IS-CLM-2025000142,2025-11-05,Comprehensive,TX,Phone,845.64,8931.84,Moderate,60,No,No,15.3,18.8,34.2,Settled,,ADJ-142,3,3.0,
IS-CLM-2025000143,2025-10-01,Comprehensive,AZ,E-Portal,350.97,1527.82,Simple,51,Yes,No,32.5,7.8,40.4,Partial Payment,,ADJ-106,3,,
IS-CLM-2025000144,2025-06-17,Collision,PA,E-Portal,328.88,704.65,Simple,43,No,No,8.4,12.5,20.9,Paid in Full,,ADJ-121,4,,
IS-CLM-2025000145,2025-10-14,Bodily Injury,NJ,E-Portal,869.71,31432.51,Complex,26,Yes,Yes,55.9,35.3,91.2,Pending Review,,ADJ-145,6,,Yes
IS-CLM-2025000146,2025-11-14,Bodily Injury,MO,Fax/EDI,886.94,19918.74,Complex,16,Yes,Yes,66.1,70.6,136.7,Pending Review,,ADJ-122,18,,
IS-CLM-2025000147,2025-09-15,Comprehensive,NY,E-Portal,547.72,5707.57,Moderate,33,Yes,No,30.3,10.6,40.9,Denied,Policy lapsed,ADJ-144,10,2.0,
IS-CLM-2025000148,2025-06-22,Comprehensive,FL,Phone,493.31,2644.58,Simple,60,No,No,3.0,5.1,8.1,Partial Payment,,ADJ-109,5,3.0,
IS-CLM-2025000149,2025-10-22,Collision,MO,E-Portal,316.51,6811.13,Simple,64,Yes,No,6.2,3.3,9.5,Paid in Full,,ADJ-149,4,,
IS-CLM-2025000150,2025-12-02,Bodily Injury,TX,Phone,1190.65,84743.28,Complex,57,Yes,No,22.4,21.0,43.4,Partial Payment,,ADJ-114,7,,Yes
IS-CLM-2025000151,2025-07-28,Collision,NY,Phone,409.94,1179.94,Simple,80,No,No,32.6,6.4,39.0,Paid in Full,,ADJ-118,5,4.0,
IS-CLM-2025000152,2025-09-18,Comprehensive,MO,E-Portal,518.93,15310.38,Moderate,30,No,No,45.4,14.5,59.9,Pending Review,,ADJ-102,12,,No
IS-CLM-2025000153,2025-11-25,Collision,NC,Phone,466.54,1044.22,Simple,86,No,No,17.9,4.7,22.6,Partial Payment,,ADJ-101,2,,
IS-CLM-2025000154,2025-10-23,Property Damage,AZ,Fax/EDI,396.74,1413.53,Simple,99,No,No,30.9,6.4,37.3,Partial Payment,,ADJ-114,4,3.0,
IS-CLM-2025000155,2025-08-27,Collision,IL,Fax/EDI,570.09,5684.18,Moderate,27,No,No,24.6,7.1,31.7,Paid in Full,,ADJ-137,12,4.0,
IS-CLM-2025000156,2025-06-14,Comprehensive,PA,Phone,527.5,1801.47,Simple,66,No,No,20.1,5.2,25.3,Denied,Filing deadline missed,ADJ-129,4,2.0,
IS-CLM-2025000157,2025-09-22,Property Damage,TN,E-Portal,237.63,2866.51,Simple,57,No,No,49.9,5.0,54.9,Partial Payment,,ADJ-119,5,2.0,
IS-CLM-2025000158,2025-11-18,Property Damage,NJ,E-Portal,804.5,13160.61,Complex,48,No,Yes,13.5,43.8,57.2,Denied,Policy lapsed,ADJ-120,8,,Yes
IS-CLM-2025000159,2025-12-13,Comprehensive,NC,E-Portal,302.83,2451.99,Simple,25,Yes,No,29.6,3.6,33.2,Paid in Full,,ADJ-109,4,4.0,
IS-CLM-2025000160,2025-07-29,Collision,IN,Phone,722.95,4462.03,Moderate,74,No,No,5.0,12.3,17.3,Paid in Full,,ADJ-148,3,3.0,
IS-CLM-2025000161,2025-09-26,Comprehensive,FL,E-Portal,432.85,6686.48,Moderate,14,Yes,No,53.8,23.5,77.3,Partial Payment,,ADJ-146,9,3.0,
IS-CLM-2025000162,2025-09-12,Liability,CA,Phone,365.81,2685.22,Simple,25,Yes,No,73.8,8.5,82.3,Paid in Full,,ADJ-130,3,4.0,
IS-CLM-2025000163,2025-06-28,Comprehensive,GA,Phone,395.89,3034.68,Simple,67,No,No,10.2,3.1,13.3,Paid in Full,,ADJ-120,3,3.0,
IS-CLM-2025000164,2025-12-17,Comprehensive,IL,Phone,744.36,6532.41,Moderate,36,Yes,No,8.9,29.4,38.3,Partial Payment,,ADJ-150,8,2.0,
IS-CLM-2025000165,2025-12-27,Comprehensive,PA,E-Portal,310.87,2145.08,Simple,90,Yes,No,24.2,2.8,27.0,Paid in Full,,ADJ-139,2,,
IS-CLM-2025000166,2025-11-15,Property Damage,FL,E-Portal,644.36,48746.32,Complex,41,Yes,Yes,70.9,38.5,109.3,Denied,Pre-existing damage,ADJ-137,17,2.0,
IS-CLM-2025000167,2025-11-22,Collision,WI,Fax/EDI,403.17,1150.5,Simple,66,No,No,3.7,5.0,8.7,Paid in Full,,ADJ-121,2,4.0,
IS-CLM-2025000168,2025-09-29,Collision,MD,Fax/EDI,580.48,3382.72,Moderate,69,No,No,59.6,12.9,72.4,Paid in Full,,ADJ-123,11,4.0,
IS-CLM-2025000169,2025-09-27,Collision,MD,E-Portal,331.87,2783.24,Simple,86,No,No,20.2,4.2,24.4,Partial Payment,,ADJ-106,5,2.0,Yes
IS-CLM-2025000170,2025-09-07,Property Damage,MD,Phone,534.69,1769.13,Simple,66,No,No,36.7,6.2,42.9,Partial Payment,,ADJ-103,4,,
IS-CLM-2025000171,2025-10-25,Property Damage,OH,Phone,443.07,3224.1,Simple,51,No,No,23.8,2.9,26.6,Paid in Full,,ADJ-104,4,4.0,
IS-CLM-2025000172,2025-08-27,Collision,FL,E-Portal,316.14,1975.58,Simple,82,Yes,No,14.1,5.8,19.9,Denied,Exceeded policy limit,ADJ-129,5,2.0,
IS-CLM-2025000173,2025-07-11,Liability,MI,E-Portal,696.75,27673.73,Complex,43,Yes,Yes,74.7,47.8,122.5,Paid in Full,,ADJ-122,15,4.0,
IS-CLM-2025000174,2025-12-20,Liability,VA,E-Portal,320.98,3026.48,Simple,26,No,No,71.5,5.0,76.5,Denied,Filing deadline missed,ADJ-147,5,,
IS-CLM-2025000175,2025-08-25,Property Damage,FL,Phone,529.09,3146.46,Moderate,46,Yes,No,45.8,23.9,69.6,Denied,Insufficient documentation,ADJ-145,9,3.0,
IS-CLM-2025000176,2025-11-29,Property Damage,FL,E-Portal,255.35,2198.41,Simple,52,No,No,34.0,6.6,40.7,Partial Payment,,ADJ-109,5,3.0,
IS-CLM-2025000177,2025-11-19,Comprehensive,TN,Fax/EDI,313.44,2360.81,Simple,40,Yes,No,6.8,8.5,15.3,Settled,,ADJ-122,4,4.0,
IS-CLM-2025000178,2025-07-06,Comprehensive,PA,Phone,854.75,7423.03,Moderate,40,No,No,65.4,6.8,72.2,Paid in Full,,ADJ-135,11,3.0,No
IS-CLM-2025000179,2025-08-26,Property Damage,WA,E-Portal,653.57,12472.63,Moderate,33,Yes,No,5.0,32.2,37.2,Partial Payment,,ADJ-140,5,,
IS-CLM-2025000180,2025-06-12,Bodily Injury,TN,Phone,1226.77,85000.0,Complex,18,Yes,Yes,48.3,63.6,111.9,Denied,Fraud suspected,ADJ-148,17,1.0,No
IS-CLM-2025000181,2025-10-15,Property Damage,GA,Phone,388.67,1966.68,Simple,46,No,No,10.5,5.1,15.6,Partial Payment,,ADJ-113,3,,
IS-CLM-2025000182,2025-10-25,Property Damage,MD,Fax/EDI,1289.52,7226.34,Complex,49,Yes,No,8.8,53.2,62.0,Partial Payment,,ADJ-134,11,,
IS-CLM-2025000183,2025-12-27,Property Damage,OH,E-Portal,513.65,3545.12,Moderate,16,Yes,No,5.0,8.3,13.3,Paid in Full,,ADJ-142,10,,
IS-CLM-2025000184,2025-10-20,Property Damage,NY,E-Portal,292.25,2868.61,Simple,54,No,No,86.6,2.2,88.8,Denied,Coverage exclusion,ADJ-149,2,2.0,
IS-CLM-2025000185,2025-10-10,Comprehensive,PA,Phone,476.56,1313.41,Simple,56,Yes,No,28.8,12.5,41.3,Denied,Pre-existing damage,ADJ-129,3,,
IS-CLM-2025000186,2025-09-15,Collision,TX,Phone,521.67,1374.36,Simple,91,No,Yes,131.8,3.3,135.1,Paid in Full,,ADJ-115,1,4.0,
IS-CLM-2025000187,2025-06-26,Liability,VA,E-Portal,382.33,2560.82,Simple,53,Yes,No,3.0,4.9,7.9,Settled,,ADJ-131,2,,
IS-CLM-2025000188,2025-09-29,Collision,MD,Phone,437.35,2813.28,Simple,66,No,No,116.0,7.1,123.0,Paid in Full,,ADJ-114,2,3.0,
IS-CLM-2025000189,2025-12-04,Property Damage,WA,Fax/EDI,338.39,1873.33,Simple,77,Yes,No,35.0,7.5,42.5,Partial Payment,,ADJ-104,2,3.0,
IS-CLM-2025000190,2025-12-21,Comprehensive,WA,E-Portal,257.46,1163.57,Simple,69,Yes,No,31.1,8.8,39.9,Paid in Full,,ADJ-102,5,4.0,
IS-CLM-2025000191,2025-12-01,Collision,PA,Phone,453.35,2740.41,Simple,46,Yes,No,27.8,6.8,34.6,Paid in Full,,ADJ-137,4,4.0,
IS-CLM-2025000192,2025-11-19,Comprehensive,FL,Phone,401.4,1830.74,Simple,60,No,No,3.0,10.8,13.8,Denied,Fraud suspected,ADJ-133,5,1.0,
IS-CLM-2025000193,2025-09-08,Collision,MA,E-Portal,379.04,4448.86,Moderate,40,No,No,115.6,12.9,128.5,Pending Review,,ADJ-102,8,,
IS-CLM-2025000194,2025-08-28,Property Damage,GA,E-Portal,346.36,1117.0,Simple,63,No,No,32.5,3.0,35.5,Partial Payment,,ADJ-148,3,2.0,
IS-CLM-2025000195,2025-08-30,Property Damage,MO,E-Portal,502.55,2656.1,Moderate,52,No,No,55.4,29.5,84.9,Denied,Insufficient documentation,ADJ-145,10,,
IS-CLM-2025000196,2025-12-25,Comprehensive,PA,Fax/EDI,357.79,2418.35,Simple,69,No,No,81.7,9.9,91.7,Settled,,ADJ-113,1,,
IS-CLM-2025000197,2025-06-11,Collision,VA,Fax/EDI,382.09,1302.57,Simple,71,No,No,6.9,8.7,15.6,Paid in Full,,ADJ-135,4,3.0,
IS-CLM-2025000198,2025-12-10,Liability,OH,Fax/EDI,674.14,7345.45,Moderate,54,No,No,227.8,31.7,259.5,Paid in Full,,ADJ-142,8,5.0,
IS-CLM-2025000199,2025-12-22,Liability,MI,E-Portal,285.99,3030.13,Simple,99,No,No,92.8,5.5,98.3,Paid in Full,,ADJ-125,3,,
IS-CLM-2025000200,2025-10-06,Property Damage,MA,E-Portal,860.73,14780.69,Complex,9,Yes,Yes,44.6,58.6,103.1,Settled,,ADJ-106,16,1.0,Yes
IS-CLM-2025000201,2025-09-19,Comprehensive,WA,Fax/EDI,460.12,1255.52,Simple,46,No,Yes,73.4,5.3,78.7,Paid in Full,,ADJ-121,3,4.0,
IS-CLM-2025000202,2025-11-02,Comprehensive,TN,Phone,922.45,12192.54,Moderate,64,Yes,No,35.1,13.2,48.2,Pending Review,,ADJ-123,12,,
IS-CLM-2025000203,2025-08-10,Bodily Injury,TX,E-Portal,586.34,62085.76,Complex,30,Yes,No,127.0,43.0,170.0,Paid in Full,,ADJ-111,5,4.0,
IS-CLM-2025000204,2025-11-03,Comprehensive,MD,E-Portal,326.98,3319.36,Simple,42,No,No,86.1,7.1,93.2,Partial Payment,,ADJ-124,4,,
IS-CLM-2025000205,2025-06-09,Collision,WA,Fax/EDI,581.04,9262.51,Moderate,48,Yes,No,32.6,31.1,63.6,Partial Payment,,ADJ-105,12,2.0,
IS-CLM-2025000206,2025-09-02,Comprehensive,AZ,Fax/EDI,413.35,1311.34,Simple,72,No,No,13.8,6.5,20.3,Denied,Coverage exclusion,ADJ-132,5,2.0,
IS-CLM-2025000207,2025-10-22,Property Damage,NY,Fax/EDI,485.32,2143.57,Simple,53,No,No,13.9,7.1,21.0,Paid in Full,,ADJ-140,3,,
IS-CLM-2025000208,2025-10-04,Collision,OH,E-Portal,342.0,5447.49,Simple,53,Yes,No,14.8,8.4,23.2,Paid in Full,,ADJ-146,4,,
IS-CLM-2025000209,2025-12-25,Liability,VA,Fax/EDI,777.26,4307.12,Moderate,49,No,No,11.3,16.9,28.2,Denied,Filing deadline missed,ADJ-120,5,,
IS-CLM-2025000210,2025-11-27,Collision,IL,Phone,1104.58,12072.76,Complex,48,Yes,Yes,8.0,43.3,51.3,Paid in Full,,ADJ-113,17,4.0,
IS-CLM-2025000211,2025-12-20,Collision,MA,Fax/EDI,964.69,9197.08,Moderate,13,Yes,No,31.4,12.7,44.0,Denied,Fraud suspected,ADJ-109,12,,Yes
IS-CLM-2025000212,2025-06-17,Bodily Injury,NJ,Fax/EDI,820.57,26039.42,Moderate,77,Yes,Yes,14.9,25.9,40.8,Partial Payment,,ADJ-127,9,,
IS-CLM-2025000213,2025-06-19,Collision,PA,E-Portal,307.53,2332.14,Simple,97,No,No,29.6,6.7,36.4,Partial Payment,,ADJ-144,5,2.0,
IS-CLM-2025000214,2025-12-17,Comprehensive,MO,Phone,425.44,1618.71,Simple,49,No,No,149.5,4.9,154.4,Paid in Full,,ADJ-104,1,2.0,
IS-CLM-2025000215,2025-08-17,Bodily Injury,IL,E-Portal,300.36,3286.35,Simple,88,No,No,35.6,3.7,39.4,Paid in Full,,ADJ-134,3,,
IS-CLM-2025000216,2025-08-04,Collision,OH,Fax/EDI,364.73,2054.77,Simple,57,No,No,29.7,4.0,33.7,Denied,Filing deadline missed,ADJ-140,5,3.0,
IS-CLM-2025000217,2025-11-12,Liability,IL,E-Portal,227.67,2891.9,Simple,24,No,No,22.2,5.7,27.9,Partial Payment,,ADJ-140,5,4.0,
IS-CLM-2025000218,2025-10-23,Comprehensive,TX,Fax/EDI,1020.62,9998.23,Complex,57,Yes,No,8.5,62.2,70.7,Partial Payment,,ADJ-137,9,,
IS-CLM-2025000219,2025-12-14,Comprehensive,WI,E-Portal,274.23,4504.53,Simple,76,No,No,46.4,4.6,50.9,Partial Payment,,ADJ-119,3,4.0,
IS-CLM-2025000220,2025-12-24,Collision,AZ,Phone,1256.92,4720.22,Complex,33,Yes,No,90.1,37.5,127.6,Paid in Full,,ADJ-131,12,3.0,Yes
IS-CLM-2025000221,2025-11-03,Collision,PA,E-Portal,274.5,9016.99,Simple,21,No,No,54.9,7.1,62.0,Partial Payment,,ADJ-123,4,4.0,
IS-CLM-2025000222,2025-09-03,Comprehensive,IN,Phone,540.55,3002.98,Simple,50,No,No,24.8,7.1,31.9,Denied,Filing deadline missed,ADJ-110,1,2.0,
IS-CLM-2025000223,2025-09-07,Liability,WA,Phone,554.29,1190.55,Simple,99,No,No,49.0,8.0,57.0,Paid in Full,,ADJ-137,3,3.0,
IS-CLM-2025000224,2025-07-11,Collision,MA,Fax/EDI,516.31,872.47,Simple,95,No,No,17.5,5.5,23.0,Paid in Full,,ADJ-132,1,3.0,
IS-CLM-2025000225,2025-09-09,Bodily Injury,IN,Phone,694.36,30786.54,Moderate,44,Yes,Yes,5.0,9.2,14.2,Partial Payment,,ADJ-119,10,2.0,
IS-CLM-2025000226,2025-11-15,Collision,MA,E-Portal,286.41,2311.28,Simple,99,Yes,No,14.3,4.7,19.1,Denied,Policy lapsed,ADJ-117,3,,
IS-CLM-2025000227,2025-09-02,Bodily Injury,TX,Fax/EDI,755.0,31580.27,Complex,5,Yes,Yes,29.1,21.9,51.0,Denied,Fraud suspected,ADJ-125,13,3.0,
IS-CLM-2025000228,2025-10-19,Comprehensive,NC,Fax/EDI,625.52,2695.86,Moderate,29,No,Yes,5.0,13.1,18.1,Paid in Full,,ADJ-107,9,3.0,No
IS-CLM-2025000229,2025-08-26,Bodily Injury,MO,E-Portal,472.1,15502.34,Moderate,91,Yes,No,28.3,25.8,54.1,Denied,Fraud suspected,ADJ-103,3,4.0,Yes
IS-CLM-2025000230,2025-11-30,Collision,VA,E-Portal,221.09,8836.15,Simple,70,No,No,32.0,6.3,38.3,Denied,Fraud suspected,ADJ-109,3,,
IS-CLM-2025000231,2025-08-21,Collision,IL,Fax/EDI,484.18,1212.83,Simple,62,No,No,166.4,3.3,169.7,Paid in Full,,ADJ-138,3,4.0,No
IS-CLM-2025000232,2025-10-09,Comprehensive,MO,E-Portal,268.73,3386.45,Simple,95,No,No,30.1,19.3,49.3,Denied,Coverage exclusion,ADJ-144,1,,
IS-CLM-2025000233,2025-10-28,Liability,NJ,E-Portal,759.15,11363.58,Complex,54,Yes,Yes,218.7,30.0,248.7,Settled,,ADJ-102,14,4.0,
IS-CLM-2025000234,2025-11-15,Comprehensive,WI,Fax/EDI,373.76,8926.49,Moderate,58,No,Yes,5.0,19.7,24.7,Partial Payment,,ADJ-141,12,,
IS-CLM-2025000235,2025-09-06,Bodily Injury,PA,Phone,963.63,20191.71,Complex,48,Yes,Yes,22.9,27.9,50.8,Paid in Full,,ADJ-145,6,3.0,
IS-CLM-2025000236,2025-09-21,Collision,VA,Fax/EDI,615.14,10181.31,Moderate,53,Yes,Yes,77.0,25.3,102.3,Denied,Fraud suspected,ADJ-150,12,,
IS-CLM-2025000237,2025-12-06,Property Damage,TX,Phone,393.97,4408.22,Simple,64,No,No,22.0,3.9,25.9,Paid in Full,,ADJ-131,5,3.0,
IS-CLM-2025000238,2025-07-15,Collision,MD,Fax/EDI,1031.09,4289.1,Complex,28,Yes,No,110.8,26.4,137.2,Denied,Pre-existing damage,ADJ-147,15,,
IS-CLM-2025000239,2025-11-25,Collision,NC,E-Portal,259.92,993.45,Simple,84,No,No,111.2,3.6,114.8,Paid in Full,,ADJ-115,3,,
IS-CLM-2025000240,2025-11-28,Liability,OH,E-Portal,394.56,9115.29,Moderate,46,Yes,No,24.4,17.1,41.5,Denied,Fraud suspected,ADJ-147,7,1.0,
IS-CLM-2025000241,2025-10-25,Bodily Injury,MO,Phone,371.02,3991.51,Simple,82,No,No,52.6,6.9,59.5,Partial Payment,,ADJ-110,3,3.0,No
IS-CLM-2025000242,2025-11-30,Comprehensive,FL,E-Portal,354.82,6549.95,Moderate,31,Yes,No,54.6,12.1,66.7,Paid in Full,,ADJ-131,6,3.0,
IS-CLM-2025000243,2025-10-16,Collision,NC,Phone,536.89,3542.61,Simple,42,No,No,3.0,8.2,11.2,Paid in Full,,ADJ-138,2,3.0,
IS-CLM-2025000244,2025-11-19,Collision,IN,E-Portal,345.91,1358.68,Simple,70,No,No,23.9,5.5,29.3,Settled,,ADJ-131,1,,
IS-CLM-2025000245,2025-07-06,Comprehensive,CA,Fax/EDI,565.65,1738.31,Simple,99,No,No,51.1,3.1,54.2,Paid in Full,,ADJ-142,4,4.0,
IS-CLM-2025000246,2025-07-22,Bodily Injury,NJ,Fax/EDI,1011.46,15191.89,Complex,31,Yes,Yes,24.8,44.0,68.8,Denied,Coverage exclusion,ADJ-142,14,2.0,
IS-CLM-2025000247,2025-12-07,Collision,TX,E-Portal,714.4,2441.79,Complex,5,Yes,Yes,32.2,29.8,62.0,Partial Payment,,ADJ-103,18,4.0,
IS-CLM-2025000248,2025-10-05,Property Damage,IL,E-Portal,565.43,5653.07,Moderate,43,No,No,13.4,24.2,37.5,Paid in Full,,ADJ-103,3,5.0,
IS-CLM-2025000249,2025-11-02,Collision,NY,Phone,590.1,11356.98,Moderate,75,Yes,Yes,12.2,11.2,23.4,Settled,,ADJ-142,11,2.0,Yes
IS-CLM-2025000250,2025-07-05,Collision,IN,E-Portal,338.89,774.7,Simple,53,No,Yes,3.0,2.3,5.3,Paid in Full,,ADJ-130,3,,
IS-CLM-2025000251,2025-06-04,Collision,VA,E-Portal,340.9,915.72,Simple,11,No,No,38.0,4.9,42.9,Settled,,ADJ-112,5,,
IS-CLM-2025000252,2025-09-12,Comprehensive,TN,Phone,517.59,1544.21,Simple,80,Yes,Yes,30.9,4.8,35.8,Paid in Full,,ADJ-109,4,4.0,
IS-CLM-2025000253,2025-08-03,Collision,CA,E-Portal,506.67,2251.2,Moderate,64,Yes,No,201.1,7.6,208.7,Settled,,ADJ-122,7,4.0,No
IS-CLM-2025000254,2025-10-25,Comprehensive,CA,E-Portal,294.58,2714.0,Simple,28,No,No,57.8,3.5,61.3,Settled,,ADJ-143,1,4.0,
IS-CLM-2025000255,2025-07-11,Liability,AZ,Fax/EDI,1005.63,18439.58,Complex,24,Yes,No,17.9,28.7,46.6,Paid in Full,,ADJ-145,6,,No
IS-CLM-2025000256,2025-08-15,Collision,MI,Phone,775.85,3805.76,Moderate,54,Yes,No,27.0,28.9,56.0,Denied,Policy lapsed,ADJ-130,12,1.0,
IS-CLM-2025000257,2025-11-27,Liability,MO,E-Portal,512.25,3537.63,Moderate,57,No,No,5.0,9.8,14.8,Paid in Full,,ADJ-149,6,,
IS-CLM-2025000258,2025-10-31,Liability,FL,Phone,622.9,8474.1,Simple,65,No,No,3.3,8.3,11.6,Paid in Full,,ADJ-137,1,4.0,
IS-CLM-2025000259,2025-10-19,Comprehensive,IN,Phone,360.81,1602.87,Simple,74,No,No,11.6,6.6,18.2,Settled,,ADJ-129,1,,
IS-CLM-2025000260,2025-12-01,Collision,WI,Fax/EDI,1070.29,5121.1,Complex,64,Yes,No,8.0,20.1,28.1,Denied,Coverage exclusion,ADJ-133,11,2.0,
IS-CLM-2025000261,2025-06-15,Property Damage,MO,E-Portal,249.52,2464.08,Simple,83,No,No,43.0,3.1,46.1,Partial Payment,,ADJ-101,2,3.0,
IS-CLM-2025000262,2025-06-12,Property Damage,TN,Phone,508.66,1306.09,Simple,84,Yes,No,54.8,4.3,59.2,Paid in Full,,ADJ-105,4,3.0,
IS-CLM-2025000263,2025-09-13,Comprehensive,IL,Phone,398.98,1737.7,Simple,30,No,No,105.8,3.9,109.8,Paid in Full,,ADJ-142,4,4.0,
IS-CLM-2025000264,2025-09-06,Property Damage,MD,Fax/EDI,1156.18,4359.34,Complex,15,Yes,No,58.1,59.0,117.1,Partial Payment,,ADJ-144,15,,
IS-CLM-2025000265,2025-07-05,Bodily Injury,MI,E-Portal,301.71,1697.42,Simple,73,No,No,13.9,4.5,18.4,Settled,,ADJ-115,1,,
IS-CLM-2025000266,2025-08-16,Bodily Injury,MD,Phone,759.5,26116.63,Moderate,27,Yes,Yes,123.5,8.4,131.9,Settled,,ADJ-115,6,3.0,
IS-CLM-2025000267,2025-07-10,Property Damage,NC,Phone,492.93,3869.29,Simple,35,No,Yes,8.7,8.5,17.1,Paid in Full,,ADJ-143,4,,
IS-CLM-2025000268,2025-06-05,Collision,GA,E-Portal,419.53,10379.03,Complex,31,Yes,Yes,116.6,26.1,142.6,Denied,Fraud suspected,ADJ-144,16,,
IS-CLM-2025000269,2025-08-02,Property Damage,TX,Phone,468.81,3939.72,Simple,88,No,No,13.9,4.2,18.2,Paid in Full,,ADJ-104,2,4.0,
IS-CLM-2025000270,2025-08-14,Property Damage,GA,E-Portal,301.79,1740.88,Simple,41,No,No,11.0,2.9,13.9,Paid in Full,,ADJ-139,3,4.0,
IS-CLM-2025000271,2025-07-07,Property Damage,IN,Fax/EDI,341.92,1374.17,Simple,38,No,No,52.4,4.7,57.1,Paid in Full,,ADJ-148,2,,
IS-CLM-2025000272,2025-09-18,Liability,MO,Fax/EDI,903.39,17627.87,Complex,53,No,No,62.5,29.5,92.0,Denied,Insufficient documentation,ADJ-134,10,,
IS-CLM-2025000273,2025-09-13,Bodily Injury,PA,E-Portal,776.45,31571.29,Complex,29,Yes,Yes,8.0,45.8,53.8,Paid in Full,,ADJ-116,18,3.0,
IS-CLM-2025000274,2025-11-29,Bodily Injury,PA,Fax/EDI,648.58,9875.71,Simple,78,No,No,73.8,5.4,79.2,Partial Payment,,ADJ-127,5,2.0,
IS-CLM-2025000275,2025-09-08,Liability,GA,Phone,698.9,16278.58,Moderate,58,Yes,Yes,90.5,12.4,102.9,Paid in Full,,ADJ-129,8,3.0,
IS-CLM-2025000276,2025-12-03,Liability,OH,Fax/EDI,858.32,8340.57,Moderate,38,No,No,26.3,24.9,51.3,Paid in Full,,ADJ-105,6,,
IS-CLM-2025000277,2025-10-29,Property Damage,MO,Fax/EDI,453.43,2368.13,Simple,82,No,No,71.4,3.6,75.0,Paid in Full,,ADJ-101,2,,
IS-CLM-2025000278,2025-12-07,Liability,NY,E-Portal,519.07,9408.93,Moderate,54,No,No,44.2,11.4,55.7,Paid in Full,,ADJ-145,12,,
IS-CLM-2025000279,2025-09-10,Collision,GA,Fax/EDI,345.61,924.93,Simple,73,No,No,66.9,8.9,75.8,Paid in Full,,ADJ-135,3,4.0,
IS-CLM-2025000280,2025-09-01,Property Damage,IN,Fax/EDI,392.86,6421.15,Simple,68,No,No,33.4,3.6,37.0,Paid in Full,,ADJ-149,3,,No
IS-CLM-2025000281,2025-09-03,Bodily Injury,VA,E-Portal,635.41,12440.9,Complex,25,Yes,Yes,107.2,25.3,132.5,Denied,Policy lapsed,ADJ-102,9,1.0,
IS-CLM-2025000282,2025-10-28,Comprehensive,WI,E-Portal,326.34,1990.24,Simple,89,No,Yes,9.3,10.2,19.5,Paid in Full,,ADJ-137,2,3.0,
IS-CLM-2025000283,2025-11-15,Collision,VA,E-Portal,230.26,2113.64,Simple,66,No,No,148.2,4.4,152.6,Partial Payment,,ADJ-142,4,3.0,
IS-CLM-2025000284,2025-12-05,Bodily Injury,MI,E-Portal,438.75,4032.26,Moderate,43,No,No,17.2,7.2,24.4,Paid in Full,,ADJ-135,3,4.0,
IS-CLM-2025000285,2025-06-20,Bodily Injury,TX,E-Portal,295.62,3769.4,Simple,69,No,Yes,4.1,11.4,15.5,Partial Payment,,ADJ-146,2,4.0,
IS-CLM-2025000286,2025-10-08,Collision,MD,E-Portal,583.32,21738.45,Complex,42,Yes,Yes,26.3,71.4,97.7,Paid in Full,,ADJ-140,12,,
IS-CLM-2025000287,2025-06-05,Bodily Injury,CA,Fax/EDI,1041.09,23145.66,Complex,57,Yes,Yes,79.8,57.1,136.9,Partial Payment,,ADJ-147,9,4.0,
IS-CLM-2025000288,2025-08-13,Collision,CA,Phone,1286.45,11458.59,Complex,21,Yes,Yes,14.6,23.6,38.3,Settled,,ADJ-112,6,,Yes
IS-CLM-2025000289,2025-10-13,Liability,PA,Phone,595.04,2778.14,Simple,54,No,No,3.0,13.1,16.1,Partial Payment,,ADJ-123,3,,
IS-CLM-2025000290,2025-06-21,Collision,MI,Phone,483.69,4141.74,Simple,59,No,No,56.4,3.8,60.2,Paid in Full,,ADJ-145,2,3.0,
IS-CLM-2025000291,2025-06-21,Collision,TX,Phone,862.17,14875.76,Moderate,47,Yes,No,95.2,20.5,115.8,Settled,,ADJ-145,5,2.0,Yes
IS-CLM-2025000292,2025-09-20,Bodily Injury,VA,Fax/EDI,877.28,31093.14,Complex,28,Yes,Yes,32.5,42.9,75.4,Denied,Fraud suspected,ADJ-103,8,3.0,
IS-CLM-2025000293,2025-11-25,Collision,WI,E-Portal,535.59,11538.94,Moderate,87,Yes,No,15.7,10.2,25.9,Denied,Filing deadline missed,ADJ-137,3,1.0,
IS-CLM-2025000294,2025-08-20,Bodily Injury,CA,Fax/EDI,379.61,1315.85,Simple,83,No,No,24.6,4.2,28.9,Paid in Full,,ADJ-146,4,,
IS-CLM-2025000295,2025-08-16,Liability,IL,E-Portal,909.29,13392.58,Complex,9,Yes,Yes,21.1,28.8,49.9,Paid in Full,,ADJ-144,13,3.0,
IS-CLM-2025000296,2025-12-11,Collision,PA,Phone,858.84,8824.67,Moderate,38,No,No,20.4,12.1,32.4,Paid in Full,,ADJ-148,8,5.0,
IS-CLM-2025000297,2025-09-20,Comprehensive,GA,E-Portal,437.39,12361.47,Moderate,65,Yes,Yes,134.8,14.0,148.8,Paid in Full,,ADJ-139,9,,No
IS-CLM-2025000298,2025-08-23,Comprehensive,CA,Fax/EDI,658.37,7816.09,Moderate,27,No,No,44.3,8.9,53.2,Settled,,ADJ-115,8,3.0,No
IS-CLM-2025000299,2025-09-05,Bodily Injury,TN,Fax/EDI,1248.07,20484.4,Complex,8,Yes,No,78.4,47.6,125.9,Paid in Full,,ADJ-119,17,3.0,
IS-CLM-2025000300,2025-06-19,Collision,FL,E-Portal,351.23,2825.07,Simple,85,No,No,30.4,4.3,34.7,Paid in Full,,ADJ-110,4,4.0,
IS-CLM-2025000301,2025-06-28,Collision,FL,E-Portal,331.49,772.34,Simple,50,No,No,11.2,3.7,14.9,Paid in Full,,ADJ-107,2,4.0,
IS-CLM-2025000302,2025-09-19,Bodily Injury,MD,E-Portal,627.82,12926.33,Moderate,52,Yes,Yes,66.6,14.9,81.5,Partial Payment,,ADJ-106,8,2.0,
IS-CLM-2025000303,2025-10-31,Property Damage,WA,Phone,386.19,2768.11,Simple,57,No,No,6.5,3.7,10.1,Partial Payment,,ADJ-150,1,,
IS-CLM-2025000304,2025-10-22,Collision,GA,E-Portal,378.86,6762.3,Moderate,39,Yes,No,86.6,14.5,101.1,Paid in Full,,ADJ-109,7,5.0,
IS-CLM-2025000305,2025-10-05,Bodily Injury,PA,Phone,890.62,5078.75,Moderate,44,Yes,No,94.7,15.9,110.7,Paid in Full,,ADJ-105,8,4.0,
IS-CLM-2025000306,2025-08-03,Property Damage,MA,Phone,454.89,1635.95,Simple,92,No,No,97.5,4.3,101.8,Paid in Full,,ADJ-120,1,,
IS-CLM-2025000307,2025-08-25,Collision,WA,Fax/EDI,423.25,2434.99,Simple,69,No,No,3.2,4.5,7.7,Paid in Full,,ADJ-142,5,3.0,
IS-CLM-2025000308,2025-08-22,Liability,WA,Phone,408.85,5843.52,Simple,38,No,No,19.6,5.0,24.5,Paid in Full,,ADJ-121,3,,
IS-CLM-2025000309,2025-11-10,Bodily Injury,MA,Phone,1056.46,17460.1,Complex,65,Yes,Yes,8.0,49.1,57.1,Denied,Filing deadline missed,ADJ-126,10,2.0,
IS-CLM-2025000310,2025-10-23,Collision,OH,Fax/EDI,478.0,2759.22,Simple,66,No,No,6.4,12.0,18.4,Partial Payment,,ADJ-136,1,,
IS-CLM-2025000311,2025-09-27,Bodily Injury,OH,Fax/EDI,411.34,3926.23,Simple,72,No,No,59.7,6.6,66.3,Partial Payment,,ADJ-127,4,3.0,
IS-CLM-2025000312,2025-08-17,Bodily Injury,GA,Phone,605.65,4252.64,Simple,60,Yes,No,13.3,4.0,17.2,Paid in Full,,ADJ-125,1,3.0,
IS-CLM-2025000313,2025-11-01,Collision,MA,E-Portal,715.99,5863.93,Complex,32,Yes,No,33.8,26.1,59.8,Settled,,ADJ-145,11,4.0,
IS-CLM-2025000314,2025-12-20,Collision,MI,Phone,473.83,2586.52,Simple,77,No,No,16.5,3.6,20.1,Partial Payment,,ADJ-106,1,,
IS-CLM-2025000315,2025-11-16,Collision,MI,Phone,544.08,1254.21,Simple,76,No,No,63.2,3.8,67.1,Paid in Full,,ADJ-142,4,,
IS-CLM-2025000316,2025-08-24,Bodily Injury,TN,E-Portal,513.72,14033.69,Moderate,5,Yes,No,5.0,8.0,13.0,Settled,,ADJ-138,12,4.0,
IS-CLM-2025000317,2025-09-04,Liability,AZ,E-Portal,785.02,10082.04,Complex,15,Yes,Yes,8.0,35.3,43.3,Pending Review,,ADJ-102,12,,Yes
IS-CLM-2025000318,2025-09-15,Comprehensive,FL,Fax/EDI,656.87,3990.45,Moderate,74,No,No,84.2,16.7,100.9,Partial Payment,,ADJ-122,10,,
IS-CLM-2025000319,2025-10-12,Comprehensive,MA,Phone,510.69,4027.66,Simple,88,Yes,No,41.2,15.0,56.1,Denied,Exceeded policy limit,ADJ-121,1,3.0,
IS-CLM-2025000320,2025-12-25,Liability,NY,Fax/EDI,596.56,15952.77,Moderate,66,Yes,Yes,14.3,25.4,39.7,Settled,,ADJ-111,6,3.0,
IS-CLM-2025000321,2025-10-20,Comprehensive,IL,Phone,504.22,3537.14,Simple,80,No,No,3.0,12.1,15.1,Paid in Full,,ADJ-126,2,4.0,
IS-CLM-2025000322,2025-11-16,Comprehensive,TN,Fax/EDI,564.25,3650.69,Simple,65,No,No,50.2,3.1,53.3,Paid in Full,,ADJ-128,4,4.0,
IS-CLM-2025000323,2025-07-25,Bodily Injury,OH,Phone,606.51,2984.38,Simple,85,No,No,7.8,6.9,14.7,Paid in Full,,ADJ-137,1,,
IS-CLM-2025000324,2025-10-16,Property Damage,IL,Phone,800.78,8163.54,Moderate,45,Yes,No,36.9,21.6,58.5,Partial Payment,,ADJ-143,10,4.0,
IS-CLM-2025000325,2025-11-11,Collision,VA,Fax/EDI,292.18,906.32,Simple,89,No,No,3.0,5.7,8.7,Paid in Full,,ADJ-123,3,,
IS-CLM-2025000326,2025-11-06,Bodily Injury,IL,Fax/EDI,819.43,19610.85,Complex,39,Yes,Yes,139.1,36.6,175.7,Settled,,ADJ-140,14,4.0,
IS-CLM-2025000327,2025-07-05,Collision,VA,Fax/EDI,1009.28,15885.98,Complex,38,Yes,Yes,8.0,37.4,45.4,Partial Payment,,ADJ-110,13,4.0,
IS-CLM-2025000328,2025-10-31,Liability,PA,E-Portal,290.72,3478.04,Simple,30,No,No,13.1,2.1,15.2,Denied,Fraud suspected,ADJ-145,2,2.0,
IS-CLM-2025000329,2025-10-04,Comprehensive,NJ,E-Portal,269.54,1438.11,Simple,85,No,No,3.0,2.8,5.8,Paid in Full,,ADJ-123,1,3.0,
IS-CLM-2025000330,2025-07-20,Comprehensive,AZ,Fax/EDI,417.69,2206.67,Simple,46,No,No,15.1,11.7,26.8,Paid in Full,,ADJ-127,4,4.0,
IS-CLM-2025000331,2025-06-22,Bodily Injury,WI,Phone,522.9,1784.35,Simple,64,No,Yes,25.8,5.4,31.2,Paid in Full,,ADJ-119,2,,
IS-CLM-2025000332,2025-10-23,Property Damage,MA,E-Portal,283.13,5822.15,Simple,99,Yes,No,63.0,7.4,70.5,Denied,Pre-existing damage,ADJ-135,3,3.0,
IS-CLM-2025000333,2025-12-11,Property Damage,TX,Fax/EDI,810.96,4202.34,Complex,19,Yes,No,47.1,38.7,85.8,Partial Payment,,ADJ-148,18,,
IS-CLM-2025000334,2025-08-03,Property Damage,NJ,E-Portal,520.81,37140.5,Complex,11,Yes,Yes,42.4,25.9,68.3,Paid in Full,,ADJ-106,12,,
IS-CLM-2025000335,2025-07-01,Liability,GA,E-Portal,461.16,7883.07,Moderate,98,No,No,56.9,17.3,74.2,Paid in Full,,ADJ-146,12,,
IS-CLM-2025000336,2025-07-13,Bodily Injury,WA,E-Portal,443.33,3983.89,Moderate,11,No,No,13.6,18.6,32.1,Paid in Full,,ADJ-135,7,3.0,
IS-CLM-2025000337,2025-07-14,Liability,VA,Fax/EDI,577.91,5569.11,Moderate,34,Yes,No,5.0,32.5,37.5,Partial Payment,,ADJ-133,4,3.0,
IS-CLM-2025000338,2025-12-10,Collision,TN,Phone,492.89,2394.64,Simple,58,No,Yes,12.1,6.3,18.4,Partial Payment,,ADJ-109,2,3.0,
IS-CLM-2025000339,2025-08-22,Property Damage,GA,E-Portal,286.26,1707.4,Simple,83,No,No,3.0,4.9,7.9,Paid in Full,,ADJ-137,3,,
IS-CLM-2025000340,2025-09-05,Collision,MD,E-Portal,473.92,3487.92,Complex,37,Yes,No,46.8,41.6,88.4,Partial Payment,,ADJ-133,16,3.0,
IS-CLM-2025000341,2025-09-03,Property Damage,MD,E-Portal,268.53,4886.19,Simple,40,No,No,30.0,7.3,37.3,Paid in Full,,ADJ-150,1,,
IS-CLM-2025000342,2025-09-26,Comprehensive,MI,E-Portal,190.58,2057.48,Simple,99,No,No,76.8,2.3,79.0,Paid in Full,,ADJ-128,2,3.0,
IS-CLM-2025000343,2025-08-22,Bodily Injury,NJ,E-Portal,651.05,15211.14,Complex,49,Yes,Yes,34.8,26.0,60.8,Settled,,ADJ-132,17,4.0,
IS-CLM-2025000344,2025-11-22,Collision,TX,Phone,445.87,1383.34,Simple,89,No,Yes,3.0,11.7,14.7,Paid in Full,,ADJ-111,4,4.0,
IS-CLM-2025000345,2025-09-18,Comprehensive,OH,E-Portal,734.53,18092.32,Complex,40,Yes,Yes,79.4,15.9,95.4,Partial Payment,,ADJ-120,7,,
IS-CLM-2025000346,2025-08-10,Property Damage,FL,Fax/EDI,1147.96,7835.78,Complex,43,Yes,No,323.1,83.0,406.1,Partial Payment,,ADJ-142,7,3.0,
IS-CLM-2025000347,2025-11-08,Comprehensive,NJ,E-Portal,275.41,1575.41,Simple,39,No,No,110.9,5.8,116.7,Paid in Full,,ADJ-106,1,3.0,
IS-CLM-2025000348,2025-10-01,Liability,FL,Phone,560.0,6042.37,Moderate,53,Yes,No,77.1,24.1,101.2,Partial Payment,,ADJ-101,8,,
IS-CLM-2025000349,2025-09-17,Liability,PA,Fax/EDI,821.51,19560.5,Complex,5,Yes,Yes,151.1,18.3,169.4,Settled,,ADJ-107,6,4.0,
IS-CLM-2025000350,2025-08-16,Bodily Injury,PA,E-Portal,272.23,4899.87,Simple,41,No,No,23.6,5.6,29.2,Paid in Full,,ADJ-142,2,5.0,
IS-CLM-2025000351,2025-10-23,Comprehensive,CA,E-Portal,287.49,875.31,Simple,67,Yes,No,97.7,3.0,100.7,Paid in Full,,ADJ-114,2,,
IS-CLM-2025000352,2025-11-05,Property Damage,MD,Phone,1311.98,15652.91,Complex,41,Yes,Yes,35.7,42.1,77.8,Partial Payment,,ADJ-149,6,2.0,Yes
IS-CLM-2025000353,2025-09-07,Bodily Injury,MI,Phone,471.99,3814.96,Simple,50,No,No,56.4,5.6,62.0,Paid in Full,,ADJ-118,1,4.0,
IS-CLM-2025000354,2025-11-01,Collision,WA,E-Portal,291.85,2209.47,Simple,23,No,Yes,3.0,3.2,6.2,Paid in Full,,ADJ-143,3,4.0,
IS-CLM-2025000355,2025-11-03,Collision,IN,Phone,309.82,5611.72,Simple,87,No,No,72.9,5.2,78.1,Paid in Full,,ADJ-116,4,4.0,
IS-CLM-2025000356,2025-08-01,Comprehensive,MA,Fax/EDI,211.84,726.61,Simple,55,Yes,No,20.1,7.8,28.0,Denied,Coverage exclusion,ADJ-124,3,2.0,No
IS-CLM-2025000357,2025-10-24,Comprehensive,TN,E-Portal,750.31,26697.91,Complex,63,Yes,No,8.0,9.5,17.5,Paid in Full,,ADJ-150,6,3.0,
IS-CLM-2025000358,2025-06-18,Bodily Injury,CA,Fax/EDI,700.4,8058.4,Moderate,25,Yes,No,52.2,16.1,68.3,Settled,,ADJ-126,11,3.0,
IS-CLM-2025000359,2025-11-30,Comprehensive,IN,Phone,492.47,2068.4,Simple,74,No,No,39.7,2.7,42.5,Paid in Full,,ADJ-135,5,3.0,
IS-CLM-2025000360,2025-06-22,Comprehensive,NJ,E-Portal,502.83,5025.23,Moderate,48,Yes,No,9.4,12.2,21.6,Settled,,ADJ-135,8,3.0,
IS-CLM-2025000361,2025-11-10,Collision,FL,Fax/EDI,421.05,1316.06,Simple,30,No,No,55.2,6.7,61.9,Partial Payment,,ADJ-116,1,3.0,
IS-CLM-2025000362,2025-09-20,Comprehensive,NY,Fax/EDI,553.63,1164.66,Simple,82,No,No,6.7,7.8,14.5,Denied,Insufficient documentation,ADJ-143,2,4.0,
IS-CLM-2025000363,2025-11-29,Comprehensive,PA,E-Portal,786.15,14533.56,Complex,19,Yes,Yes,46.3,12.5,58.8,Denied,Fraud suspected,ADJ-134,17,,
IS-CLM-2025000364,2025-08-06,Comprehensive,IL,E-Portal,295.04,1970.72,Simple,74,No,No,54.7,9.5,64.3,Denied,Insufficient documentation,ADJ-108,1,1.0,
IS-CLM-2025000365,2025-09-18,Liability,NC,E-Portal,674.66,13961.53,Complex,51,Yes,No,9.0,57.0,66.0,Pending Review,,ADJ-132,12,,
IS-CLM-2025000366,2025-06-15,Collision,MA,Phone,309.48,2369.33,Simple,39,Yes,No,7.9,4.7,12.6,Paid in Full,,ADJ-150,1,,
IS-CLM-2025000367,2025-11-20,Property Damage,NY,Fax/EDI,403.48,1603.21,Simple,40,No,No,11.2,7.1,18.2,Paid in Full,,ADJ-101,2,3.0,
IS-CLM-2025000368,2025-09-02,Property Damage,AZ,Fax/EDI,279.66,1893.84,Simple,94,Yes,No,3.0,5.4,8.4,Denied,Coverage exclusion,ADJ-146,4,2.0,
IS-CLM-2025000369,2025-08-03,Comprehensive,TN,E-Portal,296.1,2223.04,Simple,26,No,No,51.9,5.9,57.8,Paid in Full,,ADJ-108,5,,No
IS-CLM-2025000370,2025-06-14,Liability,IL,E-Portal,442.29,6313.55,Moderate,53,Yes,No,14.0,18.8,32.8,Paid in Full,,ADJ-126,4,,
IS-CLM-2025000371,2025-08-12,Property Damage,NJ,Fax/EDI,375.16,904.4,Simple,79,No,No,3.0,4.0,7.0,Paid in Full,,ADJ-113,3,2.0,
IS-CLM-2025000372,2025-08-17,Comprehensive,WA,Phone,566.96,1205.57,Simple,71,No,No,60.0,5.0,65.0,Paid in Full,,ADJ-150,2,,
IS-CLM-2025000373,2025-10-18,Comprehensive,GA,E-Portal,605.08,6094.65,Moderate,27,No,No,11.8,7.7,19.5,Settled,,ADJ-135,8,,
IS-CLM-2025000374,2025-11-25,Liability,CA,E-Portal,222.99,4394.08,Simple,53,Yes,No,46.9,6.4,53.3,Denied,Pre-existing damage,ADJ-148,3,3.0,
IS-CLM-2025000375,2025-10-14,Comprehensive,GA,E-Portal,401.87,13369.28,Moderate,37,No,Yes,269.7,13.4,283.1,Paid in Full,,ADJ-110,7,4.0,No
IS-CLM-2025000376,2025-07-30,Bodily Injury,IN,Fax/EDI,922.07,19327.03,Moderate,32,No,No,29.1,7.1,36.3,Partial Payment,,ADJ-138,4,3.0,
IS-CLM-2025000377,2025-11-11,Property Damage,AZ,E-Portal,773.57,23314.41,Complex,60,Yes,Yes,8.0,38.4,46.4,Settled,,ADJ-119,9,,
IS-CLM-2025000378,2025-12-23,Collision,AZ,Fax/EDI,890.87,7544.77,Complex,14,Yes,Yes,140.5,60.2,200.7,Paid in Full,,ADJ-105,8,4.0,
IS-CLM-2025000379,2025-12-15,Comprehensive,WI,Phone,590.67,2370.21,Simple,61,Yes,Yes,36.0,2.4,38.4,Denied,Exceeded policy limit,ADJ-123,2,2.0,
IS-CLM-2025000380,2025-09-27,Collision,NC,Phone,515.96,4114.7,Simple,71,Yes,No,79.5,3.3,82.8,Paid in Full,,ADJ-146,5,3.0,
IS-CLM-2025000381,2025-08-23,Comprehensive,PA,Fax/EDI,396.72,3826.75,Simple,49,No,No,3.6,3.5,7.1,Paid in Full,,ADJ-104,3,5.0,
IS-CLM-2025000382,2025-07-15,Collision,CA,E-Portal,557.84,7276.14,Moderate,45,No,No,5.0,62.4,67.4,Paid in Full,,ADJ-136,6,2.0,
IS-CLM-2025000383,2025-06-27,Liability,PA,E-Portal,247.62,5061.23,Simple,60,No,No,31.3,6.7,38.0,Denied,Policy lapsed,ADJ-113,4,2.0,
IS-CLM-2025000384,2025-11-09,Bodily Injury,FL,Phone,969.64,14519.56,Complex,49,Yes,Yes,63.0,74.7,137.7,Paid in Full,,ADJ-102,6,4.0,
IS-CLM-2025000385,2025-11-13,Bodily Injury,MD,Phone,660.08,20003.33,Moderate,50,Yes,Yes,28.3,25.4,53.7,Paid in Full,,ADJ-122,4,4.0,
IS-CLM-2025000386,2025-09-27,Collision,TX,Phone,470.81,3648.67,Simple,66,No,No,30.3,7.2,37.5,Paid in Full,,ADJ-102,4,,
IS-CLM-2025000387,2025-07-15,Comprehensive,MI,E-Portal,268.76,785.76,Simple,58,No,No,4.3,3.6,7.9,Paid in Full,,ADJ-110,1,,
IS-CLM-2025000388,2025-11-05,Liability,GA,Phone,786.37,12562.64,Moderate,20,Yes,Yes,28.3,9.6,37.9,Denied,Exceeded policy limit,ADJ-104,4,2.0,
IS-CLM-2025000389,2025-07-06,Collision,TN,Phone,599.43,3577.39,Simple,80,No,No,50.7,7.1,57.8,Paid in Full,,ADJ-135,1,,No
IS-CLM-2025000390,2025-12-18,Property Damage,MI,Phone,627.93,2924.36,Simple,42,No,No,79.7,4.7,84.4,Settled,,ADJ-137,5,3.0,
IS-CLM-2025000391,2025-08-09,Collision,IL,Phone,466.87,1083.57,Simple,98,No,No,11.2,17.0,28.2,Partial Payment,,ADJ-150,3,4.0,
IS-CLM-2025000392,2025-09-29,Collision,IN,E-Portal,383.47,1787.05,Simple,77,No,Yes,19.1,3.8,22.9,Paid in Full,,ADJ-116,2,5.0,
IS-CLM-2025000393,2025-12-26,Bodily Injury,TX,Phone,729.61,7906.91,Moderate,60,No,No,22.1,27.1,49.3,Denied,Pre-existing damage,ADJ-112,5,3.0,
IS-CLM-2025000394,2025-08-21,Comprehensive,MI,E-Portal,654.07,9438.69,Complex,21,Yes,No,61.5,31.7,93.2,Paid in Full,,ADJ-137,14,4.0,
IS-CLM-2025000395,2025-07-19,Comprehensive,MA,Phone,404.78,523.76,Simple,44,Yes,No,90.2,4.8,95.0,Paid in Full,,ADJ-104,2,,Yes
IS-CLM-2025000396,2025-06-06,Comprehensive,IN,Phone,474.31,1318.79,Simple,73,No,No,6.9,5.8,12.7,Paid in Full,,ADJ-122,2,,
IS-CLM-2025000397,2025-08-22,Bodily Injury,TX,Phone,705.92,6002.77,Moderate,29,No,Yes,72.9,13.7,86.6,Paid in Full,,ADJ-134,8,,
IS-CLM-2025000398,2025-09-04,Collision,AZ,Phone,542.67,2054.0,Simple,89,No,No,32.6,4.1,36.7,Paid in Full,,ADJ-147,4,,
IS-CLM-2025000399,2025-10-03,Bodily Injury,VA,Fax/EDI,636.27,6232.66,Moderate,40,No,No,49.8,10.1,59.9,Paid in Full,,ADJ-140,8,4.0,
IS-CLM-2025000400,2025-10-29,Collision,IL,Phone,499.56,2187.0,Simple,77,No,No,13.6,7.2,20.8,Paid in Full,,ADJ-112,1,,
IS-CLM-2025000401,2025-10-25,Comprehensive,AZ,Phone,475.03,1109.74,Simple,75,No,Yes,27.6,3.9,31.5,Paid in Full,,ADJ-121,5,3.0,
IS-CLM-2025000402,2025-10-23,Bodily Injury,NY,E-Portal,310.91,5543.42,Simple,36,Yes,No,24.5,3.8,28.3,Paid in Full,,ADJ-116,3,,
IS-CLM-2025000403,2025-07-13,Property Damage,FL,Fax/EDI,623.77,11739.71,Moderate,70,Yes,Yes,54.9,19.9,74.8,Denied,Filing deadline missed,ADJ-129,3,2.0,
IS-CLM-2025000404,2025-08-03,Liability,FL,Phone,813.48,15888.8,Moderate,19,No,Yes,46.6,33.0,79.6,Partial Payment,,ADJ-104,9,3.0,
IS-CLM-2025000405,2025-09-16,Collision,IL,Phone,443.08,871.49,Simple,53,No,No,20.5,4.1,24.7,Paid in Full,,ADJ-135,4,4.0,
IS-CLM-2025000406,2025-10-01,Comprehensive,WI,E-Portal,488.91,1902.17,Moderate,21,No,Yes,5.0,15.9,20.9,Partial Payment,,ADJ-103,7,2.0,
IS-CLM-2025000407,2025-08-06,Property Damage,NY,Phone,1195.38,47202.58,Complex,5,Yes,Yes,8.0,54.9,62.9,Paid in Full,,ADJ-105,13,,
IS-CLM-2025000408,2025-06-24,Collision,VA,E-Portal,232.56,1175.9,Simple,86,No,No,3.4,1.7,5.1,Paid in Full,,ADJ-102,4,,
IS-CLM-2025000409,2025-07-13,Bodily Injury,WA,Phone,710.3,2029.33,Moderate,47,Yes,Yes,71.7,21.1,92.8,Paid in Full,,ADJ-113,9,,
IS-CLM-2025000410,2025-12-02,Comprehensive,MO,E-Portal,271.9,2435.04,Simple,76,No,Yes,27.1,13.0,40.1,Settled,,ADJ-137,5,,
IS-CLM-2025000411,2025-07-10,Collision,TX,E-Portal,281.71,2444.58,Simple,54,No,No,21.4,6.7,28.1,Paid in Full,,ADJ-139,4,4.0,
IS-CLM-2025000412,2025-06-07,Property Damage,OH,E-Portal,520.11,11372.47,Moderate,54,Yes,Yes,110.7,16.1,126.8,Paid in Full,,ADJ-108,7,,Yes
IS-CLM-2025000413,2025-09-29,Comprehensive,MA,Phone,472.66,1451.36,Simple,65,No,No,6.1,3.4,9.5,Paid in Full,,ADJ-125,2,5.0,
IS-CLM-2025000414,2025-09-06,Collision,MI,Fax/EDI,559.24,4959.74,Moderate,41,Yes,No,29.8,50.2,80.0,Paid in Full,,ADJ-117,6,,
IS-CLM-2025000415,2025-10-23,Bodily Injury,TX,Phone,350.66,13160.21,Simple,34,No,No,56.9,6.5,63.4,Paid in Full,,ADJ-135,4,,
IS-CLM-2025000416,2025-10-29,Comprehensive,GA,Fax/EDI,340.81,3064.53,Simple,95,No,No,55.8,7.0,62.7,Partial Payment,,ADJ-127,5,,No
IS-CLM-2025000417,2025-09-30,Comprehensive,WI,E-Portal,222.6,5354.59,Simple,24,No,No,3.0,5.3,8.3,Paid in Full,,ADJ-146,1,4.0,
IS-CLM-2025000418,2025-10-11,Collision,WI,Phone,1072.99,7747.12,Complex,5,Yes,No,8.0,55.8,63.8,Partial Payment,,ADJ-112,7,,Yes
IS-CLM-2025000419,2025-12-24,Comprehensive,OH,Fax/EDI,488.81,6453.26,Simple,66,Yes,No,38.2,5.1,43.3,Partial Payment,,ADJ-113,2,,
IS-CLM-2025000420,2025-08-06,Liability,VA,Phone,393.03,5744.46,Simple,50,No,No,11.9,7.1,19.0,Partial Payment,,ADJ-125,5,2.0,
IS-CLM-2025000421,2025-08-23,Comprehensive,NC,Phone,467.58,739.9,Simple,49,No,No,70.2,2.5,72.7,Paid in Full,,ADJ-138,5,,
IS-CLM-2025000422,2025-06-29,Bodily Injury,TN,Phone,837.3,85000.0,Complex,56,Yes,No,187.9,64.6,252.5,Pending Review,,ADJ-107,14,,
IS-CLM-2025000423,2025-12-19,Bodily Injury,NJ,E-Portal,763.23,22166.89,Complex,19,Yes,Yes,137.2,27.6,164.8,Denied,Filing deadline missed,ADJ-125,15,1.0,
IS-CLM-2025000424,2025-11-03,Property Damage,MA,Fax/EDI,320.81,3567.39,Simple,42,No,No,157.6,7.9,165.5,Paid in Full,,ADJ-144,4,4.0,No
IS-CLM-2025000425,2025-08-24,Property Damage,GA,Fax/EDI,726.28,6325.5,Moderate,52,No,No,71.9,11.8,83.7,Partial Payment,,ADJ-102,8,,
IS-CLM-2025000426,2025-08-17,Collision,NJ,Phone,383.69,5645.76,Simple,46,No,No,21.8,8.0,29.8,Paid in Full,,ADJ-107,2,4.0,
IS-CLM-2025000427,2025-12-08,Liability,MD,E-Portal,542.83,9130.98,Complex,7,Yes,No,8.0,20.2,28.2,Paid in Full,,ADJ-139,15,4.0,
IS-CLM-2025000428,2025-09-22,Comprehensive,OH,Fax/EDI,637.23,9812.74,Moderate,53,Yes,No,8.7,23.5,32.2,Denied,Fraud suspected,ADJ-124,3,2.0,Yes
IS-CLM-2025000429,2025-07-11,Comprehensive,FL,Phone,375.77,2249.55,Simple,65,No,No,15.7,6.6,22.3,Paid in Full,,ADJ-134,5,4.0,
IS-CLM-2025000430,2025-07-20,Liability,OH,E-Portal,531.78,9563.32,Moderate,42,Yes,No,107.6,17.6,125.2,Paid in Full,,ADJ-124,6,4.0,
IS-CLM-2025000431,2025-12-28,Bodily Injury,MD,E-Portal,689.58,49544.21,Complex,60,Yes,Yes,132.4,18.9,151.3,Settled,,ADJ-102,8,4.0,Yes
IS-CLM-2025000432,2025-10-31,Comprehensive,MD,E-Portal,507.36,22984.95,Moderate,70,No,Yes,97.3,13.8,111.1,Denied,Filing deadline missed,ADJ-123,5,,
IS-CLM-2025000433,2025-08-06,Collision,FL,Fax/EDI,830.21,4067.72,Moderate,52,Yes,No,6.6,24.2,30.8,Partial Payment,,ADJ-137,6,,
IS-CLM-2025000434,2025-11-13,Liability,GA,E-Portal,875.92,25313.75,Complex,11,Yes,Yes,199.4,21.8,221.2,Paid in Full,,ADJ-102,18,,
IS-CLM-2025000435,2025-12-14,Property Damage,CA,E-Portal,286.13,2469.94,Simple,63,Yes,No,18.6,5.5,24.1,Paid in Full,,ADJ-101,2,2.0,
IS-CLM-2025000436,2025-12-24,Property Damage,NJ,Phone,445.39,3909.92,Simple,62,No,No,45.7,2.5,48.2,Paid in Full,,ADJ-125,3,5.0,
IS-CLM-2025000437,2025-07-26,Property Damage,MD,E-Portal,624.54,4033.13,Moderate,11,Yes,No,76.7,12.9,89.6,Partial Payment,,ADJ-138,4,3.0,
IS-CLM-2025000438,2025-11-17,Liability,MI,Phone,1013.52,4898.33,Complex,25,Yes,No,16.0,18.0,34.0,Paid in Full,,ADJ-144,6,4.0,
IS-CLM-2025000439,2025-08-26,Liability,NC,Fax/EDI,652.22,7148.87,Moderate,42,No,No,7.0,25.9,32.8,Partial Payment,,ADJ-142,7,2.0,
IS-CLM-2025000440,2025-10-11,Bodily Injury,GA,Phone,560.85,1728.8,Simple,55,No,No,17.5,14.1,31.6,Paid in Full,,ADJ-139,4,,
IS-CLM-2025000441,2025-11-22,Property Damage,PA,Fax/EDI,404.39,1803.17,Simple,98,No,No,188.8,7.0,195.8,Denied,Filing deadline missed,ADJ-127,4,3.0,
IS-CLM-2025000442,2025-06-10,Collision,WI,Phone,1317.36,7441.15,Complex,39,Yes,No,28.8,27.6,56.4,Settled,,ADJ-115,15,2.0,
IS-CLM-2025000443,2025-12-18,Collision,MA,E-Portal,265.4,1146.17,Simple,28,No,No,19.9,1.8,21.6,Paid in Full,,ADJ-111,5,4.0,
IS-CLM-2025000444,2025-06-25,Liability,MA,E-Portal,238.46,1769.96,Simple,61,No,No,5.5,3.8,9.2,Partial Payment,,ADJ-112,3,,
IS-CLM-2025000445,2025-07-27,Collision,MI,E-Portal,659.87,17872.18,Complex,13,Yes,Yes,217.8,34.6,252.3,Paid in Full,,ADJ-122,10,4.0,
IS-CLM-2025000446,2025-08-15,Property Damage,MD,E-Portal,291.37,2724.87,Simple,69,No,No,14.0,3.2,17.3,Paid in Full,,ADJ-138,5,,
IS-CLM-2025000447,2025-06-19,Comprehensive,MA,E-Portal,449.07,3192.68,Moderate,27,Yes,No,38.5,20.6,59.1,Denied,Exceeded policy limit,ADJ-134,7,3.0,
IS-CLM-2025000448,2025-07-09,Collision,PA,Phone,315.65,846.66,Simple,56,No,No,8.3,5.1,13.4,Paid in Full,,ADJ-130,2,3.0,
IS-CLM-2025000449,2025-12-01,Liability,IL,E-Portal,847.18,15702.53,Complex,5,Yes,Yes,14.9,59.8,74.7,Paid in Full,,ADJ-112,10,,
IS-CLM-2025000450,2025-06-02,Comprehensive,MD,E-Portal,249.07,2412.8,Simple,56,No,No,38.1,4.0,42.1,Paid in Full,,ADJ-149,2,4.0,
IS-CLM-2025000451,2025-12-13,Collision,FL,E-Portal,387.88,3677.52,Simple,40,No,No,73.0,10.0,83.0,Paid in Full,,ADJ-131,4,4.0,
IS-CLM-2025000452,2025-10-15,Collision,OH,E-Portal,584.7,6170.05,Moderate,22,No,No,5.0,8.5,13.5,Paid in Full,,ADJ-149,11,4.0,
IS-CLM-2025000453,2025-11-21,Bodily Injury,CA,E-Portal,467.7,7174.56,Moderate,23,Yes,No,20.2,14.5,34.8,Settled,,ADJ-123,7,4.0,
IS-CLM-2025000454,2025-09-07,Comprehensive,IN,Fax/EDI,317.82,1114.0,Simple,68,Yes,Yes,7.6,5.3,12.9,Paid in Full,,ADJ-119,4,,
IS-CLM-2025000455,2025-10-31,Property Damage,IN,E-Portal,782.04,19099.57,Complex,55,Yes,No,148.9,15.4,164.3,Settled,,ADJ-132,10,,
IS-CLM-2025000456,2025-07-13,Liability,AZ,E-Portal,296.64,2702.3,Simple,60,No,No,28.2,7.0,35.2,Partial Payment,,ADJ-138,5,2.0,
IS-CLM-2025000457,2025-09-02,Property Damage,TX,Fax/EDI,403.9,4339.72,Simple,91,No,No,118.9,4.5,123.4,Partial Payment,,ADJ-139,1,,
IS-CLM-2025000458,2025-11-15,Property Damage,CA,Fax/EDI,668.84,5023.79,Moderate,55,Yes,No,32.9,11.1,44.1,Denied,Fraud suspected,ADJ-117,10,,
IS-CLM-2025000459,2025-07-23,Comprehensive,CA,Phone,590.51,2160.84,Simple,50,No,No,58.0,3.4,61.4,Paid in Full,,ADJ-118,5,,
IS-CLM-2025000460,2025-07-06,Collision,TN,Fax/EDI,740.07,6350.46,Moderate,63,Yes,Yes,40.9,17.3,58.3,Denied,Coverage exclusion,ADJ-107,10,2.0,
IS-CLM-2025000461,2025-07-22,Collision,NC,E-Portal,339.52,687.5,Simple,38,No,No,76.7,2.7,79.5,Partial Payment,,ADJ-111,1,3.0,
IS-CLM-2025000462,2025-07-24,Bodily Injury,MA,Fax/EDI,1058.66,28058.87,Complex,50,Yes,Yes,8.0,20.4,28.4,Settled,,ADJ-108,18,3.0,
IS-CLM-2025000463,2025-10-05,Property Damage,PA,Phone,553.75,1658.58,Simple,63,No,No,17.5,7.1,24.6,Paid in Full,,ADJ-147,1,,
IS-CLM-2025000464,2025-11-12,Comprehensive,GA,E-Portal,651.31,8218.09,Moderate,56,No,No,12.0,20.4,32.4,Settled,,ADJ-104,4,,
IS-CLM-2025000465,2025-06-11,Bodily Injury,NJ,Phone,1149.98,7232.19,Complex,31,Yes,No,52.5,26.9,79.4,Partial Payment,,ADJ-108,6,,
IS-CLM-2025000466,2025-06-12,Comprehensive,CA,Phone,428.03,2248.16,Simple,40,No,No,40.3,5.7,46.0,Partial Payment,,ADJ-123,4,,
IS-CLM-2025000467,2025-08-08,Collision,FL,Phone,439.93,1947.78,Simple,99,No,No,31.6,6.2,37.7,Paid in Full,,ADJ-126,4,2.0,No
IS-CLM-2025000468,2025-09-07,Property Damage,MA,E-Portal,259.33,6385.1,Simple,27,No,No,34.3,3.9,38.2,Paid in Full,,ADJ-108,2,,
IS-CLM-2025000469,2025-06-16,Liability,IL,Fax/EDI,592.32,11987.43,Moderate,72,Yes,Yes,22.5,13.6,36.1,Settled,,ADJ-144,10,4.0,
IS-CLM-2025000470,2025-09-06,Property Damage,MI,Phone,461.45,2132.1,Simple,75,No,No,40.0,5.2,45.2,Paid in Full,,ADJ-147,2,2.0,No
IS-CLM-2025000471,2025-10-03,Collision,NY,E-Portal,441.76,4639.99,Moderate,76,Yes,No,5.0,15.1,20.1,Partial Payment,,ADJ-142,8,4.0,
IS-CLM-2025000472,2025-11-21,Collision,IN,E-Portal,413.92,1591.53,Simple,33,No,No,35.5,2.7,38.2,Paid in Full,,ADJ-143,3,3.0,
IS-CLM-2025000473,2025-11-24,Comprehensive,WA,E-Portal,563.71,7633.23,Moderate,35,No,No,54.8,24.5,79.3,Partial Payment,,ADJ-142,9,4.0,No
IS-CLM-2025000474,2025-10-21,Collision,WA,E-Portal,709.99,12483.36,Complex,26,Yes,No,170.8,52.6,223.4,Paid in Full,,ADJ-132,18,5.0,Yes
IS-CLM-2025000475,2025-12-10,Comprehensive,MA,Fax/EDI,422.54,1028.36,Simple,95,No,No,3.5,2.6,6.1,Partial Payment,,ADJ-133,2,3.0,
IS-CLM-2025000476,2025-09-05,Collision,AZ,Phone,858.13,9460.61,Moderate,40,Yes,No,57.5,18.5,76.1,Paid in Full,,ADJ-106,10,4.0,
IS-CLM-2025000477,2025-07-01,Comprehensive,MA,E-Portal,839.33,21125.13,Complex,11,Yes,Yes,98.9,24.8,123.7,Partial Payment,,ADJ-103,13,3.0,
IS-CLM-2025000478,2025-06-24,Collision,WA,E-Portal,279.61,816.93,Simple,58,No,No,9.6,4.0,13.6,Partial Payment,,ADJ-142,4,,
IS-CLM-2025000479,2025-09-02,Collision,TX,E-Portal,304.17,4371.39,Simple,66,No,No,3.8,7.6,11.4,Paid in Full,,ADJ-139,4,,
IS-CLM-2025000480,2025-09-02,Property Damage,MD,E-Portal,588.91,14014.96,Complex,71,Yes,Yes,194.8,21.0,215.8,Denied,Filing deadline missed,ADJ-141,17,1.0,
IS-CLM-2025000481,2025-10-12,Property Damage,MI,Fax/EDI,479.62,3376.8,Simple,61,Yes,No,14.0,4.3,18.3,Paid in Full,,ADJ-109,4,4.0,
IS-CLM-2025000482,2025-11-04,Comprehensive,OH,Fax/EDI,504.23,1344.95,Simple,47,No,No,21.0,3.5,24.5,Partial Payment,,ADJ-130,2,,
IS-CLM-2025000483,2025-06-28,Collision,TN,E-Portal,233.25,6438.48,Simple,72,No,No,18.4,3.7,22.1,Partial Payment,,ADJ-129,4,,
IS-CLM-2025000484,2025-10-08,Liability,PA,E-Portal,421.44,6194.05,Moderate,80,Yes,No,66.4,15.9,82.3,Paid in Full,,ADJ-136,9,,
IS-CLM-2025000485,2025-10-02,Bodily Injury,IN,Phone,472.4,982.07,Simple,64,No,Yes,22.9,8.5,31.4,Partial Payment,,ADJ-109,1,3.0,
IS-CLM-2025000486,2025-11-01,Bodily Injury,WA,Fax/EDI,583.16,9290.64,Complex,34,Yes,No,83.6,37.9,121.5,Paid in Full,,ADJ-145,17,3.0,
IS-CLM-2025000487,2025-09-10,Collision,VA,Phone,439.89,3556.98,Simple,72,No,No,73.6,3.9,77.5,Settled,,ADJ-127,5,,No
IS-CLM-2025000488,2025-12-09,Comprehensive,IN,E-Portal,277.28,1901.7,Simple,82,No,No,9.0,4.1,13.1,Denied,Insufficient documentation,ADJ-136,2,1.0,No
IS-CLM-2025000489,2025-11-07,Comprehensive,NJ,E-Portal,290.82,2382.41,Simple,35,No,No,93.1,4.8,97.9,Paid in Full,,ADJ-146,2,4.0,
IS-CLM-2025000490,2025-11-25,Collision,VA,E-Portal,274.87,3259.7,Simple,72,No,No,26.5,2.6,29.1,Paid in Full,,ADJ-138,5,,
IS-CLM-2025000491,2025-11-29,Property Damage,TN,E-Portal,475.51,17451.73,Moderate,63,No,No,42.2,4.5,46.7,Settled,,ADJ-128,3,3.0,
IS-CLM-2025000492,2025-06-07,Liability,AZ,E-Portal,530.34,1474.66,Moderate,61,Yes,No,18.3,8.6,26.9,Paid in Full,,ADJ-119,7,4.0,
IS-CLM-2025000493,2025-06-16,Collision,NJ,E-Portal,210.49,1241.67,Simple,66,No,No,16.0,4.4,20.3,Settled,,ADJ-129,1,,No
IS-CLM-2025000494,2025-11-20,Liability,MO,E-Portal,490.91,5069.39,Moderate,56,No,No,5.0,12.6,17.6,Denied,Policy lapsed,ADJ-145,7,,
IS-CLM-2025000495,2025-06-13,Property Damage,AZ,Fax/EDI,566.14,1073.55,Simple,99,No,No,21.9,5.9,27.8,Partial Payment,,ADJ-136,1,3.0,
IS-CLM-2025000496,2025-08-04,Collision,OH,Phone,748.48,7618.16,Moderate,13,No,No,81.3,32.2,113.6,Paid in Full,,ADJ-115,8,,
IS-CLM-2025000497,2025-10-18,Comprehensive,WA,E-Portal,379.28,1718.33,Simple,72,No,Yes,17.6,9.8,27.4,Denied,Exceeded policy limit,ADJ-144,1,1.0,
IS-CLM-2025000498,2025-07-15,Comprehensive,IN,E-Portal,308.63,1172.96,Simple,71,No,Yes,24.8,5.1,29.9,Denied,Policy lapsed,ADJ-117,1,2.0,
IS-CLM-2025000499,2025-11-29,Collision,PA,Phone,819.02,14999.71,Moderate,58,Yes,Yes,33.7,14.5,48.2,Paid in Full,,ADJ-141,12,,Yes
IS-CLM-2025000500,2025-08-17,Property Damage,MA,E-Portal,679.68,21072.18,Complex,26,Yes,Yes,27.1,42.4,69.5,Denied,Insufficient documentation,ADJ-121,13,1.0,
IS-CLM-2025000501,2025-07-18,Property Damage,IN,E-Portal,217.39,3884.33,Simple,40,Yes,No,15.9,1.8,17.7,Paid in Full,,ADJ-123,2,,
IS-CLM-2025000502,2025-11-17,Comprehensive,VA,Fax/EDI,573.85,1701.44,Simple,31,No,No,172.0,8.8,180.8,Partial Payment,,ADJ-140,5,3.0,
IS-CLM-2025000503,2025-10-22,Bodily Injury,CA,E-Portal,638.5,29778.93,Complex,5,Yes,Yes,129.0,46.6,175.6,Paid in Full,,ADJ-140,14,4.0,No
IS-CLM-2025000504,2025-06-11,Collision,VA,E-Portal,848.24,27530.71,Complex,5,Yes,Yes,55.1,27.4,82.4,Paid in Full,,ADJ-117,13,,
IS-CLM-2025000505,2025-06-07,Collision,IN,E-Portal,443.6,4720.89,Moderate,20,Yes,No,27.3,10.9,38.1,Paid in Full,,ADJ-103,7,,
IS-CLM-2025000506,2025-07-20,Comprehensive,VA,E-Portal,325.97,2805.04,Simple,73,No,No,78.3,9.9,88.2,Paid in Full,,ADJ-150,5,3.0,
IS-CLM-2025000507,2025-11-08,Collision,FL,Phone,386.25,643.74,Simple,88,No,No,15.2,8.0,23.2,Denied,Insufficient documentation,ADJ-128,1,2.0,No
IS-CLM-2025000508,2025-11-27,Bodily Injury,TN,Phone,1210.04,7695.22,Complex,7,No,Yes,65.9,45.0,110.8,Paid in Full,,ADJ-130,16,5.0,
IS-CLM-2025000509,2025-06-23,Comprehensive,FL,E-Portal,350.15,2002.44,Simple,92,No,No,3.0,15.5,18.5,Paid in Full,,ADJ-115,3,2.0,
IS-CLM-2025000510,2025-09-24,Collision,AZ,Phone,439.95,1720.35,Simple,28,Yes,Yes,6.0,4.0,10.0,Denied,Fraud suspected,ADJ-147,5,2.0,
IS-CLM-2025000511,2025-12-08,Property Damage,WI,Fax/EDI,452.75,4095.17,Simple,99,Yes,Yes,25.8,9.7,35.5,Paid in Full,,ADJ-144,3,,
IS-CLM-2025000512,2025-08-12,Collision,MD,Phone,416.04,635.66,Simple,40,No,No,49.4,5.8,55.2,Denied,Policy lapsed,ADJ-135,2,2.0,
IS-CLM-2025000513,2025-09-09,Collision,MO,Phone,796.44,18417.1,Moderate,67,Yes,No,5.0,12.1,17.1,Paid in Full,,ADJ-147,8,,
IS-CLM-2025000514,2025-06-03,Comprehensive,MO,Fax/EDI,457.84,1418.54,Simple,83,Yes,No,5.0,3.8,8.8,Partial Payment,,ADJ-126,5,4.0,
IS-CLM-2025000515,2025-06-22,Comprehensive,NJ,Fax/EDI,407.9,2191.9,Simple,81,No,No,154.0,7.7,161.7,Settled,,ADJ-114,4,,
IS-CLM-2025000516,2025-10-10,Collision,PA,Fax/EDI,445.62,1066.81,Simple,62,No,No,3.0,9.1,12.1,Paid in Full,,ADJ-113,1,4.0,
IS-CLM-2025000517,2025-12-22,Comprehensive,WI,E-Portal,340.77,3058.57,Simple,63,No,No,43.0,5.6,48.7,Paid in Full,,ADJ-130,5,3.0,
IS-CLM-2025000518,2025-11-19,Liability,FL,E-Portal,406.05,13158.86,Moderate,70,Yes,Yes,17.2,23.9,41.0,Paid in Full,,ADJ-122,8,4.0,
IS-CLM-2025000519,2025-11-15,Collision,GA,Phone,732.99,4349.59,Moderate,73,Yes,No,33.8,18.3,52.2,Settled,,ADJ-132,10,3.0,
IS-CLM-2025000520,2025-11-16,Collision,NJ,E-Portal,525.01,5595.4,Moderate,17,Yes,No,5.9,16.6,22.5,Settled,,ADJ-121,9,4.0,
IS-CLM-2025000521,2025-08-20,Collision,GA,Fax/EDI,463.86,2719.32,Simple,20,No,No,4.0,7.6,11.6,Paid in Full,,ADJ-118,3,5.0,
IS-CLM-2025000522,2025-12-05,Collision,VA,E-Portal,315.57,3604.01,Simple,92,No,No,16.6,5.7,22.3,Paid in Full,,ADJ-120,4,2.0,
IS-CLM-2025000523,2025-07-15,Collision,WA,Fax/EDI,534.47,2689.82,Simple,63,No,No,47.2,4.4,51.7,Paid in Full,,ADJ-117,1,,
IS-CLM-2025000524,2025-06-05,Collision,IN,Phone,759.86,3721.17,Moderate,52,No,No,11.2,41.6,52.8,Denied,Pre-existing damage,ADJ-103,11,3.0,
IS-CLM-2025000525,2025-10-17,Bodily Injury,MA,Fax/EDI,453.07,5008.34,Simple,84,Yes,No,15.8,3.0,18.8,Settled,,ADJ-150,5,,
IS-CLM-2025000526,2025-08-14,Collision,PA,Phone,504.55,1088.88,Simple,64,No,No,103.5,2.5,105.9,Paid in Full,,ADJ-133,1,,
IS-CLM-2025000527,2025-12-24,Collision,WA,Fax/EDI,469.65,860.99,Simple,75,No,Yes,37.8,3.8,41.6,Denied,Policy lapsed,ADJ-137,2,,
IS-CLM-2025000528,2025-10-02,Comprehensive,MI,Phone,351.12,1017.12,Simple,48,No,No,103.7,6.7,110.4,Paid in Full,,ADJ-124,2,4.0,
IS-CLM-2025000529,2025-07-23,Collision,IN,Fax/EDI,431.09,2120.42,Simple,73,No,No,15.1,4.4,19.5,Paid in Full,,ADJ-103,1,,
IS-CLM-2025000530,2025-08-22,Collision,NY,E-Portal,278.08,1031.37,Simple,72,No,No,5.9,2.8,8.7,Paid in Full,,ADJ-148,3,4.0,
IS-CLM-2025000531,2025-10-24,Collision,IL,Fax/EDI,550.07,13008.02,Moderate,84,Yes,Yes,63.1,22.0,85.1,Denied,Pre-existing damage,ADJ-105,11,3.0,
IS-CLM-2025000532,2025-07-28,Bodily Injury,IN,Fax/EDI,1076.38,24900.05,Complex,12,Yes,No,78.5,23.0,101.6,Settled,,ADJ-139,5,4.0,Yes
IS-CLM-2025000533,2025-07-06,Collision,MD,Fax/EDI,782.28,33326.73,Complex,5,Yes,Yes,26.0,15.1,41.1,Settled,,ADJ-114,7,4.0,
IS-CLM-2025000534,2025-09-01,Property Damage,WA,E-Portal,321.55,2304.55,Simple,59,Yes,No,42.1,3.1,45.2,Partial Payment,,ADJ-147,1,3.0,
IS-CLM-2025000535,2025-10-01,Collision,MA,E-Portal,283.99,2136.62,Simple,80,Yes,No,21.8,2.7,24.5,Partial Payment,,ADJ-102,2,3.0,
IS-CLM-2025000536,2025-10-25,Property Damage,WI,Fax/EDI,482.66,3032.52,Simple,37,No,Yes,141.3,6.0,147.3,Denied,Fraud suspected,ADJ-111,3,,
IS-CLM-2025000537,2025-10-11,Collision,AZ,Fax/EDI,917.71,22364.12,Complex,12,Yes,No,8.0,59.5,67.5,Partial Payment,,ADJ-143,18,2.0,
IS-CLM-2025000538,2025-06-22,Collision,OH,E-Portal,917.31,6593.39,Complex,17,No,No,8.0,50.2,58.2,Paid in Full,,ADJ-111,8,,
IS-CLM-2025000539,2025-11-01,Collision,PA,Phone,1090.49,27910.62,Complex,59,Yes,Yes,92.1,28.9,121.1,Paid in Full,,ADJ-143,13,4.0,
IS-CLM-2025000540,2025-12-03,Collision,VA,E-Portal,299.57,790.54,Simple,68,No,No,71.1,9.8,81.0,Partial Payment,,ADJ-125,4,2.0,Yes
IS-CLM-2025000541,2025-06-05,Liability,OH,E-Portal,624.87,3707.34,Moderate,30,No,No,73.3,10.6,83.9,Paid in Full,,ADJ-110,12,3.0,
IS-CLM-2025000542,2025-09-30,Liability,WA,Fax/EDI,1224.61,13540.9,Complex,18,Yes,Yes,10.9,22.1,33.0,Denied,Pre-existing damage,ADJ-131,15,4.0,
IS-CLM-2025000543,2025-11-02,Collision,MO,E-Portal,456.64,15270.7,Moderate,58,No,No,48.8,11.2,60.0,Paid in Full,,ADJ-134,9,4.0,
IS-CLM-2025000544,2025-06-12,Property Damage,IN,E-Portal,320.29,1264.03,Simple,83,No,No,25.0,2.4,27.4,Partial Payment,,ADJ-123,5,,
IS-CLM-2025000545,2025-12-12,Comprehensive,WI,Fax/EDI,623.51,1744.95,Simple,29,No,No,104.4,5.3,109.7,Partial Payment,,ADJ-106,3,4.0,
IS-CLM-2025000546,2025-10-18,Bodily Injury,TN,Phone,441.53,1622.37,Simple,59,Yes,Yes,127.8,7.5,135.2,Paid in Full,,ADJ-134,1,4.0,No
IS-CLM-2025000547,2025-09-05,Collision,OH,E-Portal,252.2,6587.68,Simple,99,No,No,63.2,3.7,66.9,Paid in Full,,ADJ-110,4,,
IS-CLM-2025000548,2025-08-04,Liability,NC,Phone,649.04,5241.39,Moderate,45,Yes,Yes,229.5,8.8,238.3,Partial Payment,,ADJ-144,9,,
IS-CLM-2025000549,2025-09-14,Collision,MO,Fax/EDI,327.54,3211.63,Simple,81,No,No,53.1,8.4,61.5,Partial Payment,,ADJ-117,3,3.0,
IS-CLM-2025000550,2025-12-16,Liability,AZ,E-Portal,263.28,6219.95,Simple,42,No,No,11.5,6.9,18.4,Paid in Full,,ADJ-129,2,2.0,
IS-CLM-2025000551,2025-10-09,Collision,AZ,Fax/EDI,797.25,9999.14,Complex,5,Yes,No,8.0,63.9,71.9,Paid in Full,,ADJ-104,7,4.0,
IS-CLM-2025000552,2025-11-10,Collision,CA,Fax/EDI,385.52,1950.4,Simple,43,No,No,61.7,2.9,64.6,Denied,Fraud suspected,ADJ-128,1,2.0,
IS-CLM-2025000553,2025-07-27,Comprehensive,MI,Fax/EDI,456.02,1673.72,Simple,49,No,No,9.4,7.3,16.7,Paid in Full,,ADJ-126,5,,
IS-CLM-2025000554,2025-08-13,Liability,WA,E-Portal,425.39,3563.46,Simple,99,No,No,43.5,5.0,48.6,Settled,,ADJ-113,5,3.0,
IS-CLM-2025000555,2025-06-09,Bodily Injury,WA,Fax/EDI,575.26,1317.51,Simple,47,No,No,48.4,5.9,54.4,Paid in Full,,ADJ-124,2,,No
IS-CLM-2025000556,2025-07-11,Property Damage,FL,Phone,498.11,1446.55,Simple,71,No,No,7.2,8.8,16.0,Settled,,ADJ-126,4,2.0,
IS-CLM-2025000557,2025-10-11,Bodily Injury,CA,E-Portal,363.79,27551.32,Complex,30,Yes,Yes,98.0,35.5,133.5,Denied,Filing deadline missed,ADJ-147,18,1.0,Yes
IS-CLM-2025000558,2025-10-28,Collision,MI,E-Portal,456.98,5896.07,Moderate,34,No,No,53.7,17.2,70.9,Paid in Full,,ADJ-113,10,,
IS-CLM-2025000559,2025-10-26,Property Damage,CA,E-Portal,415.02,9804.4,Moderate,50,Yes,No,7.5,24.8,32.3,Partial Payment,,ADJ-105,11,3.0,
IS-CLM-2025000560,2025-06-30,Property Damage,IN,E-Portal,333.89,1602.8,Simple,65,No,No,32.2,8.5,40.7,Paid in Full,,ADJ-145,4,,
IS-CLM-2025000561,2025-10-23,Comprehensive,MA,Phone,708.5,5631.5,Moderate,68,No,No,22.3,64.9,87.2,Paid in Full,,ADJ-130,10,,
IS-CLM-2025000562,2025-06-08,Property Damage,MA,Phone,438.62,2094.76,Simple,30,No,No,125.2,3.5,128.7,Paid in Full,,ADJ-115,2,,
IS-CLM-2025000563,2025-09-14,Comprehensive,MI,E-Portal,412.85,1322.98,Simple,99,Yes,No,18.5,6.4,24.9,Paid in Full,,ADJ-116,3,3.0,No
IS-CLM-2025000564,2025-11-20,Collision,VA,E-Portal,334.25,1160.47,Simple,99,Yes,No,17.4,4.0,21.4,Partial Payment,,ADJ-114,5,3.0,
IS-CLM-2025000565,2025-12-09,Collision,OH,Fax/EDI,394.89,1116.14,Simple,84,No,No,53.9,8.1,62.0,Paid in Full,,ADJ-117,2,3.0,
IS-CLM-2025000566,2025-08-03,Collision,WA,Phone,479.42,1741.34,Simple,66,No,Yes,13.2,8.1,21.3,Partial Payment,,ADJ-143,4,,
IS-CLM-2025000567,2025-12-13,Bodily Injury,MO,Fax/EDI,697.76,7887.14,Moderate,46,No,No,19.6,37.6,57.2,Paid in Full,,ADJ-137,7,4.0,
IS-CLM-2025000568,2025-12-13,Property Damage,IN,Phone,515.19,1182.55,Simple,61,No,Yes,42.6,5.0,47.6,Paid in Full,,ADJ-128,4,,
IS-CLM-2025000569,2025-06-09,Collision,IN,Fax/EDI,687.46,13383.36,Moderate,19,No,No,36.8,23.3,60.0,Partial Payment,,ADJ-108,11,4.0,
IS-CLM-2025000570,2025-11-24,Comprehensive,CA,E-Portal,349.81,3048.63,Simple,50,No,No,7.1,4.6,11.7,Paid in Full,,ADJ-124,5,,
IS-CLM-2025000571,2025-07-18,Collision,MO,E-Portal,283.88,386.02,Simple,53,No,No,76.0,5.3,81.4,Paid in Full,,ADJ-112,4,5.0,
IS-CLM-2025000572,2025-09-16,Collision,MI,E-Portal,229.65,3577.87,Simple,74,No,No,5.2,6.6,11.8,Paid in Full,,ADJ-137,2,,
IS-CLM-2025000573,2025-11-23,Collision,GA,E-Portal,577.96,9017.6,Moderate,57,No,No,152.5,9.7,162.2,Paid in Full,,ADJ-136,9,,
IS-CLM-2025000574,2025-07-21,Property Damage,PA,E-Portal,259.48,3095.43,Simple,99,No,No,106.1,3.5,109.6,Settled,,ADJ-101,2,4.0,
IS-CLM-2025000575,2025-07-05,Collision,IN,E-Portal,265.49,1802.51,Simple,59,No,No,18.1,3.1,21.2,Denied,Filing deadline missed,ADJ-137,1,2.0,
IS-CLM-2025000576,2025-11-24,Comprehensive,IL,E-Portal,333.84,2268.17,Simple,99,No,No,8.9,3.3,12.2,Partial Payment,,ADJ-107,4,,
IS-CLM-2025000577,2025-08-06,Collision,MI,Fax/EDI,822.37,5783.38,Moderate,7,Yes,No,133.3,9.5,142.7,Paid in Full,,ADJ-123,3,4.0,
IS-CLM-2025000578,2025-08-29,Property Damage,WA,Phone,782.6,15242.86,Moderate,56,Yes,No,10.0,33.2,43.2,Denied,Policy lapsed,ADJ-119,8,2.0,
IS-CLM-2025000579,2025-10-09,Comprehensive,MA,E-Portal,297.32,2086.27,Simple,59,No,No,33.5,10.7,44.2,Denied,Fraud suspected,ADJ-119,4,,Yes
IS-CLM-2025000580,2025-07-08,Collision,IL,E-Portal,487.74,11628.18,Moderate,69,No,Yes,219.2,12.9,232.1,Denied,Fraud suspected,ADJ-137,9,,
IS-CLM-2025000581,2025-06-19,Comprehensive,FL,Fax/EDI,582.11,1265.89,Simple,91,No,No,44.4,4.1,48.5,Denied,Filing deadline missed,ADJ-146,3,,
IS-CLM-2025000582,2025-09-10,Collision,NC,Fax/EDI,478.06,811.78,Simple,86,No,No,9.8,10.1,19.9,Paid in Full,,ADJ-134,4,4.0,
IS-CLM-2025000583,2025-07-18,Liability,CA,Phone,449.69,3871.97,Simple,67,No,No,89.5,4.5,94.0,Paid in Full,,ADJ-145,1,4.0,
IS-CLM-2025000584,2025-09-10,Comprehensive,NY,Fax/EDI,532.36,1412.29,Simple,92,No,No,20.2,2.1,22.3,Paid in Full,,ADJ-102,4,4.0,
IS-CLM-2025000585,2025-06-22,Comprehensive,NY,Fax/EDI,441.33,6159.9,Simple,44,Yes,No,113.8,3.7,117.5,Partial Payment,,ADJ-125,3,4.0,
IS-CLM-2025000586,2025-12-06,Collision,NJ,Phone,291.0,3237.26,Simple,80,Yes,No,3.6,3.5,7.1,Paid in Full,,ADJ-111,1,3.0,No
IS-CLM-2025000587,2025-08-31,Collision,VA,Phone,464.45,679.71,Simple,49,No,No,8.8,7.1,15.9,Paid in Full,,ADJ-118,5,3.0,
IS-CLM-2025000588,2025-11-26,Bodily Injury,MO,Phone,965.84,15044.83,Complex,25,Yes,No,22.4,37.5,59.9,Denied,Insufficient documentation,ADJ-128,13,,Yes
IS-CLM-2025000589,2025-10-15,Collision,NJ,Phone,523.38,2145.0,Simple,67,No,No,145.1,1.9,147.0,Settled,,ADJ-106,4,5.0,
IS-CLM-2025000590,2025-09-14,Bodily Injury,NC,E-Portal,367.55,8852.41,Moderate,90,Yes,No,24.3,8.0,32.3,Paid in Full,,ADJ-109,8,4.0,
IS-CLM-2025000591,2025-10-15,Bodily Injury,CA,E-Portal,738.65,27177.82,Complex,44,Yes,Yes,52.9,98.7,151.6,Denied,Filing deadline missed,ADJ-101,17,1.0,Yes
IS-CLM-2025000592,2025-08-14,Property Damage,WA,E-Portal,426.54,6092.46,Moderate,61,Yes,No,256.9,25.4,282.4,Paid in Full,,ADJ-136,9,2.0,
IS-CLM-2025000593,2025-07-12,Comprehensive,AZ,Fax/EDI,659.23,6561.55,Moderate,50,Yes,No,113.7,9.7,123.4,Partial Payment,,ADJ-134,12,,
IS-CLM-2025000594,2025-11-23,Liability,NC,E-Portal,283.98,1701.45,Simple,88,No,No,9.3,1.9,11.2,Settled,,ADJ-105,2,3.0,
IS-CLM-2025000595,2025-06-29,Property Damage,MD,Phone,1083.11,8815.62,Complex,20,Yes,No,11.9,16.2,28.1,Pending Review,,ADJ-113,10,,
IS-CLM-2025000596,2025-06-13,Property Damage,MO,E-Portal,495.06,7335.07,Moderate,21,Yes,No,82.0,25.0,106.9,Partial Payment,,ADJ-101,6,2.0,
IS-CLM-2025000597,2025-06-04,Collision,MA,Phone,466.96,1961.68,Simple,55,No,No,32.5,5.4,37.9,Paid in Full,,ADJ-132,3,4.0,
IS-CLM-2025000598,2025-12-20,Bodily Injury,TX,Fax/EDI,886.34,7521.1,Complex,5,Yes,Yes,8.0,93.2,101.2,Partial Payment,,ADJ-150,11,3.0,
IS-CLM-2025000599,2025-09-29,Liability,IL,E-Portal,718.98,6815.46,Complex,15,Yes,No,8.0,55.4,63.4,Denied,Pre-existing damage,ADJ-101,6,,
IS-CLM-2025000600,2025-11-30,Liability,GA,Phone,914.83,18051.99,Complex,28,No,Yes,52.6,41.2,93.8,Partial Payment,,ADJ-103,8,2.0,
IS-CLM-2025000601,2025-12-15,Bodily Injury,NY,E-Portal,299.35,5026.7,Simple,37,No,No,52.7,1.9,54.6,Partial Payment,,ADJ-144,3,,No
IS-CLM-2025000602,2025-07-11,Collision,TX,E-Portal,296.34,1549.1,Simple,80,No,No,9.4,3.5,13.0,Paid in Full,,ADJ-120,2,3.0,
IS-CLM-2025000603,2025-06-14,Collision,OH,Fax/EDI,647.11,6587.08,Moderate,47,Yes,No,84.0,21.7,105.7,Partial Payment,,ADJ-101,5,,
IS-CLM-2025000604,2025-10-28,Collision,NY,Fax/EDI,609.8,8323.12,Moderate,31,Yes,No,86.5,14.4,100.9,Settled,,ADJ-138,10,,
IS-CLM-2025000605,2025-07-10,Bodily Injury,MI,Fax/EDI,1123.19,56422.07,Complex,6,Yes,Yes,153.4,124.0,277.4,Paid in Full,,ADJ-144,14,3.0,
IS-CLM-2025000606,2025-12-12,Property Damage,TX,Fax/EDI,419.2,1580.28,Simple,79,Yes,Yes,6.6,25.6,32.1,Paid in Full,,ADJ-132,2,4.0,
IS-CLM-2025000607,2025-10-21,Bodily Injury,MI,E-Portal,613.34,6296.52,Complex,53,Yes,No,8.0,22.6,30.6,Paid in Full,,ADJ-145,11,3.0,
IS-CLM-2025000608,2025-07-05,Bodily Injury,NC,E-Portal,622.61,13763.97,Moderate,18,Yes,Yes,45.4,5.9,51.3,Paid in Full,,ADJ-145,10,4.0,
IS-CLM-2025000609,2025-07-18,Liability,MO,E-Portal,352.07,2384.73,Simple,68,No,No,119.5,4.1,123.6,Partial Payment,,ADJ-136,2,3.0,
IS-CLM-2025000610,2025-07-10,Comprehensive,MD,Phone,412.4,2524.03,Simple,24,No,No,20.4,4.4,24.7,Denied,Coverage exclusion,ADJ-150,5,1.0,
IS-CLM-2025000611,2025-07-18,Collision,CA,E-Portal,825.01,23281.24,Complex,71,Yes,Yes,63.5,59.1,122.7,Denied,Filing deadline missed,ADJ-147,6,,
IS-CLM-2025000612,2025-10-16,Collision,AZ,E-Portal,290.8,1334.64,Simple,73,No,Yes,85.5,3.4,88.9,Paid in Full,,ADJ-119,3,4.0,
IS-CLM-2025000613,2025-08-22,Collision,NY,Phone,272.48,1841.71,Simple,64,Yes,No,21.9,6.4,28.3,Paid in Full,,ADJ-109,2,,
IS-CLM-2025000614,2025-07-22,Comprehensive,NY,Fax/EDI,490.41,2591.85,Simple,99,Yes,No,22.3,7.7,30.0,Paid in Full,,ADJ-125,4,4.0,
IS-CLM-2025000615,2025-11-27,Bodily Injury,WI,E-Portal,622.91,85000.0,Complex,31,Yes,Yes,41.8,48.2,90.0,Partial Payment,,ADJ-114,15,4.0,
IS-CLM-2025000616,2025-06-21,Liability,MD,E-Portal,519.29,9993.46,Moderate,25,Yes,No,15.0,11.4,26.4,Partial Payment,,ADJ-127,8,,
IS-CLM-2025000617,2025-06-15,Collision,WA,E-Portal,209.4,2610.24,Simple,21,Yes,Yes,57.6,3.4,61.0,Denied,Filing deadline missed,ADJ-114,5,1.0,
IS-CLM-2025000618,2025-12-03,Property Damage,GA,E-Portal,357.34,4379.56,Simple,52,No,No,11.9,5.9,17.8,Paid in Full,,ADJ-116,5,,
IS-CLM-2025000619,2025-07-16,Bodily Injury,MO,Phone,1181.28,52980.11,Complex,21,Yes,No,25.9,17.5,43.4,Denied,Insufficient documentation,ADJ-144,12,,
IS-CLM-2025000620,2025-09-18,Collision,NY,Fax/EDI,495.48,847.54,Simple,78,No,No,34.7,9.0,43.6,Paid in Full,,ADJ-122,2,4.0,
IS-CLM-2025000621,2025-11-01,Property Damage,MD,E-Portal,591.95,4705.71,Moderate,37,No,No,93.7,5.8,99.5,Settled,,ADJ-121,8,5.0,
IS-CLM-2025000622,2025-11-10,Liability,TN,E-Portal,345.04,3948.63,Simple,77,No,No,81.7,3.3,85.0,Paid in Full,,ADJ-125,5,,
IS-CLM-2025000623,2025-08-05,Collision,MI,E-Portal,630.55,6094.18,Moderate,16,Yes,No,5.2,10.7,15.9,Pending Review,,ADJ-147,3,,
IS-CLM-2025000624,2025-10-31,Property Damage,CA,Phone,444.41,2142.75,Simple,76,No,No,7.4,7.6,14.9,Paid in Full,,ADJ-120,2,4.0,
IS-CLM-2025000625,2025-08-20,Collision,CA,Fax/EDI,349.05,2008.42,Simple,63,No,No,219.0,10.5,229.5,Partial Payment,,ADJ-136,5,2.0,
IS-CLM-2025000626,2025-10-25,Bodily Injury,PA,E-Portal,313.45,2569.19,Simple,90,No,No,299.9,3.0,302.9,Paid in Full,,ADJ-124,5,4.0,No
IS-CLM-2025000627,2025-08-05,Collision,NJ,E-Portal,464.59,8246.46,Moderate,25,Yes,No,112.2,12.6,124.8,Denied,Coverage exclusion,ADJ-147,8,,
IS-CLM-2025000628,2025-07-15,Collision,MA,E-Portal,387.93,1483.72,Simple,58,No,No,29.4,1.6,31.0,Paid in Full,,ADJ-107,5,,
IS-CLM-2025000629,2025-06-10,Bodily Injury,WI,Fax/EDI,1053.42,35795.23,Complex,50,Yes,No,25.3,43.9,69.2,Partial Payment,,ADJ-128,11,,
IS-CLM-2025000630,2025-07-01,Comprehensive,GA,Phone,469.19,1758.55,Simple,66,No,No,3.0,3.4,6.4,Paid in Full,,ADJ-141,4,4.0,
IS-CLM-2025000631,2025-10-13,Comprehensive,TX,Fax/EDI,489.43,3137.8,Moderate,28,Yes,No,20.9,10.3,31.2,Paid in Full,,ADJ-110,3,,
IS-CLM-2025000632,2025-09-09,Liability,MD,Fax/EDI,952.56,6412.88,Moderate,5,Yes,No,203.4,13.7,217.2,Paid in Full,,ADJ-128,7,,
IS-CLM-2025000633,2025-07-08,Bodily Injury,PA,E-Portal,715.29,39229.01,Complex,12,Yes,Yes,175.5,65.1,240.6,Paid in Full,,ADJ-136,11,3.0,
IS-CLM-2025000634,2025-09-11,Liability,IN,Fax/EDI,259.92,1532.49,Simple,49,No,No,10.8,6.4,17.2,Settled,,ADJ-113,4,3.0,
IS-CLM-2025000635,2025-10-25,Collision,OH,E-Portal,323.97,1977.53,Simple,59,No,No,42.2,1.9,44.1,Paid in Full,,ADJ-116,1,4.0,No
IS-CLM-2025000636,2025-09-19,Collision,VA,Phone,1093.58,8015.05,Complex,5,Yes,No,135.6,64.7,200.4,Partial Payment,,ADJ-127,11,2.0,
IS-CLM-2025000637,2025-07-19,Property Damage,VA,E-Portal,439.93,5106.21,Moderate,24,No,No,34.5,11.2,45.6,Paid in Full,,ADJ-111,8,,
IS-CLM-2025000638,2025-12-23,Comprehensive,MD,Phone,1061.86,6584.9,Complex,39,Yes,No,47.4,17.6,65.0,Paid in Full,,ADJ-115,8,,
IS-CLM-2025000639,2025-07-10,Collision,FL,Phone,493.7,1403.95,Simple,45,No,No,27.7,6.5,34.2,Paid in Full,,ADJ-110,3,4.0,
IS-CLM-2025000640,2025-11-25,Collision,NY,E-Portal,288.35,2845.23,Simple,35,No,No,114.4,12.0,126.4,Paid in Full,,ADJ-148,5,4.0,
IS-CLM-2025000641,2025-10-18,Bodily Injury,IN,E-Portal,587.85,4254.93,Moderate,65,Yes,No,55.9,10.9,66.8,Partial Payment,,ADJ-145,3,2.0,
IS-CLM-2025000642,2025-11-17,Collision,IN,Fax/EDI,365.01,3477.64,Simple,5,Yes,No,70.2,5.9,76.1,Denied,Insufficient documentation,ADJ-104,4,,
IS-CLM-2025000643,2025-06-03,Bodily Injury,FL,E-Portal,516.41,7191.8,Moderate,53,Yes,No,5.0,12.9,17.9,Denied,Insufficient documentation,ADJ-124,4,2.0,
IS-CLM-2025000644,2025-11-14,Collision,AZ,Fax/EDI,564.05,833.54,Simple,74,No,Yes,50.9,6.1,57.0,Paid in Full,,ADJ-121,4,,
IS-CLM-2025000645,2025-10-15,Liability,FL,Phone,573.28,4019.71,Simple,38,No,No,26.7,6.8,33.5,Paid in Full,,ADJ-146,1,4.0,
IS-CLM-2025000646,2025-10-14,Comprehensive,NJ,Phone,502.92,2756.96,Simple,68,No,No,114.7,2.7,117.4,Denied,Filing deadline missed,ADJ-144,3,2.0,
IS-CLM-2025000647,2025-08-17,Comprehensive,GA,Phone,396.66,2996.11,Simple,47,No,No,3.7,5.8,9.5,Partial Payment,,ADJ-104,3,,
IS-CLM-2025000648,2025-12-26,Liability,CA,E-Portal,525.34,9549.65,Moderate,57,No,No,23.7,20.2,44.0,Paid in Full,,ADJ-122,9,,
IS-CLM-2025000649,2025-06-23,Collision,AZ,E-Portal,267.39,467.42,Simple,83,No,No,8.9,8.7,17.6,Paid in Full,,ADJ-127,2,4.0,
IS-CLM-2025000650,2025-09-18,Collision,NJ,E-Portal,503.29,12807.09,Moderate,41,Yes,Yes,5.0,52.0,57.0,Pending Review,,ADJ-114,5,,
IS-CLM-2025000651,2025-11-23,Comprehensive,OH,E-Portal,365.41,9169.76,Moderate,18,Yes,No,99.5,43.3,142.8,Paid in Full,,ADJ-134,5,5.0,
IS-CLM-2025000652,2025-12-15,Bodily Injury,PA,Fax/EDI,580.36,2468.4,Moderate,53,Yes,No,148.4,36.9,185.3,Paid in Full,,ADJ-105,11,4.0,
IS-CLM-2025000653,2025-12-02,Collision,NY,Phone,753.12,9753.53,Moderate,8,No,No,7.0,3.4,10.5,Settled,,ADJ-102,8,,
IS-CLM-2025000654,2025-09-14,Collision,TN,Fax/EDI,1106.19,13614.56,Complex,47,Yes,No,9.8,56.2,66.0,Denied,Insufficient documentation,ADJ-118,7,,
IS-CLM-2025000655,2025-06-28,Collision,PA,Phone,369.62,1357.35,Simple,99,No,No,3.2,3.2,6.4,Paid in Full,,ADJ-118,5,4.0,No
IS-CLM-2025000656,2025-07-30,Bodily Injury,WA,Phone,1293.9,11025.11,Complex,14,Yes,No,39.7,108.8,148.5,Paid in Full,,ADJ-131,7,3.0,
IS-CLM-2025000657,2025-11-02,Bodily Injury,MA,Phone,805.21,11323.67,Moderate,38,Yes,Yes,49.4,10.5,59.9,Settled,,ADJ-132,10,2.0,No
IS-CLM-2025000658,2025-07-20,Collision,GA,E-Portal,288.77,2730.19,Simple,99,No,No,53.5,4.6,58.1,Paid in Full,,ADJ-127,2,,
IS-CLM-2025000659,2025-07-22,Comprehensive,OH,Fax/EDI,701.8,9743.19,Moderate,65,No,No,46.7,30.0,76.7,Partial Payment,,ADJ-140,10,,No
IS-CLM-2025000660,2025-09-26,Comprehensive,GA,E-Portal,320.49,1911.98,Simple,61,No,No,14.0,13.4,27.4,Paid in Full,,ADJ-125,3,3.0,
IS-CLM-2025000661,2025-12-08,Comprehensive,WI,Fax/EDI,799.22,13963.43,Moderate,52,Yes,No,16.9,14.1,31.0,Settled,,ADJ-134,4,4.0,
IS-CLM-2025000662,2025-06-11,Collision,GA,Phone,432.65,2968.28,Simple,70,No,No,137.8,4.6,142.4,Denied,Fraud suspected,ADJ-125,5,,
IS-CLM-2025000663,2025-06-13,Comprehensive,OH,Phone,588.72,2504.2,Simple,77,No,No,22.2,11.2,33.5,Partial Payment,,ADJ-119,4,3.0,
IS-CLM-2025000664,2025-08-15,Collision,WA,Fax/EDI,360.77,1069.02,Simple,87,No,No,20.0,5.8,25.8,Partial Payment,,ADJ-142,4,2.0,
IS-CLM-2025000665,2025-10-07,Liability,NY,Fax/EDI,303.35,1879.56,Simple,65,No,No,22.1,8.4,30.5,Paid in Full,,ADJ-135,2,4.0,
IS-CLM-2025000666,2025-08-22,Liability,MD,Phone,463.7,10391.13,Simple,49,No,Yes,29.5,22.4,51.9,Paid in Full,,ADJ-113,4,4.0,
IS-CLM-2025000667,2025-08-22,Collision,IL,Fax/EDI,974.04,29944.13,Complex,37,Yes,Yes,10.2,24.0,34.2,Pending Review,,ADJ-129,15,,
IS-CLM-2025000668,2025-10-13,Collision,AZ,E-Portal,365.9,1860.68,Simple,54,No,Yes,25.6,3.8,29.4,Paid in Full,,ADJ-136,4,3.0,
IS-CLM-2025000669,2025-07-14,Collision,VA,Phone,471.27,2145.74,Simple,53,No,No,15.1,4.5,19.6,Denied,Pre-existing damage,ADJ-110,2,,
IS-CLM-2025000670,2025-06-14,Liability,TN,Fax/EDI,465.04,2828.54,Simple,64,No,Yes,3.0,5.3,8.3,Paid in Full,,ADJ-112,1,,
IS-CLM-2025000671,2025-07-22,Comprehensive,CA,Phone,528.55,2262.67,Simple,93,No,No,99.1,4.8,103.9,Paid in Full,,ADJ-132,5,,
IS-CLM-2025000672,2025-11-03,Comprehensive,MA,E-Portal,320.9,3023.11,Simple,73,No,No,80.6,4.0,84.6,Settled,,ADJ-127,4,3.0,No
IS-CLM-2025000673,2025-11-01,Comprehensive,CA,Phone,329.29,1545.26,Simple,56,No,No,8.9,4.4,13.2,Paid in Full,,ADJ-136,2,3.0,
IS-CLM-2025000674,2025-07-08,Comprehensive,TX,E-Portal,717.34,12247.45,Complex,46,Yes,No,25.1,30.1,55.2,Paid in Full,,ADJ-139,9,4.0,
IS-CLM-2025000675,2025-06-23,Bodily Injury,TX,E-Portal,234.6,7376.2,Simple,57,Yes,No,29.5,2.0,31.5,Settled,,ADJ-145,5,3.0,
IS-CLM-2025000676,2025-10-22,Property Damage,IL,Phone,381.4,2418.86,Simple,64,No,No,19.0,2.9,22.0,Partial Payment,,ADJ-103,1,,
IS-CLM-2025000677,2025-08-22,Collision,MI,Phone,405.56,3229.0,Simple,23,No,No,18.9,6.2,25.1,Paid in Full,,ADJ-136,1,4.0,
IS-CLM-2025000678,2025-07-05,Liability,NY,E-Portal,629.13,17804.36,Moderate,41,Yes,Yes,5.0,11.2,16.2,Denied,Fraud suspected,ADJ-114,6,,Yes
IS-CLM-2025000679,2025-06-28,Collision,WI,Phone,284.15,1248.9,Simple,71,No,No,11.2,6.8,18.0,Settled,,ADJ-145,5,,No
IS-CLM-2025000680,2025-11-28,Comprehensive,NJ,Phone,319.35,6367.31,Simple,67,No,No,25.5,13.7,39.2,Settled,,ADJ-137,5,3.0,
IS-CLM-2025000681,2025-07-04,Comprehensive,WA,E-Portal,308.85,850.66,Simple,73,No,No,25.4,7.0,32.4,Paid in Full,,ADJ-112,5,3.0,
IS-CLM-2025000682,2025-08-14,Comprehensive,OH,Phone,548.81,3696.13,Simple,67,No,No,4.4,3.4,7.8,Paid in Full,,ADJ-148,2,,
IS-CLM-2025000683,2025-09-15,Comprehensive,TN,E-Portal,292.56,2113.23,Simple,38,No,Yes,8.1,5.0,13.1,Partial Payment,,ADJ-113,3,3.0,
IS-CLM-2025000684,2025-06-18,Comprehensive,NJ,E-Portal,524.12,9338.15,Complex,26,Yes,No,116.3,33.7,150.0,Denied,Coverage exclusion,ADJ-144,10,2.0,
IS-CLM-2025000685,2025-12-03,Collision,WI,Fax/EDI,753.13,6249.08,Moderate,80,Yes,No,28.5,9.7,38.2,Denied,Filing deadline missed,ADJ-144,10,,Yes
IS-CLM-2025000686,2025-12-22,Liability,TX,E-Portal,375.49,4936.25,Moderate,5,Yes,No,16.1,14.4,30.6,Partial Payment,,ADJ-135,8,4.0,
IS-CLM-2025000687,2025-12-26,Comprehensive,TN,E-Portal,332.95,1059.73,Simple,45,Yes,No,22.6,10.9,33.4,Paid in Full,,ADJ-144,3,3.0,
IS-CLM-2025000688,2025-06-05,Comprehensive,OH,Phone,709.0,5821.71,Moderate,9,Yes,No,11.8,15.1,26.9,Paid in Full,,ADJ-123,4,,
IS-CLM-2025000689,2025-08-11,Collision,CA,E-Portal,228.6,2060.18,Simple,92,No,No,51.7,2.2,53.9,Partial Payment,,ADJ-111,5,,
IS-CLM-2025000690,2025-07-18,Collision,WA,Phone,514.12,2272.12,Simple,51,No,No,86.1,2.7,88.8,Paid in Full,,ADJ-103,3,4.0,
IS-CLM-2025000691,2025-10-06,Comprehensive,GA,E-Portal,549.69,5800.17,Complex,47,Yes,No,73.6,27.4,101.0,Denied,Fraud suspected,ADJ-120,7,4.0,
IS-CLM-2025000692,2025-12-18,Collision,TX,Fax/EDI,414.84,1312.83,Simple,9,No,Yes,46.2,2.2,48.4,Paid in Full,,ADJ-131,5,4.0,
IS-CLM-2025000693,2025-08-27,Comprehensive,MA,Phone,602.7,1128.98,Simple,67,No,No,69.2,6.9,76.1,Paid in Full,,ADJ-110,1,,No
IS-CLM-2025000694,2025-10-11,Comprehensive,PA,E-Portal,242.3,2663.87,Simple,92,Yes,No,5.6,5.4,11.0,Paid in Full,,ADJ-134,1,4.0,
IS-CLM-2025000695,2025-06-12,Comprehensive,WA,E-Portal,313.32,1899.21,Simple,45,No,No,72.2,3.1,75.2,Denied,Coverage exclusion,ADJ-143,3,1.0,
IS-CLM-2025000696,2025-12-12,Collision,NJ,E-Portal,323.19,4934.79,Simple,91,No,No,37.0,2.2,39.2,Paid in Full,,ADJ-119,3,3.0,
IS-CLM-2025000697,2025-12-15,Collision,MD,E-Portal,365.1,2872.22,Simple,65,No,No,50.7,3.7,54.4,Paid in Full,,ADJ-108,1,,
IS-CLM-2025000698,2025-10-22,Comprehensive,IN,E-Portal,307.17,3639.31,Simple,69,No,Yes,7.7,7.0,14.7,Partial Payment,,ADJ-146,3,2.0,
IS-CLM-2025000699,2025-07-14,Liability,FL,E-Portal,442.92,20014.45,Moderate,18,No,Yes,39.0,13.4,52.3,Partial Payment,,ADJ-104,5,3.0,
IS-CLM-2025000700,2025-11-20,Bodily Injury,TX,E-Portal,822.27,46940.25,Complex,5,Yes,No,176.7,31.4,208.1,Denied,Insufficient documentation,ADJ-138,15,,
IS-CLM-2025000701,2025-11-27,Collision,MD,Fax/EDI,441.53,1440.92,Simple,38,No,No,52.6,6.7,59.3,Partial Payment,,ADJ-146,5,3.0,
IS-CLM-2025000702,2025-12-11,Comprehensive,MD,E-Portal,320.63,5971.91,Simple,99,Yes,No,31.0,3.7,34.7,Paid in Full,,ADJ-145,4,4.0,
IS-CLM-2025000703,2025-08-19,Bodily Injury,MD,Fax/EDI,489.0,2989.93,Simple,38,No,No,8.2,9.2,17.3,Paid in Full,,ADJ-140,3,,
IS-CLM-2025000704,2025-09-09,Bodily Injury,IL,E-Portal,587.17,30334.12,Complex,16,Yes,Yes,26.3,16.2,42.5,Partial Payment,,ADJ-121,12,3.0,
IS-CLM-2025000705,2025-06-17,Comprehensive,MA,Fax/EDI,967.78,25840.34,Complex,6,Yes,Yes,82.1,44.5,126.6,Denied,Pre-existing damage,ADJ-123,14,3.0,
IS-CLM-2025000706,2025-10-09,Comprehensive,NY,Fax/EDI,944.18,7729.5,Moderate,39,No,No,21.7,16.9,38.6,Denied,Fraud suspected,ADJ-142,4,,
IS-CLM-2025000707,2025-10-15,Collision,MD,E-Portal,263.11,1517.94,Simple,23,No,No,12.8,6.4,19.2,Paid in Full,,ADJ-136,2,,
IS-CLM-2025000708,2025-09-07,Collision,FL,E-Portal,343.06,1059.5,Simple,82,No,No,52.9,4.3,57.2,Partial Payment,,ADJ-128,5,,
IS-CLM-2025000709,2025-10-18,Collision,GA,Phone,489.8,18519.33,Moderate,45,Yes,Yes,17.9,32.6,50.5,Settled,,ADJ-146,12,,
IS-CLM-2025000710,2025-06-30,Comprehensive,WI,Fax/EDI,425.48,3334.31,Simple,87,No,No,30.6,12.8,43.4,Settled,,ADJ-120,4,4.0,
IS-CLM-2025000711,2025-06-28,Collision,WA,E-Portal,780.39,53777.07,Complex,11,Yes,No,102.3,32.5,134.8,Settled,,ADJ-106,8,,
IS-CLM-2025000712,2025-10-27,Comprehensive,CA,E-Portal,374.36,8850.47,Moderate,48,No,No,29.4,18.7,48.1,Denied,Filing deadline missed,ADJ-125,12,1.0,
IS-CLM-2025000713,2025-07-21,Liability,OH,Fax/EDI,635.83,4239.86,Moderate,42,Yes,No,5.0,38.7,43.7,Partial Payment,,ADJ-144,7,,
IS-CLM-2025000714,2025-09-20,Property Damage,MI,E-Portal,283.7,2864.38,Simple,30,No,No,3.2,4.6,7.8,Settled,,ADJ-133,4,,
IS-CLM-2025000715,2025-08-15,Bodily Injury,TX,Fax/EDI,449.29,5356.99,Simple,70,No,No,6.3,5.5,11.8,Settled,,ADJ-123,1,,
IS-CLM-2025000716,2025-06-08,Comprehensive,GA,Phone,478.76,1072.0,Simple,49,No,No,103.3,7.4,110.8,Paid in Full,,ADJ-146,4,3.0,
IS-CLM-2025000717,2025-09-20,Bodily Injury,MO,E-Portal,501.9,21134.37,Complex,6,Yes,No,94.7,39.5,134.3,Partial Payment,,ADJ-124,18,3.0,
IS-CLM-2025000718,2025-08-13,Bodily Injury,PA,E-Portal,549.18,12990.23,Moderate,5,Yes,Yes,16.7,18.7,35.5,Paid in Full,,ADJ-132,9,,
IS-CLM-2025000719,2025-07-05,Comprehensive,FL,Phone,581.71,3582.13,Moderate,82,Yes,No,26.1,19.0,45.2,Partial Payment,,ADJ-145,12,,
IS-CLM-2025000720,2025-11-07,Bodily Injury,IL,E-Portal,569.24,7126.36,Moderate,33,Yes,No,125.2,3.6,128.8,Paid in Full,,ADJ-125,8,4.0,
IS-CLM-2025000721,2025-09-17,Property Damage,WA,E-Portal,696.08,3701.64,Complex,52,Yes,No,17.3,99.9,117.3,Partial Payment,,ADJ-127,13,4.0,
IS-CLM-2025000722,2025-06-09,Collision,TX,Fax/EDI,363.18,3038.42,Simple,45,No,No,3.0,4.2,7.2,Paid in Full,,ADJ-145,1,3.0,No
IS-CLM-2025000723,2025-12-05,Bodily Injury,IN,Fax/EDI,643.03,4066.56,Moderate,11,No,No,155.2,18.9,174.1,Settled,,ADJ-106,11,,
IS-CLM-2025000724,2025-06-23,Bodily Injury,GA,E-Portal,441.62,25531.36,Moderate,67,Yes,Yes,158.6,13.8,172.4,Paid in Full,,ADJ-105,11,,
IS-CLM-2025000725,2025-08-19,Bodily Injury,WA,E-Portal,279.23,1860.2,Simple,90,No,No,49.4,3.1,52.5,Paid in Full,,ADJ-131,5,,
IS-CLM-2025000726,2025-09-16,Property Damage,MI,Phone,399.72,2367.17,Simple,74,No,No,75.0,9.8,84.7,Paid in Full,,ADJ-103,5,,No
IS-CLM-2025000727,2025-12-04,Collision,WI,E-Portal,335.14,3257.87,Simple,64,No,No,23.0,1.9,24.9,Paid in Full,,ADJ-143,3,,
IS-CLM-2025000728,2025-11-07,Collision,CA,E-Portal,242.4,1298.08,Simple,99,Yes,No,44.5,12.6,57.1,Paid in Full,,ADJ-118,3,3.0,
IS-CLM-2025000729,2025-08-11,Collision,NC,Phone,419.44,1953.76,Simple,77,Yes,Yes,21.0,3.5,24.5,Paid in Full,,ADJ-138,2,,
IS-CLM-2025000730,2025-09-03,Comprehensive,IL,Fax/EDI,508.15,675.31,Simple,64,No,No,51.4,2.5,54.0,Denied,Pre-existing damage,ADJ-134,1,2.0,
IS-CLM-2025000731,2025-06-22,Bodily Injury,PA,E-Portal,583.83,7525.87,Moderate,65,No,No,29.3,14.7,44.0,Partial Payment,,ADJ-149,9,,
IS-CLM-2025000732,2025-07-31,Collision,MD,E-Portal,318.92,1148.75,Simple,60,Yes,No,43.8,3.1,46.9,Partial Payment,,ADJ-123,1,,
IS-CLM-2025000733,2025-12-11,Collision,NY,E-Portal,662.29,19838.36,Complex,33,Yes,Yes,12.9,42.4,55.4,Settled,,ADJ-148,17,,Yes
IS-CLM-2025000734,2025-07-30,Property Damage,AZ,Phone,431.19,1835.64,Simple,99,No,No,18.7,6.3,25.0,Paid in Full,,ADJ-128,1,4.0,
IS-CLM-2025000735,2025-12-22,Liability,MD,E-Portal,318.05,1521.41,Simple,43,No,No,54.8,4.6,59.4,Settled,,ADJ-103,1,,No
IS-CLM-2025000736,2025-11-11,Collision,MI,Phone,465.9,2175.42,Simple,86,No,No,46.5,4.7,51.2,Paid in Full,,ADJ-118,3,4.0,No
IS-CLM-2025000737,2025-12-23,Property Damage,NY,E-Portal,259.71,8070.41,Simple,63,No,No,94.7,3.9,98.6,Settled,,ADJ-144,2,,
IS-CLM-2025000738,2025-10-29,Bodily Injury,OH,E-Portal,718.88,11539.84,Complex,30,Yes,Yes,92.1,36.3,128.4,Denied,Filing deadline missed,ADJ-136,5,,
IS-CLM-2025000739,2025-06-18,Collision,CA,E-Portal,378.29,5657.24,Moderate,58,Yes,No,33.2,20.7,54.0,Denied,Filing deadline missed,ADJ-115,7,3.0,
IS-CLM-2025000740,2025-06-09,Collision,CA,E-Portal,281.79,3270.31,Simple,52,Yes,No,9.9,7.7,17.6,Paid in Full,,ADJ-114,5,,
IS-CLM-2025000741,2025-11-29,Bodily Injury,NY,Phone,470.15,3469.71,Simple,90,Yes,No,19.0,3.6,22.6,Partial Payment,,ADJ-142,5,,
IS-CLM-2025000742,2025-07-18,Collision,NY,Fax/EDI,328.89,3023.55,Simple,78,No,No,47.5,5.5,53.0,Partial Payment,,ADJ-105,4,,
IS-CLM-2025000743,2025-08-10,Comprehensive,TN,Fax/EDI,449.62,4570.78,Simple,75,No,Yes,22.2,4.6,26.8,Denied,Filing deadline missed,ADJ-105,3,,
IS-CLM-2025000744,2025-09-06,Collision,AZ,Phone,899.09,3273.57,Moderate,17,Yes,Yes,15.5,17.9,33.4,Paid in Full,,ADJ-129,4,3.0,
IS-CLM-2025000745,2025-07-22,Collision,WA,Fax/EDI,552.86,1395.17,Simple,71,No,No,3.0,4.5,7.5,Denied,Fraud suspected,ADJ-114,5,,
IS-CLM-2025000746,2025-09-22,Collision,NC,E-Portal,303.97,1842.83,Simple,29,Yes,No,17.2,9.4,26.6,Paid in Full,,ADJ-102,4,5.0,
IS-CLM-2025000747,2025-11-11,Bodily Injury,CA,E-Portal,711.0,13009.12,Complex,21,Yes,Yes,28.4,96.8,125.2,Partial Payment,,ADJ-145,10,,
IS-CLM-2025000748,2025-10-26,Comprehensive,CA,Fax/EDI,628.68,3064.17,Moderate,58,No,No,51.7,7.2,59.0,Partial Payment,,ADJ-128,9,,No
IS-CLM-2025000749,2025-12-17,Comprehensive,FL,E-Portal,316.51,3675.91,Simple,50,Yes,No,45.4,4.5,49.9,Partial Payment,,ADJ-150,4,4.0,
IS-CLM-2025000750,2025-10-16,Liability,MI,Phone,844.37,45921.41,Complex,18,Yes,Yes,113.1,34.2,147.3,Denied,Insufficient documentation,ADJ-106,10,2.0,
IS-CLM-2025000751,2025-08-27,Property Damage,FL,Fax/EDI,348.68,1198.57,Simple,99,No,No,13.8,3.8,17.6,Paid in Full,,ADJ-113,2,4.0,
IS-CLM-2025000752,2025-09-07,Comprehensive,OH,E-Portal,257.26,2204.09,Simple,56,No,No,63.3,6.4,69.7,Partial Payment,,ADJ-145,3,3.0,
IS-CLM-2025000753,2025-11-09,Bodily Injury,MD,E-Portal,490.86,11894.97,Moderate,55,Yes,Yes,18.7,17.9,36.5,Denied,Insufficient documentation,ADJ-138,6,2.0,Yes
IS-CLM-2025000754,2025-06-17,Comprehensive,MO,Fax/EDI,403.16,2428.11,Simple,39,No,No,32.1,3.9,36.0,Denied,Pre-existing damage,ADJ-102,1,1.0,
IS-CLM-2025000755,2025-08-26,Bodily Injury,TX,E-Portal,471.29,13437.62,Moderate,24,Yes,No,36.1,7.1,43.2,Paid in Full,,ADJ-144,11,3.0,
IS-CLM-2025000756,2025-10-27,Bodily Injury,GA,Phone,502.49,4687.57,Simple,23,Yes,No,42.7,5.1,47.8,Paid in Full,,ADJ-142,1,4.0,
IS-CLM-2025000757,2025-11-06,Collision,TX,E-Portal,276.92,1054.88,Simple,51,No,Yes,115.5,1.6,117.1,Denied,Insufficient documentation,ADJ-120,1,2.0,
IS-CLM-2025000758,2025-07-14,Comprehensive,WI,E-Portal,247.27,732.22,Simple,60,Yes,No,36.2,8.1,44.3,Paid in Full,,ADJ-115,1,,
IS-CLM-2025000759,2025-09-18,Collision,VA,E-Portal,585.2,33107.61,Complex,17,No,Yes,8.0,27.5,35.5,Partial Payment,,ADJ-121,6,,
IS-CLM-2025000760,2025-10-26,Collision,MO,E-Portal,463.9,6760.06,Moderate,70,No,Yes,45.5,4.5,50.0,Paid in Full,,ADJ-112,8,4.0,
IS-CLM-2025000761,2025-08-10,Property Damage,PA,E-Portal,285.07,1548.06,Simple,81,Yes,No,33.7,3.2,36.8,Partial Payment,,ADJ-111,4,3.0,
IS-CLM-2025000762,2025-10-27,Comprehensive,TX,E-Portal,369.35,2301.6,Simple,87,No,Yes,51.0,3.1,54.1,Denied,Pre-existing damage,ADJ-132,1,2.0,
IS-CLM-2025000763,2025-07-16,Bodily Injury,FL,Phone,319.56,4405.96,Simple,44,No,No,46.5,6.8,53.3,Settled,,ADJ-145,4,,
IS-CLM-2025000764,2025-07-23,Property Damage,PA,Fax/EDI,1165.3,5872.2,Complex,23,Yes,No,20.3,40.7,61.0,Settled,,ADJ-112,14,,
IS-CLM-2025000765,2025-10-31,Collision,IL,E-Portal,585.41,7363.8,Moderate,13,Yes,No,65.5,10.2,75.7,Paid in Full,,ADJ-120,8,4.0,Yes
IS-CLM-2025000766,2025-10-21,Bodily Injury,GA,Phone,1151.04,4054.8,Complex,21,No,No,28.6,35.1,63.7,Pending Review,,ADJ-140,10,,No
IS-CLM-2025000767,2025-10-17,Property Damage,IN,E-Portal,575.04,6010.82,Moderate,55,No,Yes,65.0,15.0,79.9,Paid in Full,,ADJ-113,4,,No
IS-CLM-2025000768,2025-11-23,Collision,MA,Fax/EDI,814.31,14331.58,Moderate,31,Yes,Yes,67.8,26.9,94.7,Paid in Full,,ADJ-104,8,4.0,
IS-CLM-2025000769,2025-09-20,Comprehensive,NC,Phone,334.91,978.53,Simple,99,No,Yes,14.9,6.6,21.5,Denied,Coverage exclusion,ADJ-104,5,2.0,
IS-CLM-2025000770,2025-12-19,Comprehensive,CA,E-Portal,382.29,5766.09,Moderate,42,Yes,No,75.0,25.9,101.0,Partial Payment,,ADJ-147,10,3.0,
IS-CLM-2025000771,2025-08-23,Property Damage,TN,Phone,576.83,29961.24,Complex,8,Yes,No,107.6,40.6,148.3,Paid in Full,,ADJ-121,8,4.0,
IS-CLM-2025000772,2025-12-06,Comprehensive,TN,Fax/EDI,633.17,19370.44,Moderate,48,Yes,No,12.1,31.8,43.9,Paid in Full,,ADJ-132,3,,
IS-CLM-2025000773,2025-07-08,Collision,OH,Phone,427.08,2263.55,Simple,56,No,No,25.4,4.2,29.6,Paid in Full,,ADJ-109,4,,
IS-CLM-2025000774,2025-11-09,Property Damage,MI,Phone,778.46,4272.67,Moderate,40,Yes,No,27.8,9.1,36.9,Denied,Insufficient documentation,ADJ-137,3,1.0,
IS-CLM-2025000775,2025-06-29,Collision,MD,E-Portal,327.39,4011.42,Simple,6,Yes,No,7.9,7.8,15.7,Paid in Full,,ADJ-119,5,4.0,
IS-CLM-2025000776,2025-12-21,Comprehensive,WA,Fax/EDI,433.8,1112.28,Simple,47,No,Yes,134.4,6.6,141.0,Partial Payment,,ADJ-127,5,4.0,
IS-CLM-2025000777,2025-07-26,Bodily Injury,WI,Phone,1092.28,52772.84,Complex,38,Yes,No,187.7,62.8,250.5,Partial Payment,,ADJ-116,8,4.0,
IS-CLM-2025000778,2025-10-27,Collision,GA,E-Portal,310.11,433.96,Simple,73,No,No,18.1,4.9,23.0,Paid in Full,,ADJ-137,1,4.0,
IS-CLM-2025000779,2025-06-12,Property Damage,TX,E-Portal,425.66,13735.2,Moderate,30,Yes,No,5.0,12.2,17.2,Paid in Full,,ADJ-126,10,,
IS-CLM-2025000780,2025-11-26,Liability,NY,E-Portal,320.08,2036.1,Simple,36,No,No,3.0,4.2,7.2,Paid in Full,,ADJ-101,4,,
IS-CLM-2025000781,2025-07-04,Bodily Injury,MI,E-Portal,532.28,3799.63,Moderate,22,No,No,29.6,19.6,49.2,Partial Payment,,ADJ-131,7,3.0,
IS-CLM-2025000782,2025-09-26,Property Damage,WI,E-Portal,512.83,4560.98,Moderate,34,Yes,No,159.5,36.9,196.4,Paid in Full,,ADJ-146,9,3.0,
IS-CLM-2025000783,2025-09-03,Liability,MD,E-Portal,681.31,33580.27,Complex,36,Yes,Yes,113.9,51.0,164.9,Paid in Full,,ADJ-125,16,2.0,
IS-CLM-2025000784,2025-06-09,Collision,NJ,E-Portal,288.71,852.26,Simple,73,No,No,3.7,7.0,10.8,Partial Payment,,ADJ-135,5,,
IS-CLM-2025000785,2025-12-19,Bodily Injury,FL,Fax/EDI,413.77,3912.31,Simple,68,No,No,61.0,6.9,67.9,Paid in Full,,ADJ-133,3,,
IS-CLM-2025000786,2025-06-29,Comprehensive,AZ,E-Portal,314.07,1496.43,Simple,80,No,Yes,8.6,4.8,13.5,Settled,,ADJ-136,1,3.0,
IS-CLM-2025000787,2025-12-16,Collision,OH,E-Portal,241.63,1970.38,Simple,34,No,No,150.5,6.3,156.8,Paid in Full,,ADJ-131,5,,
IS-CLM-2025000788,2025-11-27,Bodily Injury,OH,Fax/EDI,737.17,6491.53,Moderate,23,No,No,68.6,10.2,78.8,Paid in Full,,ADJ-118,11,,
IS-CLM-2025000789,2025-08-10,Liability,TX,Fax/EDI,665.35,11869.92,Moderate,60,Yes,No,30.4,15.8,46.1,Partial Payment,,ADJ-131,11,,Yes
IS-CLM-2025000790,2025-10-15,Collision,NJ,Phone,870.84,3708.86,Moderate,73,Yes,No,132.2,16.7,148.9,Denied,Insufficient documentation,ADJ-105,6,,
IS-CLM-2025000791,2025-09-26,Comprehensive,FL,E-Portal,296.04,1471.99,Simple,99,Yes,No,88.4,11.8,100.2,Denied,Coverage exclusion,ADJ-107,2,3.0,
IS-CLM-2025000792,2025-11-26,Bodily Injury,PA,E-Portal,577.29,7335.76,Moderate,28,No,No,135.3,13.3,148.6,Paid in Full,,ADJ-141,3,4.0,
IS-CLM-2025000793,2025-11-22,Comprehensive,MO,Phone,573.16,5272.99,Simple,75,No,No,74.0,8.2,82.2,Paid in Full,,ADJ-102,3,4.0,
IS-CLM-2025000794,2025-06-06,Comprehensive,GA,Fax/EDI,641.23,2820.58,Moderate,13,Yes,No,18.6,8.5,27.1,Paid in Full,,ADJ-138,8,,
IS-CLM-2025000795,2025-12-19,Property Damage,VA,E-Portal,410.59,5199.52,Moderate,43,No,No,80.5,13.6,94.1,Settled,,ADJ-136,10,3.0,
IS-CLM-2025000796,2025-10-24,Comprehensive,PA,Fax/EDI,899.24,3124.27,Moderate,48,Yes,No,103.4,17.8,121.2,Settled,,ADJ-115,10,3.0,
IS-CLM-2025000797,2025-08-13,Property Damage,TX,Phone,286.66,2821.8,Simple,32,No,No,52.6,13.5,66.1,Denied,Policy lapsed,ADJ-119,2,,
IS-CLM-2025000798,2025-11-29,Collision,PA,Phone,526.18,936.24,Simple,84,Yes,No,22.7,6.4,29.2,Settled,,ADJ-137,2,4.0,
IS-CLM-2025000799,2025-09-03,Collision,IL,Phone,426.01,1817.6,Simple,80,No,No,48.8,3.1,51.9,Paid in Full,,ADJ-123,2,4.0,
IS-CLM-2025000800,2025-10-17,Comprehensive,IL,E-Portal,592.44,6002.31,Moderate,75,Yes,No,96.5,32.7,129.2,Partial Payment,,ADJ-132,5,,
IS-CLM-2025000801,2025-08-21,Collision,PA,E-Portal,207.53,520.95,Simple,87,No,No,10.1,3.9,14.0,Paid in Full,,ADJ-142,3,3.0,
IS-CLM-2025000802,2025-08-14,Bodily Injury,WI,E-Portal,380.7,7526.29,Moderate,48,No,No,9.3,13.6,22.9,Partial Payment,,ADJ-122,4,,
IS-CLM-2025000803,2025-06-11,Collision,PA,Phone,602.18,3297.49,Simple,76,Yes,No,8.2,7.9,16.1,Settled,,ADJ-140,2,3.0,
IS-CLM-2025000804,2025-06-24,Collision,VA,Phone,424.92,1629.93,Simple,85,No,No,32.0,3.7,35.8,Paid in Full,,ADJ-150,3,4.0,
IS-CLM-2025000805,2025-06-22,Comprehensive,MO,Phone,453.49,892.49,Simple,62,No,No,8.7,13.9,22.6,Paid in Full,,ADJ-126,2,3.0,
IS-CLM-2025000806,2025-11-02,Collision,WA,Phone,498.34,1910.72,Simple,99,Yes,Yes,110.4,3.3,113.8,Denied,Exceeded policy limit,ADJ-128,3,1.0,
IS-CLM-2025000807,2025-06-04,Collision,NJ,Phone,659.71,4548.56,Moderate,45,Yes,No,70.7,12.0,82.7,Denied,Fraud suspected,ADJ-106,6,,
IS-CLM-2025000808,2025-09-22,Comprehensive,TN,Fax/EDI,885.5,10396.83,Moderate,50,Yes,No,118.2,6.6,124.8,Denied,Exceeded policy limit,ADJ-127,5,,
IS-CLM-2025000809,2025-11-01,Collision,FL,E-Portal,437.47,6485.01,Moderate,65,Yes,No,13.3,7.6,20.9,Paid in Full,,ADJ-122,4,,No
IS-CLM-2025000810,2025-10-30,Property Damage,AZ,E-Portal,309.82,1557.13,Simple,60,No,Yes,20.8,11.5,32.4,Paid in Full,,ADJ-130,5,,
IS-CLM-2025000811,2025-07-06,Comprehensive,OH,E-Portal,237.42,4569.42,Simple,65,No,No,4.6,2.7,7.3,Paid in Full,,ADJ-103,3,,
IS-CLM-2025000812,2025-08-17,Collision,MA,Fax/EDI,606.88,8307.5,Moderate,22,Yes,No,13.0,14.6,27.6,Denied,Coverage exclusion,ADJ-110,7,2.0,Yes
IS-CLM-2025000813,2025-11-11,Comprehensive,MA,Fax/EDI,463.8,2548.54,Simple,71,No,No,7.8,3.6,11.5,Paid in Full,,ADJ-132,2,4.0,
IS-CLM-2025000814,2025-12-13,Comprehensive,NC,Fax/EDI,369.54,671.31,Simple,90,No,No,6.5,4.8,11.3,Partial Payment,,ADJ-131,5,4.0,No
IS-CLM-2025000815,2025-08-06,Bodily Injury,MA,Phone,774.03,7741.47,Moderate,59,No,No,5.0,19.1,24.1,Paid in Full,,ADJ-147,12,3.0,
IS-CLM-2025000816,2025-08-06,Comprehensive,IL,E-Portal,296.47,5056.85,Simple,41,Yes,No,60.6,4.6,65.2,Settled,,ADJ-145,2,2.0,
IS-CLM-2025000817,2025-06-14,Bodily Injury,NC,Fax/EDI,649.13,8517.33,Moderate,67,No,Yes,23.4,15.3,38.6,Denied,Coverage exclusion,ADJ-134,4,3.0,
IS-CLM-2025000818,2025-12-14,Comprehensive,IL,Phone,430.39,4855.16,Simple,80,No,No,44.1,3.3,47.4,Paid in Full,,ADJ-121,3,,
IS-CLM-2025000819,2025-11-23,Comprehensive,NJ,E-Portal,539.32,2973.29,Moderate,45,No,No,5.0,56.5,61.5,Settled,,ADJ-135,12,3.0,
IS-CLM-2025000820,2025-07-07,Collision,CA,Phone,708.15,8513.78,Moderate,36,Yes,No,31.8,21.4,53.2,Paid in Full,,ADJ-122,5,3.0,
IS-CLM-2025000821,2025-07-10,Collision,IN,Phone,436.59,2968.59,Simple,56,No,No,3.0,14.2,17.2,Paid in Full,,ADJ-134,5,,
IS-CLM-2025000822,2025-11-27,Property Damage,NY,Fax/EDI,846.33,11873.09,Moderate,5,No,Yes,57.6,24.8,82.4,Paid in Full,,ADJ-109,3,3.0,
IS-CLM-2025000823,2025-08-19,Bodily Injury,MI,E-Portal,545.17,12230.89,Complex,33,Yes,Yes,41.0,16.6,57.6,Paid in Full,,ADJ-149,10,4.0,
IS-CLM-2025000824,2025-08-17,Bodily Injury,CA,Phone,983.68,17948.21,Complex,22,Yes,Yes,22.3,31.7,53.9,Paid in Full,,ADJ-145,7,,
IS-CLM-2025000825,2025-08-18,Comprehensive,PA,Phone,447.08,1804.24,Simple,76,No,No,102.4,7.8,110.1,Partial Payment,,ADJ-149,1,3.0,
IS-CLM-2025000826,2025-12-16,Bodily Injury,MA,Phone,1098.05,32990.18,Complex,43,Yes,Yes,144.2,52.5,196.7,Paid in Full,,ADJ-143,13,3.0,
IS-CLM-2025000827,2025-09-29,Comprehensive,NY,Fax/EDI,492.05,1083.16,Simple,99,Yes,No,3.0,10.5,13.5,Paid in Full,,ADJ-101,1,,
IS-CLM-2025000828,2025-11-02,Bodily Injury,OH,Phone,350.19,4445.89,Simple,53,No,No,7.9,9.2,17.1,Partial Payment,,ADJ-102,1,4.0,
IS-CLM-2025000829,2025-12-09,Collision,NC,Fax/EDI,278.41,1432.09,Simple,87,No,No,111.2,5.1,116.4,Paid in Full,,ADJ-147,5,4.0,
IS-CLM-2025000830,2025-10-24,Liability,FL,E-Portal,547.35,8333.68,Moderate,40,No,No,5.0,5.7,10.7,Paid in Full,,ADJ-146,6,,
IS-CLM-2025000831,2025-07-14,Bodily Injury,MO,Fax/EDI,926.78,46105.87,Complex,56,Yes,No,51.3,34.7,86.0,Denied,Fraud suspected,ADJ-131,10,,Yes
IS-CLM-2025000832,2025-07-18,Bodily Injury,MD,Phone,969.8,26392.39,Complex,30,Yes,Yes,8.7,16.8,25.4,Paid in Full,,ADJ-125,11,4.0,
IS-CLM-2025000833,2025-07-29,Comprehensive,TN,Phone,568.03,3056.95,Simple,80,Yes,Yes,43.9,3.7,47.6,Partial Payment,,ADJ-149,3,,
IS-CLM-2025000834,2025-10-21,Bodily Injury,TX,E-Portal,694.9,39779.49,Complex,35,Yes,No,20.3,61.7,82.0,Paid in Full,,ADJ-120,15,,
IS-CLM-2025000835,2025-09-22,Comprehensive,GA,Phone,464.54,846.62,Simple,99,No,No,24.1,6.0,30.1,Partial Payment,,ADJ-113,1,,
IS-CLM-2025000836,2025-12-23,Comprehensive,MA,E-Portal,296.65,9195.56,Simple,45,No,No,3.7,2.5,6.1,Paid in Full,,ADJ-144,4,,
IS-CLM-2025000837,2025-09-10,Collision,MD,E-Portal,346.15,849.96,Simple,64,No,No,15.3,8.5,23.8,Paid in Full,,ADJ-126,4,,
IS-CLM-2025000838,2025-06-27,Comprehensive,IL,Phone,383.63,3977.64,Simple,70,No,No,25.4,4.4,29.8,Partial Payment,,ADJ-126,1,2.0,
IS-CLM-2025000839,2025-09-17,Collision,MA,E-Portal,678.96,20177.9,Complex,5,Yes,Yes,8.0,64.8,72.8,Pending Review,,ADJ-118,17,,
IS-CLM-2025000840,2025-11-12,Comprehensive,AZ,Fax/EDI,414.54,566.54,Simple,60,No,No,36.0,4.2,40.1,Paid in Full,,ADJ-133,3,3.0,No
IS-CLM-2025000841,2025-09-25,Liability,NY,Fax/EDI,607.11,14196.3,Complex,6,Yes,Yes,49.2,35.3,84.5,Paid in Full,,ADJ-109,5,3.0,
IS-CLM-2025000842,2025-06-14,Comprehensive,FL,E-Portal,538.99,14268.67,Moderate,59,Yes,Yes,70.5,11.0,81.5,Partial Payment,,ADJ-139,8,3.0,
IS-CLM-2025000843,2025-11-07,Comprehensive,WA,Fax/EDI,344.27,1521.52,Simple,12,No,No,3.1,16.1,19.2,Paid in Full,,ADJ-130,2,4.0,No
IS-CLM-2025000844,2025-10-06,Property Damage,MA,E-Portal,291.16,6300.88,Simple,78,No,No,36.1,3.6,39.7,Partial Payment,,ADJ-135,5,3.0,No
IS-CLM-2025000845,2025-12-13,Collision,TX,E-Portal,333.43,1286.37,Simple,69,No,No,31.5,5.2,36.7,Paid in Full,,ADJ-125,4,3.0,
IS-CLM-2025000846,2025-06-09,Comprehensive,IL,Phone,1078.37,10238.95,Complex,45,Yes,Yes,75.0,32.4,107.4,Pending Review,,ADJ-146,7,,
IS-CLM-2025000847,2025-07-05,Comprehensive,NJ,Phone,763.78,10216.77,Moderate,78,Yes,Yes,17.2,18.8,36.0,Denied,Insufficient documentation,ADJ-132,11,,
IS-CLM-2025000848,2025-10-25,Comprehensive,MA,Phone,356.08,4419.4,Simple,56,No,No,137.0,13.0,150.0,Paid in Full,,ADJ-126,3,4.0,
IS-CLM-2025000849,2025-09-05,Comprehensive,WA,E-Portal,408.15,6100.23,Simple,40,No,Yes,28.8,4.9,33.7,Paid in Full,,ADJ-138,1,5.0,
IS-CLM-2025000850,2025-09-02,Comprehensive,MI,Fax/EDI,373.83,3453.8,Simple,93,No,No,135.2,7.0,142.2,Paid in Full,,ADJ-141,3,4.0,
IS-CLM-2025000851,2025-09-18,Collision,MI,E-Portal,281.48,1615.08,Simple,51,No,No,67.2,3.5,70.7,Partial Payment,,ADJ-116,2,3.0,
IS-CLM-2025000852,2025-08-19,Comprehensive,WI,E-Portal,566.75,6385.82,Moderate,78,Yes,No,71.7,18.5,90.2,Paid in Full,,ADJ-102,11,4.0,
IS-CLM-2025000853,2025-09-26,Property Damage,TN,Fax/EDI,693.03,9105.05,Moderate,87,No,No,35.6,9.8,45.3,Settled,,ADJ-138,3,,
IS-CLM-2025000854,2025-09-05,Collision,WI,Phone,903.82,8048.92,Moderate,42,Yes,Yes,5.0,11.8,16.8,Paid in Full,,ADJ-144,6,4.0,
IS-CLM-2025000855,2025-10-07,Property Damage,VA,E-Portal,345.83,2538.22,Simple,99,No,No,13.0,7.8,20.8,Paid in Full,,ADJ-113,4,,
IS-CLM-2025000856,2025-12-19,Property Damage,FL,Phone,453.35,2180.04,Simple,81,No,No,55.7,5.2,60.9,Paid in Full,,ADJ-104,3,,
IS-CLM-2025000857,2025-09-11,Comprehensive,GA,Phone,547.73,1783.94,Simple,88,No,No,51.1,8.4,59.5,Paid in Full,,ADJ-138,1,4.0,
IS-CLM-2025000858,2025-08-09,Comprehensive,FL,E-Portal,278.0,1945.64,Simple,46,No,No,61.9,2.9,64.8,Paid in Full,,ADJ-123,1,,
IS-CLM-2025000859,2025-08-17,Collision,IN,E-Portal,406.99,6204.11,Moderate,84,Yes,Yes,55.2,15.4,70.6,Settled,,ADJ-126,7,,
IS-CLM-2025000860,2025-09-25,Collision,MO,E-Portal,260.31,1380.01,Simple,69,Yes,No,45.8,1.9,47.6,Paid in Full,,ADJ-137,4,3.0,
IS-CLM-2025000861,2025-12-28,Collision,MD,Phone,447.85,3812.56,Simple,47,No,No,120.3,4.3,124.6,Denied,Pre-existing damage,ADJ-150,4,,
IS-CLM-2025000862,2025-12-04,Property Damage,TX,Phone,589.3,7498.65,Moderate,35,Yes,Yes,39.5,39.9,79.4,Partial Payment,,ADJ-144,7,,
IS-CLM-2025000863,2025-09-14,Liability,VA,Fax/EDI,954.75,52235.72,Complex,19,Yes,Yes,47.8,40.1,87.9,Settled,,ADJ-127,9,,
IS-CLM-2025000864,2025-11-13,Collision,IL,E-Portal,453.65,12153.07,Moderate,24,Yes,Yes,16.9,28.9,45.8,Paid in Full,,ADJ-108,5,3.0,
IS-CLM-2025000865,2025-08-02,Bodily Injury,NJ,E-Portal,569.6,74240.19,Complex,12,Yes,Yes,151.2,46.5,197.7,Denied,Insufficient documentation,ADJ-103,8,1.0,
IS-CLM-2025000866,2025-07-05,Liability,CA,Fax/EDI,497.88,2582.72,Simple,52,No,No,50.0,5.0,55.0,Partial Payment,,ADJ-112,1,,
IS-CLM-2025000867,2025-10-03,Comprehensive,CA,E-Portal,404.03,4508.08,Simple,82,Yes,No,32.8,6.2,39.0,Paid in Full,,ADJ-105,4,,
IS-CLM-2025000868,2025-11-19,Liability,FL,Fax/EDI,1144.24,19254.14,Complex,35,Yes,Yes,8.3,60.7,69.0,Paid in Full,,ADJ-116,6,3.0,
IS-CLM-2025000869,2025-10-07,Collision,NY,Fax/EDI,661.15,7381.86,Moderate,49,No,No,97.5,47.8,145.3,Partial Payment,,ADJ-134,7,3.0,
IS-CLM-2025000870,2025-06-24,Comprehensive,GA,Phone,791.36,4269.89,Moderate,72,No,No,83.5,24.6,108.1,Partial Payment,,ADJ-138,9,,
IS-CLM-2025000871,2025-12-08,Property Damage,GA,E-Portal,335.27,1437.58,Simple,27,No,No,19.8,8.4,28.2,Settled,,ADJ-114,3,3.0,
IS-CLM-2025000872,2025-08-05,Collision,WI,Phone,386.61,2890.59,Simple,68,No,No,28.1,4.8,33.0,Paid in Full,,ADJ-128,4,,
IS-CLM-2025000873,2025-08-11,Bodily Injury,PA,E-Portal,448.7,5889.9,Moderate,16,No,No,42.1,11.6,53.7,Paid in Full,,ADJ-102,12,3.0,
IS-CLM-2025000874,2025-12-07,Bodily Injury,TX,Fax/EDI,363.22,3696.25,Simple,63,No,No,38.3,6.6,44.9,Paid in Full,,ADJ-120,3,,
IS-CLM-2025000875,2025-11-23,Liability,NY,Phone,812.61,2813.99,Moderate,42,Yes,No,82.6,24.1,106.7,Partial Payment,,ADJ-101,9,,
IS-CLM-2025000876,2025-08-05,Property Damage,NJ,Fax/EDI,341.84,1916.07,Simple,99,No,No,14.8,10.0,24.9,Paid in Full,,ADJ-111,4,,
IS-CLM-2025000877,2025-12-25,Collision,TN,Phone,439.71,1025.12,Simple,56,No,No,20.1,4.0,24.1,Settled,,ADJ-132,4,,
IS-CLM-2025000878,2025-08-25,Bodily Injury,TN,E-Portal,645.85,9708.67,Moderate,27,No,No,8.7,17.6,26.3,Paid in Full,,ADJ-133,4,4.0,
IS-CLM-2025000879,2025-11-02,Comprehensive,MO,Fax/EDI,565.89,12637.7,Moderate,72,Yes,Yes,170.1,17.4,187.5,Settled,,ADJ-142,5,,Yes
IS-CLM-2025000880,2025-12-20,Liability,PA,Phone,431.56,7779.93,Simple,42,No,No,105.1,6.3,111.5,Denied,Coverage exclusion,ADJ-108,2,2.0,
IS-CLM-2025000881,2025-11-30,Collision,PA,E-Portal,301.18,1499.3,Simple,14,No,No,3.0,2.9,5.9,Partial Payment,,ADJ-121,4,2.0,
IS-CLM-2025000882,2025-12-06,Comprehensive,PA,Phone,469.81,5091.95,Simple,81,No,No,19.9,5.7,25.7,Paid in Full,,ADJ-119,2,4.0,
IS-CLM-2025000883,2025-09-03,Collision,IL,E-Portal,257.9,1135.28,Simple,66,No,No,50.3,2.7,53.1,Paid in Full,,ADJ-137,2,4.0,No
IS-CLM-2025000884,2025-06-06,Bodily Injury,MO,Phone,565.13,17876.46,Moderate,48,Yes,No,5.0,20.5,25.5,Partial Payment,,ADJ-113,7,,
IS-CLM-2025000885,2025-07-14,Liability,TX,E-Portal,778.77,11948.91,Complex,23,Yes,No,40.7,58.6,99.3,Denied,Coverage exclusion,ADJ-111,14,2.0,
IS-CLM-2025000886,2025-12-01,Comprehensive,IN,E-Portal,261.36,2259.8,Simple,58,No,No,6.6,4.9,11.5,Settled,,ADJ-108,2,,
IS-CLM-2025000887,2025-07-19,Collision,NC,Fax/EDI,828.48,5122.09,Moderate,71,Yes,Yes,96.4,18.0,114.4,Denied,Pre-existing damage,ADJ-114,7,,
IS-CLM-2025000888,2025-07-19,Bodily Injury,TN,Fax/EDI,445.14,2229.66,Simple,99,No,Yes,20.0,10.6,30.6,Denied,Filing deadline missed,ADJ-129,2,1.0,
IS-CLM-2025000889,2025-11-23,Comprehensive,MD,Fax/EDI,381.4,1662.09,Simple,92,Yes,No,57.0,3.7,60.8,Paid in Full,,ADJ-145,4,,
IS-CLM-2025000890,2025-11-30,Collision,AZ,E-Portal,235.69,1458.2,Simple,90,No,Yes,30.0,3.7,33.7,Paid in Full,,ADJ-104,1,3.0,
IS-CLM-2025000891,2025-07-31,Collision,MA,E-Portal,236.3,4403.9,Simple,48,No,No,21.3,9.0,30.3,Denied,Pre-existing damage,ADJ-139,1,2.0,No
IS-CLM-2025000892,2025-10-08,Comprehensive,WA,E-Portal,548.85,3945.73,Moderate,52,No,Yes,70.5,16.2,86.7,Paid in Full,,ADJ-136,3,3.0,
IS-CLM-2025000893,2025-08-06,Comprehensive,IL,Fax/EDI,489.94,1700.72,Simple,27,No,No,86.4,5.6,92.0,Paid in Full,,ADJ-109,1,4.0,
IS-CLM-2025000894,2025-10-14,Bodily Injury,TN,E-Portal,640.78,14351.91,Complex,5,Yes,No,46.3,32.3,78.6,Denied,Exceeded policy limit,ADJ-118,16,1.0,
IS-CLM-2025000895,2025-09-19,Comprehensive,NJ,Phone,1027.97,5454.6,Moderate,61,Yes,No,12.3,11.0,23.3,Paid in Full,,ADJ-117,11,3.0,No
IS-CLM-2025000896,2025-07-13,Collision,VA,Phone,499.61,3501.84,Simple,29,No,No,12.8,6.6,19.4,Paid in Full,,ADJ-136,4,4.0,
IS-CLM-2025000897,2025-07-09,Collision,TX,E-Portal,470.0,4329.9,Moderate,74,Yes,No,65.9,8.6,74.5,Paid in Full,,ADJ-128,4,,
IS-CLM-2025000898,2025-10-05,Bodily Injury,TX,Fax/EDI,267.97,3038.7,Simple,66,No,No,29.8,6.6,36.4,Paid in Full,,ADJ-108,2,4.0,No
IS-CLM-2025000899,2025-06-24,Collision,OH,E-Portal,238.01,527.57,Simple,59,No,No,33.7,8.8,42.5,Paid in Full,,ADJ-133,3,4.0,
IS-CLM-2025000900,2025-11-17,Property Damage,WI,Fax/EDI,485.65,5630.66,Simple,79,No,No,17.8,2.1,20.0,Partial Payment,,ADJ-112,4,,
IS-CLM-2025000901,2025-08-03,Collision,MA,Fax/EDI,411.99,1200.64,Simple,30,No,No,29.0,4.2,33.2,Paid in Full,,ADJ-144,1,3.0,
IS-CLM-2025000902,2025-10-30,Bodily Injury,NY,Fax/EDI,777.24,17972.73,Moderate,35,Yes,Yes,11.3,23.4,34.8,Paid in Full,,ADJ-146,10,4.0,
IS-CLM-2025000903,2025-08-08,Comprehensive,WA,Fax/EDI,851.32,4922.16,Moderate,63,Yes,No,5.0,29.9,34.9,Paid in Full,,ADJ-129,8,,
IS-CLM-2025000904,2025-12-05,Collision,WI,Fax/EDI,776.15,3279.81,Moderate,47,Yes,No,86.5,16.2,102.7,Paid in Full,,ADJ-104,4,4.0,
IS-CLM-2025000905,2025-11-02,Comprehensive,AZ,Fax/EDI,360.35,1049.96,Simple,67,Yes,No,6.7,6.4,13.0,Settled,,ADJ-106,1,,
IS-CLM-2025000906,2025-07-12,Liability,AZ,Fax/EDI,469.06,5707.72,Simple,49,No,No,8.1,10.7,18.8,Paid in Full,,ADJ-108,3,3.0,
IS-CLM-2025000907,2025-09-19,Comprehensive,NJ,Fax/EDI,306.35,4285.11,Simple,94,No,No,21.0,7.2,28.1,Paid in Full,,ADJ-107,3,4.0,
IS-CLM-2025000908,2025-10-04,Property Damage,MD,E-Portal,300.09,1994.05,Simple,67,No,No,3.0,2.1,5.1,Paid in Full,,ADJ-128,1,,
IS-CLM-2025000909,2025-12-25,Comprehensive,MI,Phone,1402.84,7092.32,Complex,21,Yes,No,78.9,31.6,110.5,Denied,Coverage exclusion,ADJ-133,10,,
IS-CLM-2025000910,2025-11-21,Property Damage,GA,Fax/EDI,715.78,6707.25,Moderate,61,No,No,173.2,12.4,185.6,Denied,Fraud suspected,ADJ-141,11,1.0,
IS-CLM-2025000911,2025-09-28,Comprehensive,TN,E-Portal,342.3,7263.25,Simple,99,No,Yes,9.3,10.3,19.6,Paid in Full,,ADJ-120,2,3.0,
IS-CLM-2025000912,2025-08-15,Comprehensive,WI,Fax/EDI,661.04,10359.63,Moderate,13,No,No,72.0,22.3,94.2,Settled,,ADJ-127,4,4.0,
IS-CLM-2025000913,2025-12-02,Collision,WI,E-Portal,578.12,3986.09,Moderate,9,Yes,No,38.5,16.4,54.9,Paid in Full,,ADJ-102,4,,
IS-CLM-2025000914,2025-09-27,Bodily Injury,IL,Fax/EDI,694.47,10258.02,Moderate,29,No,Yes,22.2,19.7,41.9,Partial Payment,,ADJ-127,7,2.0,
IS-CLM-2025000915,2025-12-03,Liability,MD,Fax/EDI,594.78,5041.13,Moderate,10,Yes,No,13.0,19.0,31.9,Partial Payment,,ADJ-122,5,4.0,
IS-CLM-2025000916,2025-06-21,Bodily Injury,WA,E-Portal,530.78,6042.65,Moderate,41,No,Yes,5.0,21.3,26.3,Settled,,ADJ-126,4,3.0,
IS-CLM-2025000917,2025-11-15,Collision,MA,E-Portal,557.32,10809.57,Moderate,50,Yes,Yes,62.6,11.4,74.0,Settled,,ADJ-148,12,,
IS-CLM-2025000918,2025-08-17,Collision,WA,E-Portal,239.64,2027.73,Simple,60,No,No,78.3,7.2,85.5,Paid in Full,,ADJ-144,4,,
IS-CLM-2025000919,2025-06-23,Collision,PA,E-Portal,415.16,992.34,Simple,10,Yes,No,85.7,3.9,89.5,Partial Payment,,ADJ-113,1,4.0,
IS-CLM-2025000920,2025-11-14,Collision,PA,Phone,980.26,53463.55,Complex,22,Yes,Yes,44.8,53.9,98.7,Settled,,ADJ-135,8,4.0,
IS-CLM-2025000921,2025-12-15,Liability,MD,E-Portal,350.82,1584.56,Simple,44,Yes,No,13.2,2.7,15.9,Paid in Full,,ADJ-110,4,,
IS-CLM-2025000922,2025-09-29,Comprehensive,CA,Phone,673.58,3267.78,Moderate,35,Yes,No,74.5,9.8,84.3,Denied,Fraud suspected,ADJ-126,3,1.0,
IS-CLM-2025000923,2025-06-27,Bodily Injury,TN,Phone,691.09,15291.44,Moderate,99,No,No,45.8,12.2,58.0,Denied,Fraud suspected,ADJ-119,3,2.0,
IS-CLM-2025000924,2025-10-03,Collision,IN,E-Portal,685.64,6050.85,Complex,51,Yes,No,210.6,32.2,242.7,Denied,Pre-existing damage,ADJ-115,16,4.0,
IS-CLM-2025000925,2025-06-05,Comprehensive,TN,Fax/EDI,483.59,2899.77,Moderate,57,Yes,No,19.1,6.8,25.9,Partial Payment,,ADJ-131,4,2.0,
IS-CLM-2025000926,2025-11-13,Property Damage,MI,E-Portal,657.86,5978.5,Complex,5,Yes,No,13.6,18.9,32.4,Denied,Insufficient documentation,ADJ-113,12,3.0,
IS-CLM-2025000927,2025-07-30,Collision,IN,Phone,798.79,6402.47,Moderate,50,No,No,71.8,14.7,86.5,Partial Payment,,ADJ-146,10,4.0,
IS-CLM-2025000928,2025-08-15,Collision,AZ,E-Portal,276.0,1533.36,Simple,49,No,No,102.2,6.3,108.4,Denied,Insufficient documentation,ADJ-131,2,,
IS-CLM-2025000929,2025-08-12,Bodily Injury,FL,Phone,519.77,4228.57,Simple,81,Yes,No,14.5,4.7,19.2,Partial Payment,,ADJ-139,4,2.0,
IS-CLM-2025000930,2025-09-15,Bodily Injury,MA,Fax/EDI,969.99,18933.8,Complex,52,Yes,Yes,163.9,56.1,220.0,Partial Payment,,ADJ-102,10,,
IS-CLM-2025000931,2025-08-31,Comprehensive,IL,Fax/EDI,337.21,404.47,Simple,46,No,No,3.0,2.9,5.9,Paid in Full,,ADJ-105,3,4.0,
IS-CLM-2025000932,2025-11-06,Bodily Injury,GA,Phone,1094.03,53267.22,Complex,5,Yes,Yes,285.0,59.4,344.4,Paid in Full,,ADJ-123,17,3.0,
IS-CLM-2025000933,2025-10-21,Collision,NC,Fax/EDI,565.02,785.35,Simple,80,No,No,28.9,6.2,35.1,Partial Payment,,ADJ-107,1,,No
IS-CLM-2025000934,2025-09-21,Comprehensive,MD,Fax/EDI,378.9,1439.03,Simple,54,No,No,19.5,6.9,26.4,Paid in Full,,ADJ-140,5,,
IS-CLM-2025000935,2025-06-27,Bodily Injury,MO,Phone,474.77,4256.46,Simple,41,Yes,Yes,17.3,3.3,20.6,Paid in Full,,ADJ-124,2,,
IS-CLM-2025000936,2025-11-29,Comprehensive,MD,E-Portal,296.17,2790.07,Simple,99,No,No,4.2,3.3,7.5,Denied,Policy lapsed,ADJ-142,3,3.0,
IS-CLM-2025000937,2025-07-06,Collision,NY,E-Portal,501.41,5534.55,Moderate,44,Yes,No,103.2,28.9,132.1,Partial Payment,,ADJ-150,3,3.0,
IS-CLM-2025000938,2025-12-25,Comprehensive,MA,E-Portal,317.17,819.71,Simple,46,No,No,35.2,3.9,39.1,Paid in Full,,ADJ-124,4,4.0,
IS-CLM-2025000939,2025-11-18,Liability,GA,E-Portal,537.62,9311.54,Moderate,68,No,No,27.3,15.3,42.7,Settled,,ADJ-115,5,,
IS-CLM-2025000940,2025-09-14,Collision,TN,E-Portal,370.6,1441.69,Simple,48,No,No,97.3,3.4,100.7,Denied,Insufficient documentation,ADJ-102,4,4.0,
IS-CLM-2025000941,2025-06-03,Comprehensive,IN,E-Portal,687.79,24021.6,Complex,9,Yes,Yes,29.6,6.9,36.5,Denied,Pre-existing damage,ADJ-104,11,,
IS-CLM-2025000942,2025-11-17,Collision,PA,Phone,426.6,1665.38,Simple,98,Yes,No,41.4,8.6,50.0,Paid in Full,,ADJ-146,5,,
IS-CLM-2025000943,2025-09-16,Comprehensive,AZ,E-Portal,362.91,3627.29,Simple,64,No,No,87.2,4.5,91.7,Partial Payment,,ADJ-121,3,2.0,
IS-CLM-2025000944,2025-08-11,Comprehensive,IN,E-Portal,546.68,10684.91,Moderate,32,Yes,No,40.5,10.5,51.0,Paid in Full,,ADJ-135,12,,
IS-CLM-2025000945,2025-11-14,Comprehensive,MD,E-Portal,267.09,2612.55,Simple,69,No,No,16.9,5.1,22.0,Paid in Full,,ADJ-126,2,,
IS-CLM-2025000946,2025-06-22,Bodily Injury,TX,Fax/EDI,1154.32,9394.38,Complex,12,Yes,No,79.5,41.6,121.1,Settled,,ADJ-134,13,4.0,
IS-CLM-2025000947,2025-06-24,Bodily Injury,IN,Fax/EDI,426.67,3037.38,Simple,27,No,Yes,16.9,5.7,22.6,Denied,Policy lapsed,ADJ-135,5,4.0,
IS-CLM-2025000948,2025-12-16,Bodily Injury,NJ,Fax/EDI,764.15,7205.86,Moderate,15,No,No,35.5,20.1,55.6,Paid in Full,,ADJ-104,8,4.0,
IS-CLM-2025000949,2025-10-08,Liability,MI,E-Portal,537.03,5112.87,Moderate,60,No,No,5.0,15.2,20.2,Settled,,ADJ-120,12,,
IS-CLM-2025000950,2025-09-25,Collision,VA,Phone,797.59,24793.44,Moderate,48,No,Yes,95.3,16.1,111.3,Paid in Full,,ADJ-137,11,,
IS-CLM-2025000951,2025-07-30,Comprehensive,MI,Phone,488.74,1273.37,Simple,63,No,No,3.9,5.3,9.2,Partial Payment,,ADJ-137,2,,No
IS-CLM-2025000952,2025-10-12,Property Damage,GA,E-Portal,207.76,3675.27,Simple,40,No,No,109.1,4.5,113.6,Paid in Full,,ADJ-124,4,3.0,
IS-CLM-2025000953,2025-11-30,Bodily Injury,TN,E-Portal,639.37,8871.17,Moderate,36,Yes,No,102.8,13.9,116.7,Settled,,ADJ-131,6,4.0,
IS-CLM-2025000954,2025-09-03,Liability,IN,E-Portal,473.84,7239.2,Moderate,50,Yes,No,131.4,15.6,147.0,Partial Payment,,ADJ-138,10,,No
IS-CLM-2025000955,2025-09-21,Comprehensive,MA,E-Portal,504.75,5961.17,Moderate,18,Yes,No,16.1,10.9,26.9,Partial Payment,,ADJ-133,5,3.0,
IS-CLM-2025000956,2025-09-26,Collision,PA,Phone,938.93,9080.1,Moderate,50,Yes,No,10.0,12.4,22.4,Denied,Insufficient documentation,ADJ-114,10,2.0,
IS-CLM-2025000957,2025-12-09,Comprehensive,IL,Fax/EDI,338.5,726.37,Simple,69,No,No,51.2,5.5,56.8,Paid in Full,,ADJ-139,4,4.0,
IS-CLM-2025000958,2025-09-03,Liability,WI,Phone,830.61,15881.81,Moderate,29,Yes,No,84.8,15.5,100.3,Paid in Full,,ADJ-124,7,4.0,
IS-CLM-2025000959,2025-06-08,Liability,PA,Fax/EDI,1180.39,8345.7,Complex,27,Yes,No,31.9,88.4,120.4,Partial Payment,,ADJ-120,9,4.0,
IS-CLM-2025000960,2025-12-27,Liability,MA,Phone,763.6,6628.18,Moderate,51,Yes,No,92.5,8.4,100.9,Denied,Exceeded policy limit,ADJ-131,12,2.0,
IS-CLM-2025000961,2025-09-24,Collision,VA,Fax/EDI,649.56,10649.72,Moderate,39,Yes,Yes,204.2,18.8,223.1,Denied,Fraud suspected,ADJ-109,5,3.0,
IS-CLM-2025000962,2025-09-26,Comprehensive,MD,E-Portal,493.47,19994.94,Moderate,5,Yes,Yes,10.4,27.6,38.0,Paid in Full,,ADJ-106,12,,
IS-CLM-2025000963,2025-09-13,Collision,AZ,E-Portal,632.48,10058.04,Complex,59,Yes,No,11.7,67.4,79.1,Settled,,ADJ-129,16,2.0,
IS-CLM-2025000964,2025-06-23,Collision,IL,Fax/EDI,629.3,9613.31,Moderate,49,Yes,No,29.8,9.2,39.0,Partial Payment,,ADJ-146,7,3.0,
IS-CLM-2025000965,2025-07-02,Bodily Injury,MO,E-Portal,815.43,19306.13,Complex,32,Yes,No,8.0,37.5,45.5,Denied,Fraud suspected,ADJ-149,12,3.0,
IS-CLM-2025000966,2025-06-05,Comprehensive,NY,E-Portal,192.66,1742.46,Simple,52,No,No,49.7,6.6,56.3,Settled,,ADJ-118,2,3.0,
IS-CLM-2025000967,2025-11-28,Collision,WI,Phone,621.83,1535.18,Simple,29,No,No,19.4,4.8,24.2,Paid in Full,,ADJ-103,4,,
IS-CLM-2025000968,2025-06-06,Comprehensive,VA,Phone,374.98,1414.31,Simple,23,No,No,67.3,3.3,70.5,Paid in Full,,ADJ-121,4,4.0,
IS-CLM-2025000969,2025-06-30,Property Damage,NY,E-Portal,356.14,7439.41,Moderate,33,Yes,No,5.0,4.9,9.9,Paid in Full,,ADJ-150,4,4.0,
IS-CLM-2025000970,2025-09-13,Bodily Injury,IL,Fax/EDI,497.75,1740.05,Simple,43,No,No,39.8,4.9,44.7,Paid in Full,,ADJ-120,4,5.0,
IS-CLM-2025000971,2025-07-07,Collision,TN,E-Portal,353.92,2889.67,Simple,51,No,No,23.7,7.4,31.2,Partial Payment,,ADJ-104,2,2.0,No
IS-CLM-2025000972,2025-10-31,Collision,WI,E-Portal,199.92,1236.26,Simple,63,No,No,40.7,15.0,55.6,Paid in Full,,ADJ-118,1,4.0,
IS-CLM-2025000973,2025-10-20,Comprehensive,TN,Phone,524.25,11089.34,Moderate,5,Yes,No,79.5,11.4,90.9,Settled,,ADJ-118,11,,
IS-CLM-2025000974,2025-11-20,Collision,NY,Fax/EDI,532.96,7111.21,Moderate,83,Yes,No,22.1,19.1,41.1,Partial Payment,,ADJ-120,12,2.0,
IS-CLM-2025000975,2025-06-22,Collision,IN,Phone,769.18,7653.63,Moderate,56,No,No,110.3,15.5,125.8,Paid in Full,,ADJ-116,11,,
IS-CLM-2025000976,2025-10-21,Collision,MD,Phone,592.14,5348.54,Simple,88,No,No,4.7,12.5,17.2,Denied,Filing deadline missed,ADJ-142,2,2.0,
IS-CLM-2025000977,2025-10-02,Collision,NC,Phone,833.33,5874.02,Moderate,42,No,No,49.1,27.4,76.5,Paid in Full,,ADJ-141,6,4.0,
IS-CLM-2025000978,2025-10-09,Comprehensive,NJ,Fax/EDI,970.53,14607.18,Complex,46,Yes,Yes,44.7,39.4,84.2,Denied,Coverage exclusion,ADJ-126,16,1.0,
IS-CLM-2025000979,2025-07-06,Collision,MO,Fax/EDI,722.02,7833.69,Moderate,35,No,No,54.1,8.4,62.5,Settled,,ADJ-121,8,,No
IS-CLM-2025000980,2025-12-10,Bodily Injury,MD,Phone,1082.7,18220.41,Complex,11,Yes,Yes,15.1,49.6,64.7,Pending Review,,ADJ-114,12,,
IS-CLM-2025000981,2025-08-24,Comprehensive,CA,E-Portal,319.62,926.27,Simple,77,Yes,No,85.3,11.2,96.5,Paid in Full,,ADJ-139,4,4.0,
IS-CLM-2025000982,2025-06-03,Comprehensive,IL,E-Portal,289.19,1618.78,Simple,34,No,No,40.1,3.1,43.2,Settled,,ADJ-149,4,3.0,
IS-CLM-2025000983,2025-12-19,Property Damage,FL,Phone,673.62,2844.59,Simple,91,No,No,57.0,4.1,61.0,Paid in Full,,ADJ-129,1,3.0,
IS-CLM-2025000984,2025-12-26,Liability,AZ,Phone,1247.02,8083.43,Complex,44,Yes,No,45.1,39.6,84.8,Pending Review,,ADJ-145,5,,
IS-CLM-2025000985,2025-09-03,Collision,OH,E-Portal,501.16,8280.39,Moderate,51,Yes,No,46.3,17.4,63.7,Paid in Full,,ADJ-118,8,3.0,
IS-CLM-2025000986,2025-12-26,Comprehensive,WA,Phone,409.52,2764.33,Simple,64,No,No,89.8,15.7,105.5,Paid in Full,,ADJ-124,1,3.0,
IS-CLM-2025000987,2025-11-28,Collision,WA,E-Portal,441.24,4818.88,Moderate,53,Yes,No,52.4,17.5,69.9,Paid in Full,,ADJ-118,12,3.0,
IS-CLM-2025000988,2025-07-14,Liability,MO,E-Portal,354.04,2669.71,Moderate,34,No,No,33.5,22.4,55.8,Paid in Full,,ADJ-112,4,3.0,
IS-CLM-2025000989,2025-12-08,Liability,FL,E-Portal,693.23,38445.7,Complex,36,Yes,Yes,41.0,26.2,67.2,Paid in Full,,ADJ-134,16,,
IS-CLM-2025000990,2025-07-20,Liability,CA,E-Portal,653.22,9252.67,Moderate,29,No,No,44.5,17.6,62.1,Paid in Full,,ADJ-117,11,,
IS-CLM-2025000991,2025-06-01,Liability,TN,Fax/EDI,820.74,21315.22,Complex,28,Yes,No,153.1,18.1,171.2,Denied,Filing deadline missed,ADJ-127,9,2.0,
IS-CLM-2025000992,2025-10-11,Comprehensive,MD,E-Portal,351.9,809.28,Simple,56,No,No,59.3,2.2,61.6,Paid in Full,,ADJ-147,2,4.0,
IS-CLM-2025000993,2025-09-16,Property Damage,MO,Phone,425.79,1932.91,Simple,49,Yes,Yes,31.4,7.8,39.2,Paid in Full,,ADJ-137,1,,
IS-CLM-2025000994,2025-07-28,Bodily Injury,TN,Fax/EDI,992.38,21477.76,Complex,62,Yes,No,57.1,20.5,77.6,Denied,Filing deadline missed,ADJ-141,15,3.0,
IS-CLM-2025000995,2025-10-01,Collision,TN,Fax/EDI,412.64,1001.47,Simple,66,No,No,22.0,3.6,25.6,Denied,Filing deadline missed,ADJ-116,1,3.0,
IS-CLM-2025000996,2025-08-27,Bodily Injury,TX,Phone,695.56,44501.11,Moderate,82,Yes,Yes,31.3,14.3,45.6,Paid in Full,,ADJ-139,12,4.0,
IS-CLM-2025000997,2025-06-25,Property Damage,MD,E-Portal,808.37,8079.57,Complex,28,Yes,No,85.9,26.7,112.6,Paid in Full,,ADJ-103,11,4.0,
IS-CLM-2025000998,2025-11-25,Collision,FL,Phone,550.87,1235.75,Simple,59,Yes,No,8.0,6.0,14.0,Paid in Full,,ADJ-104,3,,
IS-CLM-2025000999,2025-09-19,Comprehensive,FL,E-Portal,432.7,5797.2,Moderate,12,Yes,No,25.6,11.6,37.2,Denied,Exceeded policy limit,ADJ-126,4,,
IS-CLM-2025001000,2025-09-14,Bodily Injury,GA,Phone,1385.34,42065.38,Complex,33,Yes,Yes,15.8,50.3,66.1,Partial Payment,,ADJ-130,11,2.0,
IS-CLM-2025001001,2025-09-18,Liability,WA,E-Portal,453.12,6603.93,Moderate,45,Yes,No,142.3,15.5,157.8,Paid in Full,,ADJ-130,11,4.0,No
IS-CLM-2025001002,2025-07-20,Collision,NY,E-Portal,300.4,2480.43,Simple,93,No,No,44.2,5.4,49.6,Paid in Full,,ADJ-113,5,3.0,
IS-CLM-2025001003,2025-10-09,Property Damage,NC,E-Portal,314.02,4365.55,Simple,88,No,Yes,92.4,1.5,93.9,Partial Payment,,ADJ-109,1,3.0,
IS-CLM-2025001004,2025-08-19,Property Damage,WI,E-Portal,518.35,4627.5,Moderate,53,No,No,164.3,27.3,191.6,Paid in Full,,ADJ-135,5,4.0,
IS-CLM-2025001005,2025-08-19,Collision,WA,Fax/EDI,431.9,1000.08,Simple,99,No,No,19.3,6.5,25.8,Partial Payment,,ADJ-144,2,3.0,
IS-CLM-2025001006,2025-10-08,Collision,MO,Fax/EDI,262.6,5532.69,Simple,49,No,Yes,20.6,5.4,25.9,Partial Payment,,ADJ-113,1,4.0,
IS-CLM-2025001007,2025-11-18,Collision,MA,E-Portal,582.96,7100.55,Moderate,13,No,No,9.1,12.3,21.4,Partial Payment,,ADJ-122,12,2.0,
IS-CLM-2025001008,2025-08-25,Bodily Injury,WA,Fax/EDI,1273.49,9947.29,Complex,5,Yes,No,129.2,27.1,156.3,Paid in Full,,ADJ-103,12,4.0,
IS-CLM-2025001009,2025-06-01,Property Damage,GA,E-Portal,429.34,2245.3,Simple,62,No,No,13.5,7.0,20.5,Paid in Full,,ADJ-131,3,,
IS-CLM-2025001010,2025-09-05,Collision,OH,Fax/EDI,399.15,4678.33,Simple,91,No,No,36.1,3.2,39.4,Denied,Coverage exclusion,ADJ-105,3,1.0,
IS-CLM-2025001011,2025-06-30,Comprehensive,PA,E-Portal,690.79,13759.97,Complex,5,Yes,Yes,27.0,57.0,84.0,Partial Payment,,ADJ-149,10,2.0,
IS-CLM-2025001012,2025-06-08,Liability,OH,E-Portal,769.8,14734.05,Complex,16,Yes,Yes,17.7,28.7,46.4,Denied,Insufficient documentation,ADJ-112,10,,No
IS-CLM-2025001013,2025-08-02,Bodily Injury,IL,Fax/EDI,494.88,18613.85,Moderate,99,Yes,Yes,24.0,20.2,44.2,Denied,Coverage exclusion,ADJ-102,5,2.0,
IS-CLM-2025001014,2025-12-19,Collision,NY,E-Portal,580.4,21335.36,Complex,21,Yes,Yes,194.1,75.5,269.6,Settled,,ADJ-124,17,5.0,
IS-CLM-2025001015,2025-07-14,Bodily Injury,IN,Phone,856.18,10101.71,Complex,10,No,Yes,16.8,44.2,61.0,Denied,Insufficient documentation,ADJ-110,7,,
IS-CLM-2025001016,2025-07-20,Bodily Injury,MO,Fax/EDI,646.56,15980.75,Moderate,63,Yes,No,143.7,10.5,154.3,Partial Payment,,ADJ-116,3,,
IS-CLM-2025001017,2025-10-29,Comprehensive,OH,E-Portal,282.76,3037.36,Simple,62,No,No,124.7,7.7,132.4,Partial Payment,,ADJ-116,1,,
IS-CLM-2025001018,2025-08-11,Comprehensive,PA,Phone,806.21,7813.32,Moderate,49,No,No,27.9,17.0,44.9,Paid in Full,,ADJ-114,4,,
IS-CLM-2025001019,2025-12-20,Liability,WA,Phone,616.27,7174.79,Moderate,51,Yes,No,34.8,36.3,71.1,Denied,Pre-existing damage,ADJ-132,11,2.0,
IS-CLM-2025001020,2025-08-22,Liability,MI,Phone,513.42,7130.63,Simple,69,No,No,19.3,6.7,26.0,Partial Payment,,ADJ-131,3,2.0,No
IS-CLM-2025001021,2025-11-11,Comprehensive,WI,E-Portal,319.5,1378.0,Simple,45,No,No,68.1,6.8,74.9,Paid in Full,,ADJ-116,4,4.0,
IS-CLM-2025001022,2025-09-17,Bodily Injury,AZ,Fax/EDI,443.53,4182.89,Simple,61,No,No,29.9,4.9,34.8,Paid in Full,,ADJ-109,1,4.0,
IS-CLM-2025001023,2025-10-11,Comprehensive,MI,E-Portal,172.62,1571.95,Simple,83,Yes,No,13.4,5.5,18.9,Settled,,ADJ-122,4,3.0,
IS-CLM-2025001024,2025-09-19,Comprehensive,TN,E-Portal,379.8,1151.93,Simple,67,No,Yes,25.1,7.7,32.8,Partial Payment,,ADJ-129,2,2.0,
IS-CLM-2025001025,2025-06-20,Comprehensive,MI,E-Portal,528.49,5789.42,Moderate,60,Yes,No,249.7,20.3,270.0,Denied,Fraud suspected,ADJ-142,4,,
IS-CLM-2025001026,2025-07-29,Comprehensive,NY,Fax/EDI,432.01,1443.31,Simple,90,Yes,No,14.5,11.1,25.6,Paid in Full,,ADJ-113,3,4.0,
IS-CLM-2025001027,2025-12-08,Collision,NC,Phone,474.88,4803.87,Simple,99,No,No,9.6,4.5,14.1,Paid in Full,,ADJ-146,5,,
IS-CLM-2025001028,2025-06-03,Bodily Injury,NJ,E-Portal,841.0,21155.72,Complex,48,Yes,Yes,104.6,30.4,135.0,Paid in Full,,ADJ-126,18,4.0,
IS-CLM-2025001029,2025-11-15,Bodily Injury,CA,E-Portal,509.91,4920.68,Moderate,57,Yes,No,234.7,20.9,255.6,Paid in Full,,ADJ-110,9,4.0,
IS-CLM-2025001030,2025-12-03,Bodily Injury,OH,Phone,715.78,10279.83,Moderate,21,Yes,Yes,98.1,6.6,104.7,Paid in Full,,ADJ-149,10,,
IS-CLM-2025001031,2025-09-27,Liability,VA,E-Portal,548.31,3700.56,Moderate,63,Yes,No,78.9,11.6,90.5,Paid in Full,,ADJ-150,9,3.0,
IS-CLM-2025001032,2025-09-24,Collision,MO,Phone,499.22,1869.16,Simple,59,No,No,120.8,6.5,127.3,Partial Payment,,ADJ-101,4,,
IS-CLM-2025001033,2025-08-30,Bodily Injury,VA,Fax/EDI,1275.27,30054.32,Complex,43,Yes,Yes,323.7,45.4,369.1,Paid in Full,,ADJ-149,17,,
IS-CLM-2025001034,2025-08-16,Bodily Injury,VA,Phone,501.57,2632.0,Simple,37,No,No,5.8,7.9,13.6,Paid in Full,,ADJ-109,2,,Yes
IS-CLM-2025001035,2025-08-24,Comprehensive,WI,Fax/EDI,530.94,1328.76,Simple,30,No,No,59.1,4.2,63.3,Paid in Full,,ADJ-125,2,,
IS-CLM-2025001036,2025-06-17,Comprehensive,MO,E-Portal,461.72,9507.15,Moderate,47,Yes,No,99.6,12.1,111.7,Denied,Exceeded policy limit,ADJ-120,4,1.0,Yes
IS-CLM-2025001037,2025-11-20,Comprehensive,MO,Phone,417.58,4228.27,Simple,61,No,Yes,23.1,8.1,31.2,Partial Payment,,ADJ-113,1,,
IS-CLM-2025001038,2025-09-07,Liability,NJ,E-Portal,582.89,8397.55,Moderate,50,Yes,No,11.4,9.7,21.1,Partial Payment,,ADJ-130,3,3.0,
IS-CLM-2025001039,2025-06-03,Comprehensive,IL,E-Portal,295.95,1899.05,Simple,66,No,No,23.3,6.6,29.9,Paid in Full,,ADJ-108,2,4.0,
IS-CLM-2025001040,2025-10-01,Comprehensive,FL,E-Portal,519.67,15819.4,Moderate,51,No,Yes,5.0,14.0,19.0,Paid in Full,,ADJ-114,7,3.0,No
IS-CLM-2025001041,2025-11-29,Collision,MA,E-Portal,388.05,2486.22,Simple,54,No,No,94.6,2.9,97.5,Settled,,ADJ-113,5,,
IS-CLM-2025001042,2025-09-26,Collision,NC,E-Portal,248.73,2628.07,Simple,68,No,No,6.3,2.9,9.2,Partial Payment,,ADJ-139,2,2.0,
IS-CLM-2025001043,2025-10-24,Property Damage,MA,Fax/EDI,276.64,1687.7,Simple,80,No,No,16.1,13.5,29.6,Partial Payment,,ADJ-119,4,2.0,No
IS-CLM-2025001044,2025-11-30,Collision,NJ,Phone,351.22,1533.42,Simple,58,No,No,33.4,6.8,40.2,Paid in Full,,ADJ-127,2,4.0,
IS-CLM-2025001045,2025-11-06,Collision,TN,Phone,568.91,2431.89,Simple,19,No,No,123.4,3.9,127.4,Partial Payment,,ADJ-126,1,2.0,
IS-CLM-2025001046,2025-07-11,Collision,NC,Fax/EDI,347.38,2342.27,Simple,61,No,Yes,76.2,4.1,80.3,Partial Payment,,ADJ-147,2,,No
IS-CLM-2025001047,2025-09-14,Comprehensive,MO,E-Portal,364.86,8579.99,Moderate,6,Yes,No,10.2,24.0,34.2,Paid in Full,,ADJ-121,9,3.0,
IS-CLM-2025001048,2025-08-04,Liability,OH,Fax/EDI,403.21,3389.34,Simple,79,No,No,67.4,2.7,70.2,Paid in Full,,ADJ-145,4,4.0,
IS-CLM-2025001049,2025-12-08,Property Damage,AZ,E-Portal,387.33,13995.29,Moderate,31,Yes,Yes,71.8,17.3,89.2,Paid in Full,,ADJ-109,8,,Yes
IS-CLM-2025001050,2025-09-27,Liability,MA,Fax/EDI,397.42,2905.56,Simple,95,Yes,No,104.8,13.5,118.3,Paid in Full,,ADJ-146,4,3.0,
IS-CLM-2025001051,2025-12-28,Collision,NC,E-Portal,374.8,2569.71,Simple,40,Yes,Yes,27.6,8.1,35.6,Paid in Full,,ADJ-119,1,3.0,Yes
IS-CLM-2025001052,2025-09-09,Collision,IL,Phone,404.86,1781.43,Simple,99,Yes,No,60.6,3.1,63.7,Paid in Full,,ADJ-129,3,4.0,
IS-CLM-2025001053,2025-11-30,Collision,TX,Phone,716.27,11908.87,Moderate,19,Yes,Yes,47.9,19.7,67.6,Partial Payment,,ADJ-141,11,,
IS-CLM-2025001054,2025-12-01,Comprehensive,NY,E-Portal,261.43,651.73,Simple,60,No,No,59.6,6.9,66.5,Paid in Full,,ADJ-101,1,,Yes
IS-CLM-2025001055,2025-12-14,Bodily Injury,OH,E-Portal,725.49,65508.38,Complex,13,Yes,Yes,78.4,29.0,107.4,Paid in Full,,ADJ-106,5,3.0,
IS-CLM-2025001056,2025-06-04,Bodily Injury,VA,Fax/EDI,685.97,9256.49,Moderate,71,No,No,37.7,12.6,50.3,Partial Payment,,ADJ-107,5,,
IS-CLM-2025001057,2025-06-12,Collision,TN,Phone,437.23,3233.26,Simple,63,No,No,83.1,6.7,89.8,Paid in Full,,ADJ-140,2,,No
IS-CLM-2025001058,2025-09-10,Comprehensive,TN,Fax/EDI,291.78,918.57,Simple,32,Yes,Yes,98.9,5.0,103.9,Paid in Full,,ADJ-142,3,4.0,No
IS-CLM-2025001059,2025-07-25,Bodily Injury,MD,E-Portal,787.69,13068.6,Complex,59,Yes,Yes,14.1,24.8,38.9,Denied,Fraud suspected,ADJ-124,5,1.0,
IS-CLM-2025001060,2025-07-26,Property Damage,TN,Phone,625.39,4298.83,Simple,98,No,Yes,7.6,2.3,9.9,Paid in Full,,ADJ-135,5,4.0,
IS-CLM-2025001061,2025-06-25,Property Damage,WA,Phone,805.42,8884.28,Complex,32,Yes,No,55.4,75.4,130.8,Paid in Full,,ADJ-150,16,3.0,
IS-CLM-2025001062,2025-07-15,Liability,VA,E-Portal,582.39,8925.74,Complex,51,Yes,No,54.9,26.4,81.2,Partial Payment,,ADJ-102,14,,
IS-CLM-2025001063,2025-09-23,Collision,AZ,Phone,910.55,4090.24,Moderate,31,No,No,54.3,10.0,64.3,Denied,Insufficient documentation,ADJ-115,3,,
IS-CLM-2025001064,2025-07-02,Property Damage,NJ,Phone,583.36,2055.77,Simple,74,No,No,4.9,6.0,10.9,Partial Payment,,ADJ-106,1,4.0,
IS-CLM-2025001065,2025-10-06,Liability,NJ,E-Portal,604.08,11321.44,Complex,74,Yes,Yes,86.2,36.1,122.3,Settled,,ADJ-116,16,3.0,
IS-CLM-2025001066,2025-09-22,Comprehensive,VA,Phone,514.87,1577.12,Simple,55,No,No,33.4,8.3,41.6,Partial Payment,,ADJ-134,4,,
IS-CLM-2025001067,2025-08-13,Bodily Injury,CA,Phone,1069.28,40892.77,Complex,30,Yes,Yes,132.1,17.0,149.2,Settled,,ADJ-114,13,3.0,
IS-CLM-2025001068,2025-11-18,Comprehensive,GA,Fax/EDI,406.98,1806.28,Simple,70,No,No,13.6,4.9,18.5,Paid in Full,,ADJ-125,5,3.0,
IS-CLM-2025001069,2025-09-22,Property Damage,CA,E-Portal,505.83,5218.76,Moderate,57,Yes,No,91.6,12.8,104.5,Settled,,ADJ-141,5,,
IS-CLM-2025001070,2025-07-03,Bodily Injury,FL,Phone,999.1,19457.75,Complex,26,Yes,Yes,107.4,31.3,138.7,Settled,,ADJ-114,8,5.0,
IS-CLM-2025001071,2025-09-18,Comprehensive,MD,E-Portal,595.49,6879.59,Moderate,38,No,No,58.7,12.1,70.8,Paid in Full,,ADJ-112,12,3.0,
IS-CLM-2025001072,2025-08-13,Property Damage,WI,E-Portal,295.0,4447.02,Simple,56,No,No,98.2,3.4,101.7,Settled,,ADJ-106,3,2.0,
IS-CLM-2025001073,2025-07-13,Collision,MA,Fax/EDI,338.04,1990.49,Simple,59,No,No,3.0,5.6,8.6,Paid in Full,,ADJ-149,2,,
IS-CLM-2025001074,2025-12-21,Collision,MA,Fax/EDI,287.09,1028.92,Simple,72,No,No,16.2,7.1,23.2,Paid in Full,,ADJ-120,5,5.0,
IS-CLM-2025001075,2025-10-20,Comprehensive,IL,E-Portal,683.47,31209.14,Complex,50,Yes,Yes,91.0,25.9,116.9,Partial Payment,,ADJ-125,13,,Yes
IS-CLM-2025001076,2025-06-19,Comprehensive,VA,E-Portal,566.44,5759.58,Moderate,8,Yes,No,5.0,19.5,24.5,Pending Review,,ADJ-101,3,,
IS-CLM-2025001077,2025-12-04,Comprehensive,MI,E-Portal,534.2,7078.81,Moderate,58,No,No,24.1,27.2,51.3,Denied,Insufficient documentation,ADJ-124,9,3.0,
IS-CLM-2025001078,2025-11-12,Collision,WI,E-Portal,290.1,2147.01,Simple,99,Yes,No,32.1,2.3,34.4,Paid in Full,,ADJ-137,2,3.0,
IS-CLM-2025001079,2025-09-20,Comprehensive,NC,E-Portal,634.25,9170.72,Complex,26,Yes,No,91.5,59.7,151.1,Paid in Full,,ADJ-141,16,4.0,
IS-CLM-2025001080,2025-06-15,Bodily Injury,AZ,Fax/EDI,806.51,14960.17,Complex,42,Yes,Yes,162.2,38.5,200.6,Paid in Full,,ADJ-124,15,,
IS-CLM-2025001081,2025-06-08,Collision,PA,Phone,426.74,1028.22,Simple,75,No,No,240.4,5.9,246.3,Paid in Full,,ADJ-117,2,,
IS-CLM-2025001082,2025-11-17,Bodily Injury,IL,Fax/EDI,543.27,2432.66,Simple,74,Yes,No,3.3,3.1,6.4,Partial Payment,,ADJ-125,4,,
IS-CLM-2025001083,2025-06-21,Collision,IN,E-Portal,358.97,1786.27,Simple,99,No,No,22.2,12.4,34.5,Paid in Full,,ADJ-145,3,3.0,
IS-CLM-2025001084,2025-10-15,Collision,AZ,Phone,440.12,2257.89,Simple,22,No,No,25.1,8.4,33.5,Partial Payment,,ADJ-106,1,,
IS-CLM-2025001085,2025-12-16,Bodily Injury,MI,E-Portal,351.67,23832.91,Moderate,33,Yes,Yes,230.8,12.0,242.8,Paid in Full,,ADJ-148,9,,
IS-CLM-2025001086,2025-06-02,Collision,IL,E-Portal,360.04,2295.22,Simple,67,Yes,No,56.1,3.9,60.0,Paid in Full,,ADJ-145,4,3.0,Yes
IS-CLM-2025001087,2025-11-15,Property Damage,NJ,Fax/EDI,1012.05,42818.42,Complex,30,Yes,Yes,20.0,24.5,44.6,Partial Payment,,ADJ-146,7,2.0,
IS-CLM-2025001088,2025-07-17,Collision,IN,E-Portal,260.11,2820.58,Simple,49,No,Yes,181.7,3.4,185.2,Paid in Full,,ADJ-104,2,,
IS-CLM-2025001089,2025-07-20,Property Damage,NC,Phone,598.87,2012.71,Simple,75,No,Yes,54.7,8.3,62.9,Denied,Fraud suspected,ADJ-141,2,2.0,
IS-CLM-2025001090,2025-06-22,Bodily Injury,AZ,E-Portal,702.8,57221.66,Complex,5,Yes,No,10.0,15.4,25.3,Partial Payment,,ADJ-144,17,2.0,
IS-CLM-2025001091,2025-06-16,Comprehensive,NC,Fax/EDI,1051.06,6912.51,Complex,17,Yes,No,8.0,31.7,39.7,Paid in Full,,ADJ-107,8,4.0,
IS-CLM-2025001092,2025-06-02,Comprehensive,AZ,Phone,546.5,1120.51,Simple,69,No,No,24.1,7.4,31.5,Denied,Exceeded policy limit,ADJ-122,5,1.0,
IS-CLM-2025001093,2025-09-03,Comprehensive,VA,Fax/EDI,415.77,3050.38,Simple,52,No,No,67.9,6.0,73.9,Paid in Full,,ADJ-143,4,4.0,
IS-CLM-2025001094,2025-06-15,Collision,MI,Phone,728.9,6738.09,Moderate,51,No,No,221.1,23.8,244.9,Paid in Full,,ADJ-145,9,,
IS-CLM-2025001095,2025-07-06,Liability,CA,Fax/EDI,533.61,3606.08,Simple,66,No,No,18.5,3.5,22.1,Denied,Insufficient documentation,ADJ-149,2,3.0,
IS-CLM-2025001096,2025-11-06,Collision,MA,Fax/EDI,935.28,14934.51,Complex,33,Yes,Yes,8.0,40.7,48.7,Denied,Insufficient documentation,ADJ-121,5,,Yes
IS-CLM-2025001097,2025-06-12,Liability,VA,E-Portal,358.91,2738.29,Simple,74,No,No,116.0,4.2,120.2,Partial Payment,,ADJ-148,5,,No
IS-CLM-2025001098,2025-08-29,Property Damage,TN,Phone,412.51,4758.96,Simple,72,No,No,11.7,7.1,18.8,Paid in Full,,ADJ-145,1,,
IS-CLM-2025001099,2025-08-15,Bodily Injury,WA,E-Portal,188.85,1495.02,Simple,64,Yes,No,14.7,3.5,18.2,Paid in Full,,ADJ-146,5,4.0,
IS-CLM-2025001100,2025-10-06,Liability,FL,Phone,840.46,11087.52,Moderate,42,Yes,Yes,30.9,34.9,65.8,Paid in Full,,ADJ-130,5,,
IS-CLM-2025001101,2025-06-30,Liability,MA,Phone,488.81,3529.51,Simple,58,No,No,163.1,4.9,168.0,Paid in Full,,ADJ-149,1,4.0,
IS-CLM-2025001102,2025-12-01,Collision,CA,Phone,363.56,1421.31,Simple,55,No,No,66.0,3.6,69.6,Paid in Full,,ADJ-150,3,3.0,
IS-CLM-2025001103,2025-08-05,Collision,MA,E-Portal,352.27,1334.35,Simple,73,No,No,53.7,2.1,55.9,Settled,,ADJ-135,4,4.0,No
IS-CLM-2025001104,2025-11-25,Property Damage,VA,Phone,1242.37,18213.79,Complex,28,Yes,Yes,240.5,28.9,269.4,Paid in Full,,ADJ-139,6,,
IS-CLM-2025001105,2025-09-05,Comprehensive,AZ,Phone,716.67,10135.41,Moderate,36,No,No,76.6,14.2,90.9,Paid in Full,,ADJ-115,6,3.0,No
IS-CLM-2025001106,2025-08-14,Bodily Injury,FL,E-Portal,700.8,47991.88,Complex,5,Yes,Yes,10.7,29.2,39.9,Paid in Full,,ADJ-148,6,3.0,
IS-CLM-2025001107,2025-07-03,Comprehensive,VA,Phone,501.8,1896.47,Simple,51,No,No,123.2,4.5,127.7,Settled,,ADJ-104,5,4.0,
IS-CLM-2025001108,2025-09-08,Comprehensive,TN,Phone,401.05,2883.26,Simple,82,No,Yes,23.5,5.6,29.1,Denied,Pre-existing damage,ADJ-143,5,2.0,
IS-CLM-2025001109,2025-06-28,Liability,AZ,E-Portal,666.9,13038.17,Complex,60,Yes,No,68.5,67.8,136.3,Settled,,ADJ-115,12,,
IS-CLM-2025001110,2025-07-08,Liability,WA,Phone,493.19,1176.35,Simple,99,No,No,24.9,5.5,30.5,Paid in Full,,ADJ-103,5,2.0,No
IS-CLM-2025001111,2025-10-07,Property Damage,NY,Phone,1137.57,5206.96,Complex,31,Yes,No,16.2,64.8,81.0,Denied,Insufficient documentation,ADJ-114,12,4.0,
IS-CLM-2025001112,2025-09-05,Comprehensive,TX,Phone,476.85,1410.31,Simple,64,No,Yes,69.4,4.2,73.7,Paid in Full,,ADJ-147,2,,
IS-CLM-2025001113,2025-06-14,Bodily Injury,IL,Fax/EDI,1214.46,15771.21,Complex,28,Yes,Yes,40.2,43.4,83.6,Pending Review,,ADJ-143,18,,
IS-CLM-2025001114,2025-06-06,Property Damage,MO,Phone,733.58,3974.38,Moderate,59,Yes,No,22.1,13.4,35.5,Partial Payment,,ADJ-126,9,1.0,
IS-CLM-2025001115,2025-12-04,Collision,NJ,Fax/EDI,438.23,1598.51,Simple,55,No,No,60.7,6.1,66.8,Partial Payment,,ADJ-136,4,3.0,
IS-CLM-2025001116,2025-08-22,Collision,WI,E-Portal,354.05,1971.42,Simple,99,Yes,No,39.8,2.1,41.9,Paid in Full,,ADJ-142,2,4.0,
IS-CLM-2025001117,2025-09-22,Collision,MA,Fax/EDI,386.75,1367.14,Simple,73,Yes,No,45.2,7.9,53.1,Paid in Full,,ADJ-148,2,,Yes
IS-CLM-2025001118,2025-06-03,Collision,MI,Fax/EDI,633.39,9997.31,Moderate,29,Yes,No,30.6,29.7,60.3,Paid in Full,,ADJ-110,9,,
IS-CLM-2025001119,2025-09-18,Collision,IL,Phone,394.87,1753.0,Simple,77,Yes,No,59.9,7.4,67.3,Paid in Full,,ADJ-112,1,5.0,No
IS-CLM-2025001120,2025-10-10,Liability,VA,E-Portal,664.08,6946.42,Complex,64,No,No,66.5,20.7,87.2,Paid in Full,,ADJ-126,8,3.0,
IS-CLM-2025001121,2025-08-01,Collision,AZ,E-Portal,504.82,4336.98,Moderate,51,No,No,178.2,25.4,203.6,Denied,Insufficient documentation,ADJ-150,4,,
IS-CLM-2025001122,2025-12-27,Collision,AZ,Phone,414.83,1442.9,Simple,54,No,Yes,6.2,1.4,7.6,Partial Payment,,ADJ-106,1,1.0,
IS-CLM-2025001123,2025-11-19,Collision,IN,E-Portal,280.44,2841.01,Simple,41,No,No,41.6,2.3,43.9,Paid in Full,,ADJ-145,1,,
IS-CLM-2025001124,2025-07-17,Bodily Injury,AZ,Fax/EDI,673.18,32484.37,Complex,42,Yes,Yes,31.8,36.7,68.4,Denied,Fraud suspected,ADJ-121,6,,
IS-CLM-2025001125,2025-12-21,Comprehensive,MO,E-Portal,306.53,1878.15,Simple,86,No,No,22.4,5.4,27.9,Partial Payment,,ADJ-135,5,3.0,
IS-CLM-2025001126,2025-10-11,Bodily Injury,WI,Phone,804.9,4204.92,Moderate,47,No,No,20.5,22.5,43.0,Partial Payment,,ADJ-114,4,3.0,
IS-CLM-2025001127,2025-11-01,Collision,IL,Phone,429.31,2307.94,Simple,69,No,No,60.4,6.0,66.4,Paid in Full,,ADJ-109,5,4.0,
IS-CLM-2025001128,2025-07-12,Collision,FL,Phone,624.23,1077.16,Simple,99,No,No,4.5,5.2,9.7,Paid in Full,,ADJ-108,5,3.0,Yes
IS-CLM-2025001129,2025-10-18,Property Damage,IL,Phone,468.0,1207.9,Simple,46,No,No,13.3,6.2,19.5,Paid in Full,,ADJ-120,1,,
IS-CLM-2025001130,2025-10-11,Collision,NJ,Phone,1146.83,13880.24,Complex,31,Yes,Yes,28.4,33.6,62.0,Pending Review,,ADJ-145,10,,Yes
IS-CLM-2025001131,2025-08-30,Bodily Injury,WA,Fax/EDI,1221.42,23062.48,Complex,31,Yes,Yes,63.4,53.8,117.2,Denied,Pre-existing damage,ADJ-103,8,1.0,Yes
IS-CLM-2025001132,2025-07-26,Property Damage,PA,Fax/EDI,436.69,2053.93,Simple,51,No,No,3.0,11.2,14.2,Paid in Full,,ADJ-109,5,4.0,
IS-CLM-2025001133,2025-10-19,Liability,NC,E-Portal,599.71,15697.64,Complex,49,Yes,Yes,34.7,45.3,80.0,Denied,Exceeded policy limit,ADJ-117,15,3.0,
IS-CLM-2025001134,2025-11-25,Comprehensive,PA,Phone,853.67,10524.6,Complex,45,Yes,Yes,101.1,24.7,125.8,Paid in Full,,ADJ-141,16,,
IS-CLM-2025001135,2025-11-30,Collision,MI,E-Portal,298.42,1994.56,Simple,28,No,No,93.2,4.5,97.6,Paid in Full,,ADJ-111,4,,
IS-CLM-2025001136,2025-08-20,Bodily Injury,TN,E-Portal,533.62,10660.96,Moderate,69,No,Yes,132.7,7.1,139.8,Paid in Full,,ADJ-135,4,,
IS-CLM-2025001137,2025-09-13,Comprehensive,FL,Fax/EDI,529.25,2877.84,Simple,40,Yes,No,15.8,11.6,27.5,Partial Payment,,ADJ-150,3,3.0,
IS-CLM-2025001138,2025-12-22,Collision,GA,E-Portal,763.65,5783.34,Complex,26,Yes,No,10.6,17.1,27.7,Settled,,ADJ-115,11,,
IS-CLM-2025001139,2025-12-18,Property Damage,NY,E-Portal,763.63,16839.48,Complex,5,Yes,Yes,297.0,22.8,319.8,Paid in Full,,ADJ-132,6,3.0,
IS-CLM-2025001140,2025-11-27,Comprehensive,WI,Fax/EDI,505.01,840.11,Simple,92,No,Yes,26.4,3.2,29.6,Denied,Coverage exclusion,ADJ-149,4,2.0,
IS-CLM-2025001141,2025-12-24,Collision,MO,E-Portal,454.87,5175.41,Moderate,57,No,No,21.8,7.2,29.0,Settled,,ADJ-117,3,,
IS-CLM-2025001142,2025-11-30,Property Damage,PA,E-Portal,264.19,2681.07,Simple,90,Yes,No,42.1,5.3,47.4,Paid in Full,,ADJ-118,1,,
IS-CLM-2025001143,2025-11-11,Property Damage,MI,E-Portal,213.73,1862.12,Simple,36,No,No,14.1,5.5,19.5,Paid in Full,,ADJ-146,4,4.0,
IS-CLM-2025001144,2025-08-30,Bodily Injury,MD,Phone,786.52,44014.64,Complex,5,Yes,Yes,42.6,42.0,84.6,Paid in Full,,ADJ-146,18,3.0,
IS-CLM-2025001145,2025-11-10,Liability,FL,E-Portal,500.46,14672.06,Moderate,54,Yes,Yes,112.8,11.8,124.6,Partial Payment,,ADJ-106,4,3.0,
IS-CLM-2025001146,2025-08-01,Collision,FL,Phone,594.95,2030.01,Simple,30,Yes,No,279.1,4.0,283.1,Paid in Full,,ADJ-136,4,,
IS-CLM-2025001147,2025-06-03,Collision,TN,E-Portal,752.62,11372.77,Complex,53,Yes,No,32.0,39.9,71.8,Pending Review,,ADJ-144,15,,
IS-CLM-2025001148,2025-11-26,Comprehensive,NY,E-Portal,326.42,3166.2,Simple,99,No,No,13.1,3.0,16.0,Partial Payment,,ADJ-148,1,,
IS-CLM-2025001149,2025-11-27,Liability,MO,E-Portal,757.41,5149.59,Complex,27,Yes,No,28.2,45.0,73.2,Paid in Full,,ADJ-134,15,,
IS-CLM-2025001150,2025-11-03,Collision,MD,Fax/EDI,435.1,1669.09,Simple,67,No,No,49.9,5.9,55.8,Paid in Full,,ADJ-134,2,4.0,
IS-CLM-2025001151,2025-09-02,Collision,PA,Fax/EDI,388.97,2291.42,Simple,53,No,No,26.6,2.6,29.1,Paid in Full,,ADJ-125,2,3.0,No
IS-CLM-2025001152,2025-06-29,Property Damage,VA,Fax/EDI,596.96,3986.21,Moderate,35,Yes,No,44.1,15.0,59.0,Partial Payment,,ADJ-150,4,3.0,
IS-CLM-2025001153,2025-10-02,Collision,NJ,E-Portal,400.11,11899.96,Moderate,32,Yes,Yes,25.8,12.0,37.8,Settled,,ADJ-126,6,,
IS-CLM-2025001154,2025-11-12,Property Damage,IN,E-Portal,256.52,2166.13,Simple,80,Yes,No,21.0,6.7,27.7,Paid in Full,,ADJ-132,1,4.0,
IS-CLM-2025001155,2025-11-05,Comprehensive,MD,E-Portal,312.95,4599.32,Simple,73,No,No,3.0,6.2,9.2,Paid in Full,,ADJ-147,2,4.0,
IS-CLM-2025001156,2025-06-03,Liability,NY,Phone,1158.0,32845.37,Complex,22,Yes,Yes,27.1,75.5,102.7,Partial Payment,,ADJ-110,11,4.0,
IS-CLM-2025001157,2025-10-03,Comprehensive,CA,Fax/EDI,429.97,1276.06,Simple,74,No,No,21.7,9.8,31.5,Paid in Full,,ADJ-126,3,3.0,
IS-CLM-2025001158,2025-09-18,Collision,IL,Phone,503.83,1844.86,Simple,40,No,No,3.0,3.6,6.6,Partial Payment,,ADJ-143,4,3.0,
IS-CLM-2025001159,2025-08-30,Bodily Injury,TN,Phone,735.55,14420.92,Moderate,56,No,Yes,5.8,10.9,16.7,Partial Payment,,ADJ-103,5,3.0,
IS-CLM-2025001160,2025-12-08,Property Damage,VA,Phone,538.12,4867.83,Simple,37,Yes,No,39.9,14.5,54.4,Partial Payment,,ADJ-131,3,4.0,
IS-CLM-2025001161,2025-10-04,Liability,MO,Phone,896.64,21656.27,Complex,23,Yes,No,105.7,54.7,160.4,Settled,,ADJ-150,11,3.0,
IS-CLM-2025001162,2025-12-07,Collision,AZ,Fax/EDI,502.01,4788.58,Moderate,41,No,No,5.0,5.8,10.8,Paid in Full,,ADJ-101,6,4.0,
IS-CLM-2025001163,2025-08-27,Property Damage,TN,Fax/EDI,744.06,5126.88,Moderate,28,No,Yes,79.7,12.7,92.4,Settled,,ADJ-132,4,,
IS-CLM-2025001164,2025-08-03,Bodily Injury,WA,Fax/EDI,696.49,11113.61,Complex,17,Yes,Yes,56.2,97.8,154.1,Denied,Pre-existing damage,ADJ-117,16,2.0,
IS-CLM-2025001165,2025-12-28,Comprehensive,TN,E-Portal,652.21,2721.51,Moderate,24,No,No,124.2,9.5,133.8,Settled,,ADJ-133,12,2.0,
IS-CLM-2025001166,2025-10-30,Bodily Injury,PA,E-Portal,245.68,4429.05,Simple,79,Yes,No,118.6,6.1,124.7,Paid in Full,,ADJ-113,2,3.0,
IS-CLM-2025001167,2025-11-05,Comprehensive,OH,Fax/EDI,414.76,1129.36,Simple,72,No,No,3.0,6.1,9.1,Partial Payment,,ADJ-145,2,2.0,
IS-CLM-2025001168,2025-09-18,Collision,MA,Phone,685.2,14152.68,Moderate,75,Yes,Yes,79.4,10.4,89.8,Pending Review,,ADJ-118,8,,
IS-CLM-2025001169,2025-08-29,Comprehensive,TN,E-Portal,248.25,2661.18,Simple,60,No,Yes,8.3,7.2,15.5,Paid in Full,,ADJ-143,3,2.0,
IS-CLM-2025001170,2025-09-29,Collision,NC,Fax/EDI,525.37,1433.71,Simple,69,Yes,No,13.0,13.5,26.5,Partial Payment,,ADJ-124,3,3.0,
IS-CLM-2025001171,2025-06-25,Comprehensive,CA,E-Portal,571.58,4502.27,Moderate,48,No,No,5.0,9.7,14.7,Paid in Full,,ADJ-124,8,,
IS-CLM-2025001172,2025-10-29,Property Damage,IN,E-Portal,548.89,4342.42,Moderate,63,Yes,No,27.9,22.8,50.6,Paid in Full,,ADJ-106,4,4.0,Yes
IS-CLM-2025001173,2025-12-08,Bodily Injury,WA,E-Portal,924.76,27697.0,Complex,12,No,No,92.7,65.4,158.1,Settled,,ADJ-113,16,3.0,
IS-CLM-2025001174,2025-06-26,Bodily Injury,FL,E-Portal,703.15,8158.08,Complex,42,Yes,No,10.6,53.1,63.8,Settled,,ADJ-131,17,4.0,
IS-CLM-2025001175,2025-12-02,Comprehensive,PA,E-Portal,325.26,1306.65,Simple,25,No,No,33.6,5.3,38.8,Partial Payment,,ADJ-149,5,,No
IS-CLM-2025001176,2025-09-02,Collision,MD,Phone,496.29,1587.57,Simple,69,Yes,No,70.1,6.2,76.3,Paid in Full,,ADJ-131,4,4.0,No
IS-CLM-2025001177,2025-10-07,Collision,CA,E-Portal,261.59,1308.15,Simple,30,No,No,37.3,4.5,41.8,Settled,,ADJ-119,1,,
IS-CLM-2025001178,2025-06-16,Property Damage,OH,Phone,741.47,3353.17,Moderate,39,Yes,No,5.3,20.3,25.6,Denied,Pre-existing damage,ADJ-133,4,3.0,
IS-CLM-2025001179,2025-12-10,Collision,IN,E-Portal,308.31,925.31,Simple,55,No,Yes,76.2,7.8,84.0,Paid in Full,,ADJ-112,1,3.0,
IS-CLM-2025001180,2025-07-26,Comprehensive,WI,E-Portal,231.35,5481.85,Simple,71,No,No,41.5,10.8,52.3,Settled,,ADJ-146,5,2.0,
IS-CLM-2025001181,2025-07-27,Bodily Injury,NJ,Phone,412.76,1824.6,Simple,15,No,No,22.8,5.1,28.0,Partial Payment,,ADJ-103,5,4.0,
IS-CLM-2025001182,2025-06-11,Liability,PA,E-Portal,310.54,6019.89,Simple,18,No,No,14.5,3.5,18.1,Paid in Full,,ADJ-104,2,,
IS-CLM-2025001183,2025-07-24,Property Damage,MO,Fax/EDI,403.7,6757.69,Simple,99,No,No,3.0,2.2,5.2,Partial Payment,,ADJ-106,5,3.0,
IS-CLM-2025001184,2025-07-05,Comprehensive,TN,Phone,516.29,2683.4,Simple,29,No,No,14.8,5.8,20.6,Settled,,ADJ-101,3,4.0,
IS-CLM-2025001185,2025-08-11,Comprehensive,IL,Phone,473.17,912.6,Simple,79,Yes,No,9.1,5.9,15.1,Denied,Pre-existing damage,ADJ-150,5,3.0,No
IS-CLM-2025001186,2025-12-08,Collision,AZ,E-Portal,237.35,1567.46,Simple,24,No,No,15.0,6.8,21.8,Paid in Full,,ADJ-114,4,4.0,
IS-CLM-2025001187,2025-08-08,Collision,OH,E-Portal,656.82,3265.33,Moderate,41,No,No,18.0,8.3,26.3,Settled,,ADJ-110,10,3.0,
IS-CLM-2025001188,2025-12-03,Comprehensive,TN,Fax/EDI,339.36,1912.22,Simple,51,No,Yes,67.7,4.4,72.1,Paid in Full,,ADJ-112,2,5.0,
IS-CLM-2025001189,2025-10-04,Comprehensive,IL,Fax/EDI,238.6,2488.56,Simple,50,Yes,No,8.3,10.6,18.8,Partial Payment,,ADJ-112,4,,
IS-CLM-2025001190,2025-07-19,Bodily Injury,FL,Phone,1057.9,16936.12,Complex,23,Yes,Yes,68.3,47.9,116.3,Denied,Exceeded policy limit,ADJ-107,16,1.0,
IS-CLM-2025001191,2025-12-04,Property Damage,CA,Fax/EDI,575.84,7420.47,Moderate,44,Yes,No,5.0,9.4,14.4,Pending Review,,ADJ-101,3,,
IS-CLM-2025001192,2025-12-15,Property Damage,FL,Phone,392.69,1419.99,Simple,59,No,No,28.6,11.3,39.9,Denied,Pre-existing damage,ADJ-101,1,4.0,
IS-CLM-2025001193,2025-12-27,Property Damage,VA,Fax/EDI,682.09,1955.55,Moderate,33,Yes,No,38.8,19.2,58.0,Settled,,ADJ-149,12,,
IS-CLM-2025001194,2025-12-26,Collision,IL,E-Portal,603.93,4238.63,Complex,44,Yes,No,70.0,8.4,78.4,Settled,,ADJ-135,16,4.0,Yes
IS-CLM-2025001195,2025-10-18,Comprehensive,NY,E-Portal,522.0,6007.21,Moderate,51,Yes,No,5.0,11.4,16.4,Paid in Full,,ADJ-133,9,3.0,
IS-CLM-2025001196,2025-07-28,Bodily Injury,CA,E-Portal,588.3,14390.57,Complex,5,Yes,Yes,151.1,35.6,186.7,Paid in Full,,ADJ-119,8,,
IS-CLM-2025001197,2025-11-23,Comprehensive,AZ,Fax/EDI,296.34,1230.06,Simple,58,No,No,265.4,8.7,274.1,Paid in Full,,ADJ-108,2,4.0,
IS-CLM-2025001198,2025-08-12,Property Damage,MI,Phone,524.32,1154.27,Simple,56,Yes,No,70.9,4.6,75.5,Paid in Full,,ADJ-106,1,,
IS-CLM-2025001199,2025-07-16,Collision,TN,Phone,386.95,1980.14,Simple,65,No,Yes,106.5,7.7,114.2,Settled,,ADJ-143,3,,
IS-CLM-2025001200,2025-08-13,Collision,MI,Phone,463.24,1544.82,Simple,84,No,No,3.3,4.8,8.1,Settled,,ADJ-124,3,,
IS-CLM-2025001201,2025-11-30,Bodily Injury,FL,Fax/EDI,710.22,5870.42,Moderate,19,No,No,55.8,12.2,68.0,Pending Review,,ADJ-150,5,,
IS-CLM-2025001202,2025-09-08,Bodily Injury,MD,Fax/EDI,718.79,13940.65,Moderate,43,No,Yes,48.0,23.4,71.4,Paid in Full,,ADJ-105,4,5.0,
IS-CLM-2025001203,2025-12-04,Collision,NC,E-Portal,243.83,1085.05,Simple,31,No,No,4.4,2.0,6.3,Paid in Full,,ADJ-121,4,4.0,
IS-CLM-2025001204,2025-11-25,Comprehensive,TN,Phone,966.86,17924.13,Moderate,25,Yes,No,168.8,14.4,183.2,Denied,Insufficient documentation,ADJ-125,9,3.0,
IS-CLM-2025001205,2025-10-16,Collision,MO,Phone,1098.32,21431.94,Complex,18,Yes,Yes,61.9,38.2,100.0,Paid in Full,,ADJ-146,11,4.0,
IS-CLM-2025001206,2025-12-16,Collision,GA,E-Portal,850.06,9009.47,Complex,5,Yes,No,65.9,50.2,116.1,Denied,Pre-existing damage,ADJ-102,10,2.0,Yes
IS-CLM-2025001207,2025-07-05,Comprehensive,NY,Fax/EDI,424.53,2634.4,Simple,82,No,No,44.5,7.5,52.0,Denied,Pre-existing damage,ADJ-109,3,2.0,
IS-CLM-2025001208,2025-10-20,Collision,TN,Phone,770.5,6884.95,Moderate,43,No,Yes,65.3,8.7,74.0,Paid in Full,,ADJ-145,5,3.0,
IS-CLM-2025001209,2025-06-07,Collision,TN,E-Portal,666.8,12171.33,Complex,5,Yes,Yes,25.1,30.2,55.3,Paid in Full,,ADJ-139,18,4.0,
IS-CLM-2025001210,2025-07-08,Bodily Injury,MI,E-Portal,728.38,52510.85,Complex,5,Yes,Yes,8.0,89.2,97.2,Denied,Pre-existing damage,ADJ-127,7,,
IS-CLM-2025001211,2025-09-29,Comprehensive,PA,Phone,1195.28,5303.94,Complex,7,Yes,No,8.0,38.1,46.1,Paid in Full,,ADJ-127,16,3.0,Yes
IS-CLM-2025001212,2025-12-18,Collision,CA,E-Portal,333.9,1025.62,Simple,42,Yes,No,39.9,6.5,46.4,Paid in Full,,ADJ-103,5,,
IS-CLM-2025001213,2025-10-07,Bodily Injury,IL,Fax/EDI,765.49,15405.25,Complex,52,Yes,Yes,66.0,40.6,106.7,Denied,Exceeded policy limit,ADJ-136,16,,
IS-CLM-2025001214,2025-10-25,Property Damage,IN,E-Portal,292.3,2239.69,Simple,99,No,Yes,32.9,8.0,40.9,Paid in Full,,ADJ-106,5,3.0,
IS-CLM-2025001215,2025-07-03,Comprehensive,OH,E-Portal,316.72,1667.03,Simple,99,Yes,No,23.9,8.5,32.5,Paid in Full,,ADJ-148,5,,
IS-CLM-2025001216,2025-06-20,Property Damage,MD,Fax/EDI,400.03,2039.29,Simple,23,No,No,4.1,6.0,10.1,Denied,Exceeded policy limit,ADJ-111,1,,
IS-CLM-2025001217,2025-11-13,Collision,TN,Fax/EDI,898.54,5875.01,Complex,24,Yes,No,58.9,70.8,129.7,Pending Review,,ADJ-122,5,,
IS-CLM-2025001218,2025-07-12,Comprehensive,MO,E-Portal,300.19,2030.82,Simple,43,No,No,34.1,5.0,39.1,Settled,,ADJ-136,2,,
IS-CLM-2025001219,2025-06-09,Bodily Injury,GA,Fax/EDI,451.36,7018.78,Simple,84,No,No,7.8,5.8,13.7,Paid in Full,,ADJ-137,4,4.0,
IS-CLM-2025001220,2025-08-20,Bodily Injury,FL,Fax/EDI,677.47,11959.89,Moderate,50,Yes,Yes,31.8,19.5,51.3,Paid in Full,,ADJ-119,9,5.0,
IS-CLM-2025001221,2025-08-20,Collision,AZ,E-Portal,365.23,1217.32,Simple,59,No,Yes,3.0,6.3,9.3,Paid in Full,,ADJ-127,5,4.0,
IS-CLM-2025001222,2025-12-24,Bodily Injury,PA,Fax/EDI,961.95,21200.11,Complex,56,Yes,Yes,90.6,26.7,117.3,Denied,Pre-existing damage,ADJ-103,9,2.0,Yes
IS-CLM-2025001223,2025-11-22,Bodily Injury,MD,Phone,757.26,19079.87,Complex,25,Yes,Yes,24.3,25.8,50.2,Paid in Full,,ADJ-114,17,,
IS-CLM-2025001224,2025-07-07,Comprehensive,IL,E-Portal,256.98,1088.53,Simple,90,No,No,46.3,6.7,53.1,Settled,,ADJ-139,5,,
IS-CLM-2025001225,2025-08-27,Collision,MD,Fax/EDI,969.57,35809.3,Complex,31,Yes,Yes,27.7,47.6,75.3,Denied,Pre-existing damage,ADJ-128,5,,
IS-CLM-2025001226,2025-12-16,Comprehensive,AZ,Phone,874.74,3689.27,Moderate,40,No,No,81.2,17.8,99.0,Paid in Full,,ADJ-137,10,3.0,
IS-CLM-2025001227,2025-06-04,Bodily Injury,PA,Fax/EDI,881.69,8744.51,Complex,31,Yes,No,8.5,18.1,26.6,Denied,Pre-existing damage,ADJ-106,12,1.0,
IS-CLM-2025001228,2025-08-20,Collision,IL,Phone,560.41,3943.22,Simple,67,Yes,No,40.2,7.6,47.8,Settled,,ADJ-124,3,5.0,
IS-CLM-2025001229,2025-07-16,Liability,MD,Phone,446.06,1522.71,Simple,65,No,No,4.6,17.0,21.6,Paid in Full,,ADJ-129,2,,
IS-CLM-2025001230,2025-10-24,Comprehensive,MA,Fax/EDI,513.53,918.73,Simple,54,No,No,45.2,17.1,62.3,Paid in Full,,ADJ-140,2,2.0,
IS-CLM-2025001231,2025-10-10,Comprehensive,WA,Fax/EDI,427.59,1741.88,Simple,21,No,No,83.5,12.8,96.3,Denied,Fraud suspected,ADJ-144,1,,
IS-CLM-2025001232,2025-11-12,Comprehensive,TX,E-Portal,357.62,1318.32,Simple,39,No,Yes,35.0,10.3,45.3,Paid in Full,,ADJ-107,3,2.0,
IS-CLM-2025001233,2025-10-24,Comprehensive,AZ,Phone,1024.51,19219.7,Complex,9,Yes,No,33.6,23.6,57.2,Partial Payment,,ADJ-123,12,1.0,No
IS-CLM-2025001234,2025-10-15,Bodily Injury,MD,E-Portal,700.95,13029.98,Complex,33,Yes,Yes,134.1,22.4,156.5,Denied,Exceeded policy limit,ADJ-150,11,4.0,
IS-CLM-2025001235,2025-08-24,Liability,FL,Fax/EDI,695.96,5996.61,Moderate,54,No,No,31.0,12.4,43.5,Partial Payment,,ADJ-145,10,4.0,
IS-CLM-2025001236,2025-09-25,Collision,TX,Phone,444.99,699.42,Simple,54,No,Yes,11.0,6.0,17.0,Paid in Full,,ADJ-137,1,,
IS-CLM-2025001237,2025-12-16,Collision,AZ,E-Portal,576.35,6166.24,Complex,74,Yes,Yes,44.5,21.7,66.2,Denied,Exceeded policy limit,ADJ-114,18,1.0,Yes
IS-CLM-2025001238,2025-12-12,Liability,TN,E-Portal,670.77,11298.1,Complex,26,Yes,Yes,8.0,50.3,58.3,Pending Review,,ADJ-126,6,,
IS-CLM-2025001239,2025-11-30,Property Damage,MD,Fax/EDI,923.93,18711.0,Complex,41,Yes,Yes,111.6,48.4,159.9,Partial Payment,,ADJ-117,7,,
IS-CLM-2025001240,2025-06-24,Property Damage,TN,E-Portal,202.68,2674.34,Simple,75,No,No,17.1,4.7,21.8,Denied,Filing deadline missed,ADJ-131,4,2.0,
IS-CLM-2025001241,2025-12-18,Comprehensive,IL,Fax/EDI,873.15,26194.95,Complex,41,Yes,Yes,153.4,75.4,228.9,Settled,,ADJ-137,11,,
IS-CLM-2025001242,2025-10-22,Collision,WA,Fax/EDI,508.07,581.83,Simple,58,No,No,3.0,4.7,7.7,Denied,Policy lapsed,ADJ-147,3,2.0,
IS-CLM-2025001243,2025-09-26,Bodily Injury,PA,Phone,816.11,7508.24,Moderate,21,Yes,No,49.8,14.8,64.7,Paid in Full,,ADJ-144,9,3.0,
IS-CLM-2025001244,2025-12-02,Collision,CA,E-Portal,567.7,2374.9,Moderate,40,No,No,65.3,15.8,81.1,Pending Review,,ADJ-141,10,,
IS-CLM-2025001245,2025-10-27,Comprehensive,NY,Phone,550.31,1621.43,Simple,77,No,No,7.7,4.5,12.2,Partial Payment,,ADJ-135,2,,
IS-CLM-2025001246,2025-07-26,Comprehensive,MI,Fax/EDI,525.4,665.65,Simple,45,No,No,10.8,3.6,14.4,Paid in Full,,ADJ-101,3,,
IS-CLM-2025001247,2025-06-05,Collision,NJ,Fax/EDI,375.17,2386.33,Simple,88,No,No,37.7,8.3,46.1,Partial Payment,,ADJ-145,4,,
IS-CLM-2025001248,2025-09-25,Property Damage,TN,E-Portal,340.93,2431.26,Simple,63,No,No,12.5,3.7,16.2,Paid in Full,,ADJ-149,3,2.0,
IS-CLM-2025001249,2025-07-16,Collision,MD,Fax/EDI,435.3,2027.26,Simple,73,Yes,No,3.6,2.5,6.1,Settled,,ADJ-135,4,2.0,
IS-CLM-2025001250,2025-11-16,Comprehensive,TN,Phone,557.52,736.42,Simple,53,No,Yes,75.5,4.7,80.2,Denied,Pre-existing damage,ADJ-106,1,2.0,
IS-CLM-2025001251,2025-06-05,Collision,WA,Fax/EDI,548.88,2940.8,Simple,89,Yes,No,4.5,6.5,11.0,Paid in Full,,ADJ-135,1,,
IS-CLM-2025001252,2025-10-07,Comprehensive,WI,Fax/EDI,513.51,1404.04,Simple,77,No,Yes,4.0,4.2,8.2,Paid in Full,,ADJ-150,4,3.0,
IS-CLM-2025001253,2025-06-30,Bodily Injury,OH,Phone,579.18,7095.7,Moderate,37,No,No,33.5,16.8,50.2,Partial Payment,,ADJ-130,9,,
IS-CLM-2025001254,2025-11-13,Property Damage,AZ,E-Portal,301.37,3549.17,Simple,59,No,No,7.0,4.3,11.3,Denied,Filing deadline missed,ADJ-117,3,,
IS-CLM-2025001255,2025-12-21,Collision,TN,E-Portal,626.13,10638.81,Complex,14,Yes,Yes,38.4,10.5,48.9,Denied,Coverage exclusion,ADJ-110,17,1.0,No
IS-CLM-2025001256,2025-12-27,Collision,IN,E-Portal,651.95,9790.03,Complex,10,Yes,No,8.0,6.6,14.6,Paid in Full,,ADJ-128,8,5.0,
IS-CLM-2025001257,2025-09-09,Collision,OH,E-Portal,282.8,992.11,Simple,81,No,No,6.0,11.5,17.5,Paid in Full,,ADJ-137,4,4.0,
IS-CLM-2025001258,2025-11-10,Comprehensive,AZ,E-Portal,291.6,580.13,Simple,72,Yes,No,25.4,8.6,34.0,Paid in Full,,ADJ-128,2,3.0,
IS-CLM-2025001259,2025-12-23,Liability,PA,Fax/EDI,512.22,2975.77,Simple,92,No,No,79.1,5.1,84.2,Partial Payment,,ADJ-149,3,,
IS-CLM-2025001260,2025-07-11,Bodily Injury,VA,Phone,838.9,25862.38,Moderate,85,Yes,Yes,56.8,34.6,91.4,Denied,Insufficient documentation,ADJ-150,12,4.0,Yes
IS-CLM-2025001261,2025-11-06,Comprehensive,MO,Phone,569.73,6225.53,Simple,63,Yes,No,21.0,6.2,27.2,Paid in Full,,ADJ-109,4,,
IS-CLM-2025001262,2025-12-17,Collision,MI,Fax/EDI,487.37,4666.68,Simple,88,No,No,24.6,5.7,30.3,Paid in Full,,ADJ-113,5,,No
IS-CLM-2025001263,2025-12-03,Liability,AZ,Fax/EDI,489.6,1069.01,Simple,62,No,No,15.9,9.7,25.6,Settled,,ADJ-141,1,,No
IS-CLM-2025001264,2025-10-27,Property Damage,NY,Fax/EDI,457.67,1837.38,Simple,99,No,No,14.4,6.1,20.5,Denied,Filing deadline missed,ADJ-117,2,1.0,
IS-CLM-2025001265,2025-10-05,Property Damage,MI,E-Portal,414.46,6594.88,Moderate,30,Yes,No,7.6,15.6,23.2,Denied,Pre-existing damage,ADJ-102,9,2.0,
IS-CLM-2025001266,2025-11-08,Comprehensive,FL,Phone,489.95,703.33,Simple,40,No,No,64.6,4.7,69.4,Paid in Full,,ADJ-141,4,,
IS-CLM-2025001267,2025-07-17,Collision,NJ,E-Portal,354.36,1209.72,Simple,44,No,No,57.9,3.2,61.1,Paid in Full,,ADJ-103,1,,
IS-CLM-2025001268,2025-08-28,Collision,MA,Fax/EDI,903.87,9609.66,Complex,5,Yes,No,219.5,22.7,242.1,Settled,,ADJ-134,16,2.0,
IS-CLM-2025001269,2025-07-02,Liability,OH,Fax/EDI,391.42,4006.95,Simple,78,No,No,3.5,11.2,14.8,Paid in Full,,ADJ-149,2,4.0,
IS-CLM-2025001270,2025-09-02,Comprehensive,NY,Fax/EDI,755.24,4306.09,Moderate,40,Yes,No,15.7,14.7,30.5,Paid in Full,,ADJ-106,5,4.0,
IS-CLM-2025001271,2025-10-02,Comprehensive,OH,Fax/EDI,396.79,821.18,Simple,64,No,No,27.6,5.8,33.4,Paid in Full,,ADJ-119,4,,
IS-CLM-2025001272,2025-10-05,Bodily Injury,TN,Fax/EDI,515.45,7599.63,Simple,71,No,Yes,61.4,6.8,68.2,Settled,,ADJ-144,3,,No
IS-CLM-2025001273,2025-06-27,Comprehensive,WI,Phone,635.75,7384.52,Moderate,27,Yes,No,13.8,12.9,26.7,Denied,Policy lapsed,ADJ-132,9,,
IS-CLM-2025001274,2025-09-17,Bodily Injury,WA,E-Portal,586.19,11447.9,Moderate,57,No,No,115.0,22.6,137.6,Settled,,ADJ-128,6,3.0,
IS-CLM-2025001275,2025-09-04,Liability,FL,E-Portal,698.25,31448.35,Complex,23,Yes,Yes,22.2,20.3,42.5,Paid in Full,,ADJ-117,14,4.0,
IS-CLM-2025001276,2025-11-02,Collision,IN,E-Portal,220.49,1538.46,Simple,77,Yes,No,12.6,14.7,27.2,Paid in Full,,ADJ-112,3,3.0,
IS-CLM-2025001277,2025-07-26,Collision,MI,E-Portal,531.0,33917.88,Complex,26,Yes,Yes,8.0,14.7,22.7,Paid in Full,,ADJ-121,16,2.0,
IS-CLM-2025001278,2025-08-24,Collision,OH,Phone,1372.87,8599.47,Complex,5,Yes,No,230.7,34.0,264.7,Settled,,ADJ-136,6,4.0,
IS-CLM-2025001279,2025-11-02,Collision,OH,Phone,364.83,1549.47,Simple,73,Yes,No,25.6,3.8,29.4,Paid in Full,,ADJ-139,1,4.0,
IS-CLM-2025001280,2025-11-13,Collision,TN,E-Portal,300.57,6777.4,Moderate,58,Yes,Yes,20.4,8.8,29.2,Settled,,ADJ-104,10,2.0,
IS-CLM-2025001281,2025-08-10,Bodily Injury,TN,Phone,848.96,43490.57,Complex,52,Yes,Yes,25.9,32.8,58.7,Denied,Exceeded policy limit,ADJ-102,9,3.0,
IS-CLM-2025001282,2025-12-18,Collision,WI,Phone,488.14,3183.73,Simple,67,No,No,27.9,15.5,43.5,Paid in Full,,ADJ-126,1,,
IS-CLM-2025001283,2025-10-14,Collision,TX,Fax/EDI,797.3,5275.47,Moderate,60,Yes,No,100.7,21.6,122.3,Partial Payment,,ADJ-127,7,2.0,
IS-CLM-2025001284,2025-12-10,Bodily Injury,MI,Phone,412.66,5304.13,Simple,88,No,No,30.5,6.6,37.1,Paid in Full,,ADJ-140,1,4.0,
IS-CLM-2025001285,2025-11-26,Property Damage,MD,E-Portal,482.39,8678.38,Moderate,64,No,No,75.5,20.3,95.8,Settled,,ADJ-124,12,4.0,
IS-CLM-2025001286,2025-07-28,Comprehensive,TX,E-Portal,277.82,1265.47,Simple,36,Yes,No,3.0,5.6,8.6,Paid in Full,,ADJ-147,4,4.0,
IS-CLM-2025001287,2025-06-23,Comprehensive,OH,Fax/EDI,423.74,3668.57,Simple,69,No,No,8.5,10.4,18.9,Paid in Full,,ADJ-135,1,,
IS-CLM-2025001288,2025-06-14,Property Damage,NC,E-Portal,297.07,3560.27,Simple,63,Yes,Yes,11.5,8.6,20.1,Denied,Filing deadline missed,ADJ-122,5,,
IS-CLM-2025001289,2025-09-06,Liability,NC,Fax/EDI,925.52,3022.96,Complex,32,Yes,Yes,36.0,20.4,56.4,Paid in Full,,ADJ-121,18,4.0,
IS-CLM-2025001290,2025-10-28,Bodily Injury,TN,Fax/EDI,487.8,5332.48,Simple,67,No,Yes,9.6,13.2,22.8,Paid in Full,,ADJ-131,4,,
IS-CLM-2025001291,2025-08-22,Property Damage,MA,Fax/EDI,549.45,8162.06,Moderate,40,Yes,No,101.7,16.3,118.1,Paid in Full,,ADJ-106,8,3.0,
IS-CLM-2025001292,2025-08-02,Collision,OH,E-Portal,273.43,1456.83,Simple,40,Yes,No,83.2,7.4,90.6,Paid in Full,,ADJ-114,1,,
IS-CLM-2025001293,2025-09-28,Comprehensive,AZ,Fax/EDI,438.61,1655.45,Simple,49,Yes,No,28.0,12.2,40.3,Paid in Full,,ADJ-134,5,,
IS-CLM-2025001294,2025-12-12,Liability,NJ,Fax/EDI,1127.67,4897.88,Complex,14,Yes,No,21.6,46.4,68.0,Paid in Full,,ADJ-107,7,4.0,Yes
IS-CLM-2025001295,2025-09-02,Comprehensive,AZ,E-Portal,233.7,3964.3,Simple,61,No,No,70.8,3.2,74.0,Denied,Pre-existing damage,ADJ-105,3,2.0,
IS-CLM-2025001296,2025-11-23,Property Damage,NJ,E-Portal,241.46,1137.81,Simple,66,No,No,3.0,6.0,9.0,Paid in Full,,ADJ-130,1,,
IS-CLM-2025001297,2025-08-01,Collision,CA,E-Portal,381.76,973.13,Simple,42,No,No,37.3,6.5,43.8,Paid in Full,,ADJ-143,5,3.0,Yes
IS-CLM-2025001298,2025-08-07,Property Damage,NY,E-Portal,893.03,2279.83,Complex,36,Yes,No,233.0,39.1,272.0,Partial Payment,,ADJ-110,11,2.0,
IS-CLM-2025001299,2025-10-09,Comprehensive,VA,E-Portal,364.09,2617.43,Simple,86,No,No,5.4,7.0,12.4,Paid in Full,,ADJ-125,4,2.0,
IS-CLM-2025001300,2025-07-19,Property Damage,AZ,Fax/EDI,321.55,2216.31,Simple,46,No,No,3.0,9.6,12.6,Paid in Full,,ADJ-107,1,,
IS-CLM-2025001301,2025-06-29,Liability,GA,E-Portal,615.31,8465.56,Moderate,78,Yes,No,73.1,20.3,93.4,Paid in Full,,ADJ-105,11,4.0,
IS-CLM-2025001302,2025-07-28,Collision,WA,Phone,489.18,1190.68,Simple,90,No,Yes,8.7,2.2,10.9,Paid in Full,,ADJ-145,3,4.0,
IS-CLM-2025001303,2025-07-14,Comprehensive,OH,E-Portal,693.09,13848.22,Complex,54,Yes,Yes,30.8,17.4,48.3,Denied,Insufficient documentation,ADJ-101,6,3.0,
IS-CLM-2025001304,2025-11-27,Collision,WA,Phone,454.04,3511.0,Simple,55,No,Yes,23.9,13.8,37.6,Paid in Full,,ADJ-121,1,3.0,
IS-CLM-2025001305,2025-08-25,Comprehensive,MD,E-Portal,552.34,2541.1,Moderate,21,No,No,34.8,37.3,72.2,Partial Payment,,ADJ-102,5,,
IS-CLM-2025001306,2025-06-20,Bodily Injury,IL,Phone,734.51,9276.22,Moderate,62,No,No,29.0,19.3,48.3,Paid in Full,,ADJ-131,12,4.0,
IS-CLM-2025001307,2025-08-03,Liability,MA,Phone,1138.85,18145.02,Complex,40,Yes,Yes,8.0,6.7,14.7,Partial Payment,,ADJ-119,18,2.0,Yes
IS-CLM-2025001308,2025-10-07,Property Damage,IL,E-Portal,328.79,4030.65,Simple,83,No,No,3.4,2.1,5.5,Paid in Full,,ADJ-148,3,4.0,
IS-CLM-2025001309,2025-12-06,Property Damage,MI,E-Portal,380.28,4875.54,Moderate,5,Yes,No,192.1,23.4,215.5,Partial Payment,,ADJ-124,10,2.0,
IS-CLM-2025001310,2025-08-30,Collision,NJ,Phone,679.7,8308.44,Moderate,54,No,No,34.7,37.9,72.6,Settled,,ADJ-139,10,4.0,
IS-CLM-2025001311,2025-11-23,Property Damage,IN,Phone,437.04,3257.64,Simple,86,Yes,No,5.3,5.2,10.6,Partial Payment,,ADJ-143,2,1.0,
IS-CLM-2025001312,2025-06-08,Liability,GA,Phone,920.22,25781.4,Moderate,39,Yes,Yes,5.0,16.4,21.4,Paid in Full,,ADJ-114,4,4.0,
IS-CLM-2025001313,2025-09-05,Collision,NY,Fax/EDI,1009.44,9381.58,Complex,5,Yes,No,13.5,43.1,56.6,Settled,,ADJ-129,13,3.0,
IS-CLM-2025001314,2025-11-21,Comprehensive,MI,Fax/EDI,414.17,3937.8,Simple,69,No,No,6.9,5.7,12.6,Paid in Full,,ADJ-118,3,4.0,
IS-CLM-2025001315,2025-10-27,Comprehensive,IN,Fax/EDI,682.65,5832.13,Moderate,6,No,No,30.2,14.2,44.4,Paid in Full,,ADJ-137,8,4.0,
IS-CLM-2025001316,2025-06-03,Collision,MA,E-Portal,371.73,2185.86,Simple,71,Yes,No,49.1,7.4,56.5,Partial Payment,,ADJ-134,3,,
IS-CLM-2025001317,2025-11-18,Comprehensive,IL,Phone,499.31,2267.01,Simple,82,No,No,3.0,3.7,6.7,Paid in Full,,ADJ-101,4,4.0,
IS-CLM-2025001318,2025-08-12,Collision,WI,Phone,796.51,8871.27,Moderate,26,Yes,No,5.0,15.6,20.6,Denied,Insufficient documentation,ADJ-104,7,2.0,
IS-CLM-2025001319,2025-08-12,Collision,IN,E-Portal,261.67,1143.25,Simple,99,No,No,24.2,2.8,27.0,Denied,Coverage exclusion,ADJ-110,2,1.0,
IS-CLM-2025001320,2025-06-21,Collision,NJ,Fax/EDI,506.52,2276.27,Simple,99,No,No,182.1,5.3,187.4,Paid in Full,,ADJ-144,4,4.0,
IS-CLM-2025001321,2025-06-26,Collision,NC,E-Portal,244.46,1126.73,Simple,66,No,No,184.4,6.4,190.7,Paid in Full,,ADJ-121,5,3.0,
IS-CLM-2025001322,2025-12-14,Collision,OH,E-Portal,684.7,10052.41,Complex,7,Yes,Yes,14.4,21.0,35.4,Partial Payment,,ADJ-120,6,2.0,
IS-CLM-2025001323,2025-11-08,Collision,MD,E-Portal,297.65,2165.65,Simple,82,No,No,77.8,4.1,82.0,Settled,,ADJ-128,1,4.0,
IS-CLM-2025001324,2025-09-22,Property Damage,VA,E-Portal,319.98,4283.36,Simple,80,No,No,60.0,7.4,67.4,Denied,Filing deadline missed,ADJ-128,4,3.0,
IS-CLM-2025001325,2025-09-14,Property Damage,MD,Phone,517.33,1059.29,Simple,75,Yes,No,76.1,4.7,80.8,Denied,Coverage exclusion,ADJ-149,2,,
IS-CLM-2025001326,2025-08-17,Bodily Injury,GA,E-Portal,433.17,11358.75,Moderate,99,Yes,Yes,143.7,19.3,163.0,Paid in Full,,ADJ-137,7,3.0,
IS-CLM-2025001327,2025-09-09,Collision,PA,Fax/EDI,510.16,1327.06,Simple,74,Yes,No,24.2,11.9,36.1,Partial Payment,,ADJ-134,4,,
IS-CLM-2025001328,2025-06-22,Collision,TX,Phone,519.12,2103.21,Simple,96,No,No,146.2,14.8,161.0,Paid in Full,,ADJ-119,5,4.0,
IS-CLM-2025001329,2025-08-24,Comprehensive,TX,Fax/EDI,623.93,6824.39,Moderate,78,No,No,32.1,11.5,43.6,Denied,Coverage exclusion,ADJ-134,5,2.0,
IS-CLM-2025001330,2025-10-05,Comprehensive,PA,E-Portal,404.28,3732.44,Moderate,11,No,No,123.5,70.2,193.7,Pending Review,,ADJ-120,7,,
IS-CLM-2025001331,2025-06-02,Liability,MA,E-Portal,481.46,5893.58,Moderate,50,Yes,No,25.5,13.4,39.0,Denied,Policy lapsed,ADJ-139,4,3.0,
IS-CLM-2025001332,2025-08-03,Property Damage,OH,Fax/EDI,653.07,8978.31,Moderate,5,No,No,121.0,21.9,142.9,Pending Review,,ADJ-104,4,,No
IS-CLM-2025001333,2025-10-02,Collision,IL,Fax/EDI,423.66,3027.22,Simple,58,No,No,22.3,6.0,28.3,Paid in Full,,ADJ-140,4,,
IS-CLM-2025001334,2025-11-05,Comprehensive,NY,E-Portal,406.48,4819.9,Moderate,52,No,No,13.6,19.8,33.4,Paid in Full,,ADJ-148,6,3.0,
IS-CLM-2025001335,2025-12-07,Property Damage,MO,Phone,590.28,5220.35,Simple,58,No,Yes,97.7,5.5,103.2,Paid in Full,,ADJ-138,4,3.0,
IS-CLM-2025001336,2025-08-10,Comprehensive,AZ,Fax/EDI,464.83,2019.35,Simple,59,No,No,21.0,5.0,26.1,Paid in Full,,ADJ-110,1,2.0,
IS-CLM-2025001337,2025-07-01,Liability,WI,Phone,1089.05,9375.61,Complex,5,Yes,No,29.9,15.7,45.6,Settled,,ADJ-143,14,2.0,
IS-CLM-2025001338,2025-08-30,Comprehensive,PA,Phone,969.4,13204.09,Complex,18,Yes,Yes,66.2,45.1,111.3,Paid in Full,,ADJ-111,10,4.0,
IS-CLM-2025001339,2025-10-07,Comprehensive,OH,Phone,408.83,2967.08,Simple,28,No,No,18.3,18.5,36.8,Partial Payment,,ADJ-105,2,,
IS-CLM-2025001340,2025-08-30,Bodily Injury,WI,E-Portal,330.89,4938.19,Simple,74,No,Yes,12.5,4.9,17.3,Paid in Full,,ADJ-149,3,,
IS-CLM-2025001341,2025-06-18,Bodily Injury,MA,E-Portal,706.65,4376.71,Complex,15,Yes,No,123.1,18.5,141.6,Pending Review,,ADJ-137,16,,
IS-CLM-2025001342,2025-12-16,Liability,IN,Fax/EDI,805.47,6119.15,Moderate,47,No,No,23.0,10.1,33.1,Paid in Full,,ADJ-138,12,,
IS-CLM-2025001343,2025-06-18,Comprehensive,TX,E-Portal,374.22,1885.07,Simple,71,Yes,Yes,18.4,3.3,21.7,Partial Payment,,ADJ-144,4,3.0,
IS-CLM-2025001344,2025-07-30,Liability,GA,Fax/EDI,676.46,12472.59,Moderate,61,Yes,Yes,5.1,12.8,17.9,Paid in Full,,ADJ-149,9,,
IS-CLM-2025001345,2025-06-16,Property Damage,WA,Fax/EDI,923.62,7497.69,Moderate,28,Yes,No,101.2,38.5,139.8,Denied,Exceeded policy limit,ADJ-139,3,,
IS-CLM-2025001346,2025-08-22,Bodily Injury,NY,Phone,851.94,16850.73,Complex,27,Yes,Yes,154.0,78.4,232.4,Partial Payment,,ADJ-137,13,4.0,
IS-CLM-2025001347,2025-08-04,Comprehensive,MA,Phone,531.84,1525.06,Simple,36,No,No,5.4,6.3,11.7,Paid in Full,,ADJ-111,4,,
IS-CLM-2025001348,2025-12-25,Bodily Injury,OH,Phone,409.27,4433.72,Simple,5,No,No,50.5,7.0,57.5,Denied,Policy lapsed,ADJ-103,2,,
IS-CLM-2025001349,2025-09-01,Property Damage,TN,Phone,838.13,19762.82,Moderate,38,No,No,52.5,18.0,70.4,Paid in Full,,ADJ-147,11,4.0,
IS-CLM-2025001350,2025-07-24,Comprehensive,WI,E-Portal,480.73,12413.37,Moderate,68,Yes,No,13.5,26.2,39.7,Pending Review,,ADJ-109,4,,
IS-CLM-2025001351,2025-11-08,Property Damage,AZ,Fax/EDI,428.07,1395.24,Simple,39,No,No,33.8,6.3,40.2,Partial Payment,,ADJ-107,1,3.0,
IS-CLM-2025001352,2025-06-14,Property Damage,WA,E-Portal,530.24,1937.05,Moderate,31,Yes,Yes,28.6,15.4,44.0,Paid in Full,,ADJ-117,9,,
IS-CLM-2025001353,2025-06-18,Bodily Injury,IL,E-Portal,659.48,57240.48,Complex,9,Yes,Yes,100.3,31.0,131.3,Settled,,ADJ-134,14,4.0,
IS-CLM-2025001354,2025-09-11,Collision,WA,Fax/EDI,583.51,4900.07,Moderate,52,No,No,12.5,11.0,23.5,Denied,Filing deadline missed,ADJ-103,8,4.0,
IS-CLM-2025001355,2025-07-22,Liability,VA,Phone,547.92,12682.32,Moderate,40,Yes,Yes,5.0,12.2,17.2,Partial Payment,,ADJ-147,8,,
IS-CLM-2025001356,2025-11-17,Comprehensive,TX,Phone,416.19,1681.94,Simple,41,Yes,No,39.9,4.8,44.7,Paid in Full,,ADJ-145,1,3.0,
IS-CLM-2025001357,2025-06-19,Liability,TN,Fax/EDI,686.31,9743.03,Moderate,54,Yes,No,5.0,47.6,52.6,Paid in Full,,ADJ-109,7,,
IS-CLM-2025001358,2025-06-27,Liability,TX,Fax/EDI,486.73,3323.38,Simple,58,No,No,5.1,11.5,16.6,Paid in Full,,ADJ-115,1,,
IS-CLM-2025001359,2025-06-07,Comprehensive,OH,Phone,346.37,1949.46,Simple,12,No,No,62.1,11.4,73.4,Paid in Full,,ADJ-148,1,5.0,
IS-CLM-2025001360,2025-06-14,Collision,AZ,Phone,741.81,9579.25,Moderate,39,No,No,143.4,12.2,155.6,Pending Review,,ADJ-109,4,,
IS-CLM-2025001361,2025-11-05,Collision,MI,E-Portal,481.27,2324.01,Moderate,66,Yes,No,39.7,19.2,58.9,Paid in Full,,ADJ-116,6,4.0,
IS-CLM-2025001362,2025-06-03,Collision,GA,Phone,860.88,7361.07,Moderate,74,No,No,74.1,14.1,88.1,Partial Payment,,ADJ-135,12,2.0,
IS-CLM-2025001363,2025-12-23,Bodily Injury,CA,Phone,419.1,2578.58,Simple,82,No,No,8.7,11.8,20.5,Settled,,ADJ-104,2,2.0,
IS-CLM-2025001364,2025-08-12,Property Damage,TX,Fax/EDI,364.6,2567.56,Simple,83,No,No,46.8,4.5,51.4,Settled,,ADJ-109,5,4.0,No
IS-CLM-2025001365,2025-11-16,Comprehensive,NY,E-Portal,201.94,658.5,Simple,21,Yes,No,18.9,5.0,23.9,Paid in Full,,ADJ-114,4,,
IS-CLM-2025001366,2025-12-26,Collision,MI,E-Portal,247.99,1452.32,Simple,58,No,No,29.8,8.1,37.9,Denied,Filing deadline missed,ADJ-124,5,3.0,
IS-CLM-2025001367,2025-11-15,Comprehensive,GA,Phone,676.01,15783.6,Moderate,5,Yes,Yes,78.5,7.5,86.1,Paid in Full,,ADJ-133,4,3.0,
IS-CLM-2025001368,2025-09-14,Comprehensive,WA,E-Portal,331.7,1205.34,Simple,78,Yes,No,19.0,5.0,24.1,Paid in Full,,ADJ-134,2,4.0,
IS-CLM-2025001369,2025-10-20,Property Damage,OH,Phone,586.94,6168.6,Moderate,61,No,No,63.3,28.9,92.2,Partial Payment,,ADJ-116,10,,
IS-CLM-2025001370,2025-09-25,Property Damage,NY,E-Portal,432.38,7986.65,Moderate,51,Yes,No,7.3,35.6,42.9,Partial Payment,,ADJ-125,7,,
IS-CLM-2025001371,2025-06-22,Collision,TX,E-Portal,338.92,3015.99,Simple,58,No,No,112.3,5.1,117.4,Partial Payment,,ADJ-125,4,4.0,
IS-CLM-2025001372,2025-07-23,Comprehensive,AZ,E-Portal,429.54,3400.28,Moderate,42,Yes,No,161.2,16.7,177.9,Partial Payment,,ADJ-135,8,,Yes
IS-CLM-2025001373,2025-11-03,Collision,VA,Fax/EDI,424.81,2491.46,Simple,48,No,No,7.3,5.9,13.2,Paid in Full,,ADJ-138,2,,No
IS-CLM-2025001374,2025-08-27,Collision,WA,E-Portal,345.84,1685.06,Simple,78,No,No,25.3,3.8,29.1,Paid in Full,,ADJ-104,1,4.0,
IS-CLM-2025001375,2025-12-02,Collision,NJ,Phone,923.27,3025.73,Moderate,50,No,No,24.9,13.6,38.5,Denied,Fraud suspected,ADJ-147,12,,
IS-CLM-2025001376,2025-08-06,Comprehensive,IL,Fax/EDI,1126.33,13917.8,Complex,5,Yes,Yes,192.2,41.5,233.7,Partial Payment,,ADJ-116,7,,No
IS-CLM-2025001377,2025-08-11,Collision,NC,Phone,469.63,10268.24,Simple,37,No,No,120.7,4.9,125.6,Denied,Fraud suspected,ADJ-140,3,2.0,
IS-CLM-2025001378,2025-11-16,Property Damage,NC,Phone,432.03,4122.44,Simple,46,No,Yes,6.2,2.3,8.5,Paid in Full,,ADJ-137,3,,
IS-CLM-2025001379,2025-07-16,Bodily Injury,MD,E-Portal,818.2,6057.99,Complex,5,Yes,No,88.0,15.2,103.3,Denied,Filing deadline missed,ADJ-131,15,,
IS-CLM-2025001380,2025-07-26,Property Damage,TN,Fax/EDI,517.24,5180.2,Simple,82,Yes,No,23.7,3.8,27.5,Partial Payment,,ADJ-105,4,1.0,
IS-CLM-2025001381,2025-12-14,Liability,NC,Phone,637.49,6873.48,Simple,79,No,Yes,56.8,3.3,60.1,Paid in Full,,ADJ-140,1,4.0,
IS-CLM-2025001382,2025-11-15,Comprehensive,TX,Fax/EDI,775.93,4812.64,Moderate,53,Yes,No,154.0,8.5,162.5,Paid in Full,,ADJ-136,6,4.0,
IS-CLM-2025001383,2025-11-30,Property Damage,NC,Phone,433.65,2609.0,Simple,64,Yes,No,57.7,2.4,60.0,Partial Payment,,ADJ-135,1,,
IS-CLM-2025001384,2025-08-29,Collision,NY,E-Portal,215.8,2344.69,Simple,31,Yes,No,3.0,5.0,8.0,Paid in Full,,ADJ-114,3,4.0,
IS-CLM-2025001385,2025-12-28,Property Damage,TN,Fax/EDI,353.16,2898.0,Simple,75,No,No,49.0,8.7,57.7,Paid in Full,,ADJ-124,3,,
IS-CLM-2025001386,2025-11-14,Property Damage,MI,E-Portal,828.71,9741.65,Complex,5,No,No,46.8,67.3,114.1,Pending Review,,ADJ-111,10,,
IS-CLM-2025001387,2025-07-09,Collision,WI,Fax/EDI,386.33,826.69,Simple,99,No,No,26.8,5.3,32.1,Paid in Full,,ADJ-148,5,,
IS-CLM-2025001388,2025-11-30,Collision,MI,E-Portal,332.72,3350.2,Simple,99,No,No,6.5,1.8,8.3,Paid in Full,,ADJ-143,2,4.0,
IS-CLM-2025001389,2025-11-14,Property Damage,FL,Fax/EDI,492.58,2354.97,Simple,51,No,No,46.7,7.3,54.0,Paid in Full,,ADJ-137,5,,
IS-CLM-2025001390,2025-11-09,Comprehensive,MO,E-Portal,283.97,1608.61,Simple,71,No,No,3.0,3.6,6.6,Partial Payment,,ADJ-104,5,2.0,
IS-CLM-2025001391,2025-10-13,Liability,IN,Phone,411.81,3103.18,Simple,60,No,Yes,21.0,4.6,25.5,Paid in Full,,ADJ-116,3,5.0,
IS-CLM-2025001392,2025-12-14,Collision,MI,E-Portal,314.66,1482.16,Simple,27,No,No,10.8,8.3,19.1,Partial Payment,,ADJ-145,2,1.0,
IS-CLM-2025001393,2025-09-13,Bodily Injury,MI,Phone,967.33,5506.9,Moderate,63,Yes,No,5.0,11.6,16.6,Paid in Full,,ADJ-142,10,,No
IS-CLM-2025001394,2025-09-23,Bodily Injury,TN,Fax/EDI,976.24,25919.51,Complex,15,Yes,No,61.2,49.1,110.3,Settled,,ADJ-116,17,,No
IS-CLM-2025001395,2025-11-20,Liability,WI,E-Portal,326.76,2249.25,Simple,86,No,No,94.4,5.3,99.7,Partial Payment,,ADJ-108,1,3.0,
IS-CLM-2025001396,2025-10-08,Collision,PA,Phone,392.99,1252.99,Simple,54,No,No,82.0,16.2,98.2,Paid in Full,,ADJ-112,4,4.0,
IS-CLM-2025001397,2025-07-01,Collision,TN,E-Portal,329.92,2114.79,Simple,84,No,No,167.8,3.6,171.4,Partial Payment,,ADJ-109,1,,
IS-CLM-2025001398,2025-06-07,Liability,IL,Phone,1228.31,36146.01,Complex,36,Yes,Yes,216.1,36.8,252.9,Denied,Exceeded policy limit,ADJ-128,10,1.0,
IS-CLM-2025001399,2025-11-26,Collision,MO,Phone,304.99,1205.09,Simple,9,No,No,28.5,11.3,39.9,Paid in Full,,ADJ-122,5,,No
IS-CLM-2025001400,2025-06-28,Collision,TX,E-Portal,320.82,4150.25,Simple,74,No,No,127.1,8.4,135.5,Partial Payment,,ADJ-129,4,2.0,
IS-CLM-2025001401,2025-10-01,Comprehensive,PA,E-Portal,327.39,998.24,Simple,51,No,No,30.3,6.0,36.3,Paid in Full,,ADJ-133,1,2.0,
IS-CLM-2025001402,2025-06-02,Bodily Injury,WI,Fax/EDI,360.31,2246.24,Simple,50,No,No,71.6,3.0,74.6,Settled,,ADJ-112,5,,
IS-CLM-2025001403,2025-08-11,Collision,NY,Phone,531.1,364.83,Simple,63,No,No,21.5,2.7,24.3,Denied,Fraud suspected,ADJ-134,5,1.0,
IS-CLM-2025001404,2025-09-18,Collision,NJ,Fax/EDI,607.14,2264.51,Simple,99,No,No,82.8,5.3,88.1,Paid in Full,,ADJ-110,1,,
IS-CLM-2025001405,2025-12-06,Property Damage,OH,Fax/EDI,1159.63,10832.39,Complex,19,Yes,Yes,156.2,49.8,206.0,Pending Review,,ADJ-121,6,,
IS-CLM-2025001406,2025-07-13,Comprehensive,NY,E-Portal,361.68,890.06,Simple,23,No,No,24.3,2.3,26.5,Settled,,ADJ-111,3,,
IS-CLM-2025001407,2025-08-06,Collision,WA,E-Portal,547.98,24170.67,Moderate,32,No,Yes,17.4,15.0,32.4,Paid in Full,,ADJ-114,11,,
IS-CLM-2025001408,2025-12-11,Property Damage,IL,Phone,989.63,9771.71,Complex,64,Yes,No,112.7,72.9,185.6,Settled,,ADJ-135,17,4.0,
IS-CLM-2025001409,2025-10-04,Bodily Injury,CA,Phone,993.71,14331.65,Complex,5,Yes,Yes,8.0,49.0,57.0,Paid in Full,,ADJ-128,16,3.0,
IS-CLM-2025001410,2025-07-03,Property Damage,MD,E-Portal,391.08,4594.0,Simple,41,Yes,No,18.5,11.5,30.0,Partial Payment,,ADJ-108,4,,
IS-CLM-2025001411,2025-10-05,Bodily Injury,NC,Fax/EDI,1078.78,5214.22,Complex,21,No,Yes,82.3,68.3,150.6,Pending Review,,ADJ-123,17,,
IS-CLM-2025001412,2025-12-21,Collision,GA,Phone,459.01,1216.72,Simple,71,No,No,10.9,11.8,22.7,Paid in Full,,ADJ-118,4,,
IS-CLM-2025001413,2025-10-10,Bodily Injury,FL,Fax/EDI,863.47,11733.84,Complex,37,Yes,Yes,8.0,47.3,55.3,Paid in Full,,ADJ-128,6,,
IS-CLM-2025001414,2025-12-21,Collision,IN,Fax/EDI,471.8,1477.02,Simple,82,No,No,3.0,5.3,8.3,Partial Payment,,ADJ-103,1,3.0,No
IS-CLM-2025001415,2025-10-29,Bodily Injury,AZ,E-Portal,710.4,16496.64,Complex,30,Yes,Yes,84.1,46.2,130.3,Denied,Exceeded policy limit,ADJ-112,16,2.0,Yes
IS-CLM-2025001416,2025-07-04,Collision,OH,Phone,523.63,640.38,Simple,76,Yes,No,21.1,2.6,23.7,Partial Payment,,ADJ-147,2,3.0,
IS-CLM-2025001417,2025-06-18,Collision,MA,Phone,517.94,1599.51,Simple,76,No,No,109.9,11.1,121.0,Paid in Full,,ADJ-127,3,,
IS-CLM-2025001418,2025-11-09,Comprehensive,WI,Fax/EDI,501.75,1652.55,Simple,75,No,No,47.8,3.3,51.1,Paid in Full,,ADJ-120,2,,
IS-CLM-2025001419,2025-11-19,Collision,MA,Phone,808.92,9896.69,Moderate,49,No,No,21.4,15.1,36.5,Paid in Full,,ADJ-135,10,3.0,No
IS-CLM-2025001420,2025-07-27,Collision,NY,Phone,780.28,9377.96,Moderate,38,No,No,18.9,6.3,25.2,Settled,,ADJ-127,10,2.0,
IS-CLM-2025001421,2025-11-17,Comprehensive,TN,Phone,443.16,2048.1,Simple,82,No,No,14.1,3.5,17.5,Paid in Full,,ADJ-126,2,,No
IS-CLM-2025001422,2025-10-02,Comprehensive,MA,Fax/EDI,471.52,1463.29,Simple,88,No,No,6.9,8.9,15.8,Paid in Full,,ADJ-118,5,3.0,
IS-CLM-2025001423,2025-12-18,Comprehensive,TN,Phone,487.13,1544.25,Simple,87,No,No,35.0,3.9,38.9,Denied,Exceeded policy limit,ADJ-129,4,3.0,
IS-CLM-2025001424,2025-06-14,Collision,NC,Phone,1206.75,34030.42,Complex,15,Yes,Yes,111.8,34.9,146.7,Paid in Full,,ADJ-129,11,3.0,
IS-CLM-2025001425,2025-07-13,Comprehensive,MO,Phone,426.18,1897.31,Simple,19,No,No,15.7,2.0,17.7,Partial Payment,,ADJ-122,2,,
IS-CLM-2025001426,2025-06-06,Collision,CA,Fax/EDI,412.32,1071.75,Simple,34,Yes,No,84.5,3.2,87.7,Denied,Filing deadline missed,ADJ-150,5,3.0,
IS-CLM-2025001427,2025-06-13,Comprehensive,IN,E-Portal,507.84,9797.54,Moderate,72,Yes,No,99.6,21.5,121.1,Paid in Full,,ADJ-126,6,4.0,
IS-CLM-2025001428,2025-07-12,Collision,MI,Phone,486.63,4010.92,Simple,99,No,No,128.9,6.7,135.6,Paid in Full,,ADJ-101,1,,
IS-CLM-2025001429,2025-12-11,Bodily Injury,IN,Phone,1152.52,11580.98,Complex,28,Yes,Yes,8.0,69.7,77.7,Partial Payment,,ADJ-102,8,,
IS-CLM-2025001430,2025-11-24,Collision,GA,Phone,558.27,941.54,Simple,72,Yes,No,22.0,3.3,25.3,Settled,,ADJ-142,4,4.0,
IS-CLM-2025001431,2025-12-07,Bodily Injury,NC,Fax/EDI,629.83,20171.87,Complex,17,Yes,No,105.4,25.5,130.9,Settled,,ADJ-147,11,3.0,
IS-CLM-2025001432,2025-12-08,Collision,MO,E-Portal,420.84,5183.91,Simple,48,Yes,No,3.0,5.3,8.3,Paid in Full,,ADJ-113,5,,
IS-CLM-2025001433,2025-12-18,Property Damage,VA,Phone,389.55,4423.11,Simple,65,No,No,44.8,6.8,51.6,Paid in Full,,ADJ-130,2,3.0,
IS-CLM-2025001434,2025-11-15,Bodily Injury,WI,Phone,665.96,3603.27,Moderate,61,Yes,No,56.7,29.5,86.2,Paid in Full,,ADJ-136,7,3.0,
IS-CLM-2025001435,2025-11-27,Collision,MO,E-Portal,303.14,1713.68,Simple,84,No,No,10.4,3.7,14.1,Paid in Full,,ADJ-124,5,,No
IS-CLM-2025001436,2025-09-24,Collision,GA,Phone,447.05,2637.89,Simple,38,Yes,No,87.0,9.0,96.0,Paid in Full,,ADJ-129,3,4.0,
IS-CLM-2025001437,2025-06-28,Collision,NJ,Phone,508.6,3520.32,Simple,36,No,No,33.6,4.3,38.0,Paid in Full,,ADJ-107,5,3.0,
IS-CLM-2025001438,2025-10-04,Comprehensive,WI,E-Portal,359.14,1209.33,Simple,99,Yes,No,51.8,3.3,55.1,Paid in Full,,ADJ-147,5,,No
IS-CLM-2025001439,2025-06-16,Collision,MA,Fax/EDI,620.82,7807.21,Moderate,22,Yes,No,187.0,34.1,221.1,Paid in Full,,ADJ-110,3,4.0,
IS-CLM-2025001440,2025-10-23,Collision,WA,Fax/EDI,881.67,8741.53,Moderate,77,Yes,No,17.3,22.3,39.6,Paid in Full,,ADJ-132,11,4.0,No
IS-CLM-2025001441,2025-11-14,Comprehensive,GA,Phone,763.82,20992.66,Complex,5,Yes,Yes,129.4,49.7,179.2,Partial Payment,,ADJ-148,16,3.0,
IS-CLM-2025001442,2025-06-27,Comprehensive,TN,Phone,468.04,3647.3,Moderate,37,Yes,Yes,45.8,15.8,61.6,Paid in Full,,ADJ-148,4,4.0,
IS-CLM-2025001443,2025-09-21,Comprehensive,NY,E-Portal,413.09,9277.46,Moderate,25,Yes,No,154.0,19.0,173.0,Paid in Full,,ADJ-134,10,4.0,
IS-CLM-2025001444,2025-10-19,Collision,TN,E-Portal,340.33,1167.95,Simple,44,No,Yes,21.1,7.6,28.7,Settled,,ADJ-144,3,2.0,
IS-CLM-2025001445,2025-11-05,Comprehensive,MI,E-Portal,378.65,801.65,Simple,44,Yes,No,71.5,3.9,75.3,Partial Payment,,ADJ-144,2,,
IS-CLM-2025001446,2025-11-30,Collision,MI,Phone,807.39,6791.78,Moderate,35,Yes,No,133.1,12.2,145.3,Partial Payment,,ADJ-122,5,3.0,Yes
IS-CLM-2025001447,2025-12-01,Liability,MA,E-Portal,800.09,21381.18,Complex,18,Yes,Yes,163.8,26.7,190.6,Paid in Full,,ADJ-101,9,,
IS-CLM-2025001448,2025-07-22,Bodily Injury,NY,Phone,313.04,3970.31,Simple,75,No,No,40.8,8.0,48.9,Paid in Full,,ADJ-130,5,4.0,
IS-CLM-2025001449,2025-08-29,Comprehensive,MO,E-Portal,199.27,1455.85,Simple,29,No,Yes,3.0,9.2,12.2,Paid in Full,,ADJ-119,4,5.0,
IS-CLM-2025001450,2025-08-18,Liability,MI,E-Portal,625.27,29770.83,Complex,15,Yes,Yes,102.1,30.6,132.7,Paid in Full,,ADJ-135,15,,
IS-CLM-2025001451,2025-06-20,Liability,WI,E-Portal,601.03,4618.0,Moderate,58,No,Yes,84.4,10.2,94.5,Settled,,ADJ-107,5,,
IS-CLM-2025001452,2025-10-29,Comprehensive,AZ,Phone,392.95,3030.28,Simple,46,No,Yes,21.7,2.1,23.9,Partial Payment,,ADJ-148,5,,
IS-CLM-2025001453,2025-09-30,Liability,OH,Phone,888.12,9033.58,Moderate,43,No,No,96.1,12.5,108.6,Paid in Full,,ADJ-106,12,4.0,No
IS-CLM-2025001454,2025-07-13,Property Damage,MA,Phone,434.19,2187.9,Simple,51,No,No,33.7,6.9,40.6,Partial Payment,,ADJ-104,2,2.0,
IS-CLM-2025001455,2025-09-21,Bodily Injury,TN,E-Portal,467.61,8884.42,Moderate,58,Yes,Yes,56.6,16.7,73.3,Paid in Full,,ADJ-136,9,3.0,
IS-CLM-2025001456,2025-09-07,Comprehensive,MA,Phone,396.24,2973.6,Simple,38,No,No,17.6,2.7,20.3,Denied,Coverage exclusion,ADJ-139,2,,
IS-CLM-2025001457,2025-11-10,Collision,NC,E-Portal,299.11,1609.76,Simple,41,No,No,13.6,2.3,15.9,Paid in Full,,ADJ-117,1,5.0,
IS-CLM-2025001458,2025-09-20,Collision,MI,E-Portal,519.14,5738.68,Moderate,75,No,No,25.7,21.8,47.5,Denied,Pre-existing damage,ADJ-143,8,,
IS-CLM-2025001459,2025-07-25,Bodily Injury,WA,Fax/EDI,448.56,4249.04,Simple,47,No,No,13.4,6.4,19.8,Paid in Full,,ADJ-112,1,3.0,
IS-CLM-2025001460,2025-09-01,Collision,IN,Fax/EDI,341.93,2306.86,Simple,62,No,No,68.1,9.3,77.4,Paid in Full,,ADJ-117,5,,
IS-CLM-2025001461,2025-11-03,Liability,NC,Fax/EDI,662.3,7137.41,Moderate,41,No,No,25.0,18.8,43.9,Denied,Insufficient documentation,ADJ-118,3,,
IS-CLM-2025001462,2025-12-28,Property Damage,CA,E-Portal,326.81,1860.59,Simple,42,No,No,7.2,4.5,11.7,Paid in Full,,ADJ-141,4,4.0,
IS-CLM-2025001463,2025-09-30,Property Damage,MO,Phone,459.1,1587.24,Simple,65,Yes,No,12.5,6.1,18.6,Partial Payment,,ADJ-110,2,,
IS-CLM-2025001464,2025-07-04,Collision,FL,Fax/EDI,1129.51,10801.81,Complex,25,Yes,Yes,73.8,38.6,112.4,Denied,Insufficient documentation,ADJ-146,5,3.0,
IS-CLM-2025001465,2025-10-18,Collision,NC,E-Portal,195.58,1714.43,Simple,65,No,Yes,8.4,3.4,11.7,Partial Payment,,ADJ-144,3,,
IS-CLM-2025001466,2025-07-14,Comprehensive,WI,Phone,1092.55,19771.98,Complex,17,Yes,No,134.9,16.4,151.3,Partial Payment,,ADJ-127,18,,
IS-CLM-2025001467,2025-06-16,Bodily Injury,FL,Fax/EDI,404.55,4985.94,Simple,53,No,No,11.1,3.9,15.0,Paid in Full,,ADJ-118,1,3.0,
IS-CLM-2025001468,2025-06-12,Collision,NC,Fax/EDI,364.27,1223.56,Simple,59,No,No,76.0,6.5,82.5,Paid in Full,,ADJ-101,3,4.0,
IS-CLM-2025001469,2025-08-29,Property Damage,NY,Fax/EDI,956.29,5143.52,Complex,27,Yes,No,148.0,39.9,187.9,Partial Payment,,ADJ-137,12,2.0,
IS-CLM-2025001470,2025-06-24,Comprehensive,IL,E-Portal,295.62,1407.6,Simple,40,No,No,12.2,4.0,16.2,Denied,Coverage exclusion,ADJ-150,2,,
IS-CLM-2025001471,2025-07-26,Comprehensive,MI,E-Portal,266.49,1397.6,Simple,30,No,No,47.7,5.7,53.4,Paid in Full,,ADJ-120,2,,No
IS-CLM-2025001472,2025-12-06,Property Damage,PA,Fax/EDI,336.06,1308.72,Simple,72,No,No,59.9,4.9,64.8,Paid in Full,,ADJ-118,2,3.0,
IS-CLM-2025001473,2025-09-14,Bodily Injury,GA,Fax/EDI,773.02,10259.69,Moderate,20,Yes,Yes,24.7,11.8,36.5,Paid in Full,,ADJ-119,7,,Yes
IS-CLM-2025001474,2025-08-07,Bodily Injury,FL,Fax/EDI,421.47,16070.73,Simple,81,No,Yes,50.7,5.6,56.3,Denied,Insufficient documentation,ADJ-134,4,,
IS-CLM-2025001475,2025-11-23,Collision,IL,E-Portal,516.56,11820.57,Moderate,99,Yes,Yes,22.1,16.6,38.7,Partial Payment,,ADJ-137,6,,
IS-CLM-2025001476,2025-09-20,Comprehensive,MI,Fax/EDI,543.18,4921.09,Simple,77,No,No,57.4,5.5,62.9,Paid in Full,,ADJ-122,5,2.0,
IS-CLM-2025001477,2025-12-08,Comprehensive,NC,E-Portal,215.46,957.01,Simple,90,No,Yes,66.0,5.0,71.0,Settled,,ADJ-108,5,,
IS-CLM-2025001478,2025-07-18,Liability,MA,Phone,636.48,6167.68,Moderate,52,Yes,No,66.7,32.7,99.5,Denied,Insufficient documentation,ADJ-138,3,2.0,
IS-CLM-2025001479,2025-06-27,Comprehensive,MI,E-Portal,601.58,5545.43,Moderate,35,Yes,No,43.7,27.1,70.8,Partial Payment,,ADJ-122,8,,
IS-CLM-2025001480,2025-06-26,Comprehensive,IL,E-Portal,589.45,5280.37,Moderate,17,Yes,No,140.4,16.6,157.1,Denied,Policy lapsed,ADJ-149,3,1.0,
IS-CLM-2025001481,2025-11-05,Property Damage,MD,Phone,802.42,9101.82,Moderate,31,No,No,314.7,30.6,345.3,Partial Payment,,ADJ-131,6,2.0,
IS-CLM-2025001482,2025-09-04,Collision,WA,E-Portal,307.18,1610.38,Simple,57,No,No,3.2,4.7,7.9,Partial Payment,,ADJ-115,5,3.0,
IS-CLM-2025001483,2025-09-18,Liability,NC,Fax/EDI,877.24,9580.82,Complex,29,Yes,No,19.9,27.4,47.3,Paid in Full,,ADJ-120,14,,
IS-CLM-2025001484,2025-10-13,Liability,OH,Fax/EDI,1029.24,24915.27,Complex,36,Yes,Yes,23.1,43.0,66.1,Denied,Insufficient documentation,ADJ-122,17,,
IS-CLM-2025001485,2025-06-24,Bodily Injury,NJ,E-Portal,758.14,26804.16,Complex,17,Yes,Yes,134.1,10.2,144.2,Denied,Exceeded policy limit,ADJ-111,12,3.0,
IS-CLM-2025001486,2025-07-08,Collision,OH,Fax/EDI,524.61,1264.53,Simple,62,No,No,3.0,5.0,8.0,Paid in Full,,ADJ-116,2,3.0,
IS-CLM-2025001487,2025-12-03,Comprehensive,GA,Fax/EDI,577.07,3496.48,Moderate,57,Yes,No,62.6,13.8,76.4,Paid in Full,,ADJ-101,10,4.0,
IS-CLM-2025001488,2025-06-26,Comprehensive,MA,Fax/EDI,410.85,437.82,Simple,84,No,No,57.6,1.6,59.2,Partial Payment,,ADJ-131,4,,
IS-CLM-2025001489,2025-11-28,Liability,GA,E-Portal,488.88,4252.72,Moderate,44,Yes,No,183.7,9.2,192.9,Denied,Pre-existing damage,ADJ-109,9,,
IS-CLM-2025001490,2025-08-12,Bodily Injury,TN,E-Portal,718.08,25946.73,Complex,35,Yes,No,58.4,47.0,105.4,Partial Payment,,ADJ-138,5,1.0,
IS-CLM-2025001491,2025-11-03,Comprehensive,IL,E-Portal,226.9,2030.93,Simple,99,No,No,20.6,10.5,31.1,Paid in Full,,ADJ-101,5,3.0,
IS-CLM-2025001492,2025-09-10,Liability,FL,Phone,764.29,12469.55,Moderate,36,Yes,Yes,104.9,21.8,126.7,Partial Payment,,ADJ-114,7,1.0,
IS-CLM-2025001493,2025-08-26,Bodily Injury,AZ,E-Portal,810.36,24963.39,Complex,15,Yes,No,80.6,26.7,107.3,Partial Payment,,ADJ-131,5,4.0,
IS-CLM-2025001494,2025-09-16,Bodily Injury,IL,Phone,474.77,5007.08,Simple,78,No,No,215.3,13.5,228.8,Paid in Full,,ADJ-130,1,4.0,
IS-CLM-2025001495,2025-12-05,Bodily Injury,NY,Fax/EDI,1110.87,16145.97,Complex,46,Yes,Yes,28.9,22.7,51.6,Pending Review,,ADJ-111,10,,
IS-CLM-2025001496,2025-10-08,Collision,AZ,Phone,350.21,3585.09,Simple,73,Yes,No,165.6,3.9,169.4,Denied,Insufficient documentation,ADJ-150,1,2.0,
IS-CLM-2025001497,2025-08-06,Comprehensive,NY,Phone,433.02,3189.33,Simple,71,No,No,3.0,3.3,6.3,Partial Payment,,ADJ-124,4,,
IS-CLM-2025001498,2025-10-15,Bodily Injury,MI,E-Portal,901.8,53249.04,Complex,5,No,Yes,48.7,15.0,63.6,Paid in Full,,ADJ-125,18,,
IS-CLM-2025001499,2025-07-09,Comprehensive,CA,Phone,557.33,2993.3,Simple,89,No,No,3.0,3.4,6.4,Paid in Full,,ADJ-113,5,,No
IS-CLM-2025001500,2025-12-04,Collision,MD,E-Portal,668.8,4660.78,Complex,32,Yes,No,8.0,26.1,34.1,Settled,,ADJ-132,12,4.0,
IS-CLM-2025001501,2025-11-01,Liability,MI,Phone,522.35,7176.27,Simple,40,No,No,55.7,2.5,58.2,Settled,,ADJ-102,5,4.0,
IS-CLM-2025001502,2025-08-15,Collision,MI,E-Portal,324.11,2512.59,Simple,40,No,No,14.5,6.6,21.1,Paid in Full,,ADJ-103,5,4.0,
IS-CLM-2025001503,2025-12-05,Collision,TX,Phone,1110.23,10576.78,Complex,37,Yes,No,130.4,28.2,158.6,Paid in Full,,ADJ-109,16,3.0,
IS-CLM-2025001504,2025-10-05,Liability,TN,Phone,956.14,4567.26,Moderate,21,Yes,No,26.8,29.8,56.6,Partial Payment,,ADJ-147,11,2.0,
IS-CLM-2025001505,2025-06-11,Collision,FL,E-Portal,237.32,5361.62,Simple,49,Yes,No,29.3,3.7,33.0,Paid in Full,,ADJ-147,1,3.0,No
IS-CLM-2025001506,2025-12-03,Bodily Injury,FL,Fax/EDI,967.49,47447.32,Complex,33,Yes,Yes,15.4,77.0,92.4,Pending Review,,ADJ-126,5,,
IS-CLM-2025001507,2025-12-09,Bodily Injury,NC,Fax/EDI,744.92,15384.95,Moderate,5,Yes,No,26.6,27.0,53.6,Paid in Full,,ADJ-108,6,4.0,
IS-CLM-2025001508,2025-08-17,Comprehensive,WA,E-Portal,308.95,976.5,Simple,67,No,No,3.0,4.4,7.4,Settled,,ADJ-124,5,3.0,
IS-CLM-2025001509,2025-12-12,Collision,TN,Phone,426.97,1820.73,Simple,87,No,No,12.7,4.6,17.3,Paid in Full,,ADJ-103,5,4.0,
IS-CLM-2025001510,2025-07-17,Comprehensive,NJ,Phone,451.95,1222.71,Simple,97,No,No,22.4,7.0,29.4,Paid in Full,,ADJ-127,2,3.0,
IS-CLM-2025001511,2025-09-27,Comprehensive,WA,Fax/EDI,467.34,873.37,Simple,99,No,Yes,30.5,5.2,35.7,Paid in Full,,ADJ-146,3,4.0,
IS-CLM-2025001512,2025-11-04,Bodily Injury,NJ,E-Portal,243.04,2401.78,Simple,40,No,No,22.4,6.1,28.4,Paid in Full,,ADJ-127,5,4.0,
IS-CLM-2025001513,2025-09-08,Collision,MA,Fax/EDI,396.23,1767.01,Simple,95,Yes,No,25.4,4.1,29.6,Paid in Full,,ADJ-123,4,3.0,
IS-CLM-2025001514,2025-12-08,Liability,MA,E-Portal,541.57,10749.69,Moderate,5,Yes,Yes,187.6,28.8,216.5,Partial Payment,,ADJ-117,9,3.0,
IS-CLM-2025001515,2025-10-25,Bodily Injury,FL,E-Portal,309.54,6888.6,Simple,99,No,No,48.3,6.9,55.2,Paid in Full,,ADJ-114,5,3.0,
IS-CLM-2025001516,2025-08-14,Bodily Injury,VA,E-Portal,801.23,17443.25,Complex,46,Yes,Yes,83.3,17.5,100.8,Denied,Fraud suspected,ADJ-111,14,1.0,
IS-CLM-2025001517,2025-09-19,Comprehensive,TN,E-Portal,269.22,4718.23,Simple,71,Yes,No,116.6,5.7,122.3,Settled,,ADJ-132,2,4.0,
IS-CLM-2025001518,2025-10-16,Comprehensive,PA,Fax/EDI,478.12,3597.1,Simple,82,No,No,3.0,3.3,6.3,Denied,Exceeded policy limit,ADJ-114,2,,
IS-CLM-2025001519,2025-10-25,Collision,NJ,Phone,398.47,1772.83,Simple,76,Yes,No,11.4,3.7,15.1,Paid in Full,,ADJ-148,4,2.0,
IS-CLM-2025001520,2025-08-30,Comprehensive,OH,Fax/EDI,402.19,2491.33,Simple,52,No,No,23.2,2.0,25.2,Denied,Filing deadline missed,ADJ-141,1,,
IS-CLM-2025001521,2025-11-23,Collision,VA,Phone,482.82,2796.26,Simple,66,No,No,30.0,2.4,32.4,Paid in Full,,ADJ-126,4,,No
IS-CLM-2025001522,2025-08-13,Comprehensive,MD,E-Portal,334.1,1041.13,Simple,57,No,No,15.1,7.4,22.5,Paid in Full,,ADJ-101,5,,
IS-CLM-2025001523,2025-12-13,Collision,MD,E-Portal,238.25,4477.46,Simple,51,No,No,5.2,4.6,9.8,Partial Payment,,ADJ-138,4,,
IS-CLM-2025001524,2025-09-14,Comprehensive,OH,Fax/EDI,479.19,3320.15,Simple,64,No,No,53.4,7.8,61.2,Paid in Full,,ADJ-140,5,,
IS-CLM-2025001525,2025-11-01,Bodily Injury,WI,Phone,666.98,13019.11,Moderate,51,No,Yes,178.8,23.2,202.1,Paid in Full,,ADJ-137,10,,
IS-CLM-2025001526,2025-09-03,Collision,CA,E-Portal,386.92,12955.29,Moderate,75,No,Yes,52.3,32.7,84.9,Partial Payment,,ADJ-136,11,,
IS-CLM-2025001527,2025-07-12,Bodily Injury,MD,Phone,1090.14,21799.43,Complex,15,Yes,Yes,8.0,30.2,38.2,Paid in Full,,ADJ-146,8,3.0,
IS-CLM-2025001528,2025-08-15,Liability,FL,Fax/EDI,579.53,3874.28,Simple,75,No,No,3.0,10.6,13.6,Denied,Policy lapsed,ADJ-144,5,3.0,
IS-CLM-2025001529,2025-08-01,Liability,IL,Fax/EDI,573.16,15352.41,Moderate,21,Yes,Yes,11.1,20.6,31.7,Paid in Full,,ADJ-139,8,,
IS-CLM-2025001530,2025-07-11,Liability,GA,Fax/EDI,998.6,17569.13,Complex,16,No,Yes,84.0,108.0,192.0,Settled,,ADJ-103,15,,
IS-CLM-2025001531,2025-10-12,Comprehensive,MA,Fax/EDI,321.78,2463.34,Simple,31,Yes,No,68.7,4.0,72.7,Partial Payment,,ADJ-117,5,4.0,
IS-CLM-2025001532,2025-12-16,Collision,WA,E-Portal,333.45,3794.43,Simple,99,No,No,48.4,3.5,51.9,Settled,,ADJ-147,1,3.0,
IS-CLM-2025001533,2025-09-10,Bodily Injury,TX,Fax/EDI,262.94,1759.34,Simple,72,No,No,31.3,2.4,33.7,Paid in Full,,ADJ-128,1,4.0,
IS-CLM-2025001534,2025-08-07,Comprehensive,WI,E-Portal,749.36,28638.5,Complex,43,Yes,No,46.2,30.5,76.7,Denied,Exceeded policy limit,ADJ-110,8,,
IS-CLM-2025001535,2025-07-24,Comprehensive,NC,Fax/EDI,387.13,1192.29,Simple,70,No,No,4.2,20.5,24.7,Paid in Full,,ADJ-149,2,,
IS-CLM-2025001536,2025-08-27,Comprehensive,NJ,Fax/EDI,383.65,3401.16,Simple,35,No,No,78.4,9.5,87.9,Paid in Full,,ADJ-117,5,4.0,
IS-CLM-2025001537,2025-06-10,Liability,PA,E-Portal,296.9,2978.7,Simple,47,Yes,No,118.9,5.0,123.9,Partial Payment,,ADJ-137,3,,
IS-CLM-2025001538,2025-08-18,Collision,IL,E-Portal,268.52,3475.97,Simple,74,No,No,85.4,2.7,88.1,Paid in Full,,ADJ-144,3,4.0,No
IS-CLM-2025001539,2025-12-24,Bodily Injury,PA,Fax/EDI,717.83,55113.67,Complex,27,Yes,Yes,38.5,80.4,118.9,Denied,Policy lapsed,ADJ-102,18,2.0,
IS-CLM-2025001540,2025-08-17,Comprehensive,PA,Fax/EDI,353.53,1755.59,Simple,47,No,No,14.8,11.5,26.3,Paid in Full,,ADJ-148,5,5.0,
IS-CLM-2025001541,2025-11-06,Bodily Injury,IL,E-Portal,646.82,38396.65,Complex,50,Yes,Yes,46.0,58.1,104.1,Denied,Fraud suspected,ADJ-121,13,3.0,Yes
IS-CLM-2025001542,2025-10-03,Collision,IL,Fax/EDI,929.44,18103.83,Complex,71,Yes,Yes,94.7,38.2,132.8,Pending Review,,ADJ-125,5,,
IS-CLM-2025001543,2025-06-17,Liability,VA,Fax/EDI,363.97,1061.19,Simple,42,No,No,24.5,3.6,28.0,Partial Payment,,ADJ-139,1,,
IS-CLM-2025001544,2025-08-31,Property Damage,MA,Fax/EDI,700.03,3161.37,Moderate,74,No,No,47.5,28.8,76.2,Settled,,ADJ-148,11,,
IS-CLM-2025001545,2025-12-07,Comprehensive,OH,Phone,896.07,7973.26,Moderate,99,Yes,No,129.5,17.5,147.0,Settled,,ADJ-122,11,2.0,
IS-CLM-2025001546,2025-10-20,Collision,MO,Fax/EDI,509.76,2359.81,Simple,62,No,No,48.1,3.0,51.1,Partial Payment,,ADJ-129,5,4.0,
IS-CLM-2025001547,2025-08-02,Comprehensive,NC,Phone,572.74,1638.96,Simple,67,No,Yes,10.2,2.4,12.6,Denied,Pre-existing damage,ADJ-145,4,2.0,
IS-CLM-2025001548,2025-11-03,Bodily Injury,NC,Fax/EDI,1133.67,67314.87,Complex,5,Yes,No,73.1,63.0,136.1,Pending Review,,ADJ-105,7,,
IS-CLM-2025001549,2025-06-16,Comprehensive,OH,E-Portal,293.95,1145.82,Simple,5,No,No,37.3,2.8,40.1,Paid in Full,,ADJ-130,1,4.0,
IS-CLM-2025001550,2025-12-18,Liability,TX,Phone,386.89,3426.46,Simple,55,No,Yes,6.5,5.7,12.2,Partial Payment,,ADJ-106,4,3.0,
IS-CLM-2025001551,2025-10-17,Property Damage,WI,Fax/EDI,1073.57,12864.33,Complex,31,Yes,No,81.2,31.1,112.4,Pending Review,,ADJ-108,16,,
IS-CLM-2025001552,2025-12-17,Comprehensive,OH,Phone,445.38,1360.88,Simple,94,No,No,9.7,5.7,15.4,Paid in Full,,ADJ-101,3,,
IS-CLM-2025001553,2025-11-01,Collision,NC,E-Portal,260.02,1987.92,Simple,99,Yes,No,3.0,9.0,12.0,Partial Payment,,ADJ-142,3,3.0,
IS-CLM-2025001554,2025-10-15,Collision,GA,Phone,810.47,9737.48,Moderate,59,No,No,55.2,27.2,82.4,Denied,Insufficient documentation,ADJ-129,4,,
IS-CLM-2025001555,2025-07-17,Comprehensive,MA,E-Portal,489.73,8912.05,Moderate,73,No,No,280.6,11.3,291.9,Partial Payment,,ADJ-111,5,3.0,
IS-CLM-2025001556,2025-09-19,Comprehensive,NJ,E-Portal,228.64,4433.03,Simple,77,No,No,10.1,7.8,17.9,Partial Payment,,ADJ-135,2,3.0,No
IS-CLM-2025001557,2025-06-28,Collision,GA,Fax/EDI,363.71,2151.39,Simple,70,No,No,23.8,4.1,27.9,Paid in Full,,ADJ-134,4,4.0,
IS-CLM-2025001558,2025-08-16,Property Damage,WA,Fax/EDI,816.78,2040.13,Moderate,46,No,Yes,16.1,22.2,38.3,Paid in Full,,ADJ-126,5,,
IS-CLM-2025001559,2025-11-04,Bodily Injury,IL,Phone,528.93,4744.6,Simple,53,No,No,18.9,6.0,24.9,Settled,,ADJ-139,4,,No
IS-CLM-2025001560,2025-08-08,Property Damage,GA,E-Portal,261.94,874.46,Simple,52,No,No,95.7,4.5,100.3,Paid in Full,,ADJ-120,3,4.0,No
IS-CLM-2025001561,2025-08-25,Liability,MI,E-Portal,145.54,3573.23,Simple,49,No,No,16.9,3.0,20.0,Partial Payment,,ADJ-137,4,,
IS-CLM-2025001562,2025-06-02,Bodily Injury,AZ,E-Portal,653.78,37281.28,Complex,10,Yes,No,8.0,42.7,50.7,Partial Payment,,ADJ-150,9,3.0,
IS-CLM-2025001563,2025-11-28,Collision,OH,E-Portal,284.44,690.64,Simple,77,No,No,30.4,4.1,34.5,Partial Payment,,ADJ-124,1,3.0,
IS-CLM-2025001564,2025-12-20,Comprehensive,AZ,E-Portal,288.19,1463.69,Simple,51,No,Yes,133.4,5.6,139.0,Settled,,ADJ-133,4,,
IS-CLM-2025001565,2025-06-28,Liability,FL,Phone,477.76,2131.67,Simple,61,No,No,101.9,10.9,112.8,Partial Payment,,ADJ-147,5,3.0,
IS-CLM-2025001566,2025-06-12,Bodily Injury,AZ,Fax/EDI,1029.65,8905.8,Complex,24,Yes,Yes,24.4,91.9,116.4,Settled,,ADJ-139,14,3.0,
IS-CLM-2025001567,2025-06-26,Collision,TX,Phone,551.34,1999.41,Simple,78,No,Yes,18.4,3.2,21.6,Denied,Filing deadline missed,ADJ-109,1,1.0,
IS-CLM-2025001568,2025-12-16,Liability,TN,E-Portal,495.38,4261.97,Moderate,14,No,Yes,42.2,9.0,51.2,Denied,Fraud suspected,ADJ-106,10,2.0,No
IS-CLM-2025001569,2025-10-25,Property Damage,MO,Phone,1256.72,17170.17,Complex,25,Yes,Yes,140.6,13.1,153.7,Pending Review,,ADJ-102,7,,
IS-CLM-2025001570,2025-06-18,Bodily Injury,VA,Fax/EDI,853.89,12843.39,Complex,32,Yes,Yes,24.1,45.6,69.7,Settled,,ADJ-148,8,3.0,
IS-CLM-2025001571,2025-09-28,Collision,GA,E-Portal,277.0,3006.25,Simple,77,No,No,16.5,8.5,25.0,Paid in Full,,ADJ-146,3,3.0,
IS-CLM-2025001572,2025-12-09,Property Damage,CA,Phone,754.68,4740.02,Moderate,62,Yes,No,39.2,7.8,47.0,Denied,Exceeded policy limit,ADJ-104,11,2.0,
IS-CLM-2025001573,2025-10-10,Collision,MI,Phone,529.35,1868.1,Simple,66,No,No,4.0,3.2,7.2,Paid in Full,,ADJ-121,5,4.0,
IS-CLM-2025001574,2025-10-26,Collision,VA,Phone,1025.07,9866.83,Complex,31,Yes,No,17.8,51.8,69.6,Paid in Full,,ADJ-136,17,4.0,
IS-CLM-2025001575,2025-07-11,Property Damage,IN,Phone,538.09,1993.67,Simple,99,Yes,No,16.3,9.0,25.3,Partial Payment,,ADJ-113,1,,
IS-CLM-2025001576,2025-09-19,Collision,NC,E-Portal,310.55,2230.07,Simple,99,No,Yes,4.6,3.6,8.2,Settled,,ADJ-122,1,4.0,
IS-CLM-2025001577,2025-10-26,Property Damage,VA,E-Portal,307.33,2910.88,Simple,66,No,No,15.0,3.3,18.3,Paid in Full,,ADJ-128,1,4.0,
IS-CLM-2025001578,2025-08-15,Collision,CA,Fax/EDI,817.56,3246.51,Moderate,47,Yes,No,71.3,16.1,87.4,Settled,,ADJ-121,9,4.0,
IS-CLM-2025001579,2025-07-28,Property Damage,WI,Phone,482.06,3193.88,Simple,81,No,No,21.3,4.8,26.2,Paid in Full,,ADJ-150,5,,
IS-CLM-2025001580,2025-12-01,Collision,WI,E-Portal,323.8,1361.22,Simple,54,No,Yes,27.8,2.8,30.6,Paid in Full,,ADJ-102,5,,
IS-CLM-2025001581,2025-06-11,Comprehensive,PA,Fax/EDI,740.47,7460.47,Moderate,18,No,No,15.3,43.5,58.9,Settled,,ADJ-121,6,,
IS-CLM-2025001582,2025-07-22,Bodily Injury,NJ,Phone,1387.42,39999.63,Complex,49,No,Yes,132.5,66.3,198.8,Paid in Full,,ADJ-114,17,4.0,
IS-CLM-2025001583,2025-07-06,Comprehensive,MD,E-Portal,299.61,1900.51,Simple,99,No,No,17.1,6.4,23.4,Denied,Insufficient documentation,ADJ-148,2,4.0,
IS-CLM-2025001584,2025-09-23,Collision,MD,Phone,523.62,3090.81,Simple,68,No,No,96.0,5.5,101.5,Settled,,ADJ-108,1,,
IS-CLM-2025001585,2025-10-08,Property Damage,WI,E-Portal,270.49,2479.65,Simple,99,Yes,Yes,15.7,6.8,22.6,Settled,,ADJ-132,5,3.0,No
IS-CLM-2025001586,2025-08-21,Bodily Injury,TN,Phone,671.71,6576.05,Moderate,56,No,No,23.9,10.6,34.5,Partial Payment,,ADJ-117,11,2.0,
IS-CLM-2025001587,2025-09-25,Collision,CA,Phone,485.88,941.33,Simple,99,No,No,54.1,2.2,56.2,Paid in Full,,ADJ-107,3,3.0,
IS-CLM-2025001588,2025-08-19,Comprehensive,FL,Phone,501.94,2785.37,Simple,51,No,No,40.9,6.7,47.6,Paid in Full,,ADJ-145,1,,
IS-CLM-2025001589,2025-12-25,Bodily Injury,AZ,E-Portal,352.57,4262.73,Simple,59,Yes,No,32.4,4.8,37.1,Settled,,ADJ-121,1,4.0,
IS-CLM-2025001590,2025-08-03,Collision,IL,Phone,645.07,6897.98,Moderate,46,Yes,No,48.1,34.2,82.3,Denied,Insufficient documentation,ADJ-131,3,3.0,Yes
IS-CLM-2025001591,2025-12-23,Property Damage,OH,Phone,421.34,4877.14,Simple,22,No,No,10.7,6.5,17.3,Paid in Full,,ADJ-127,2,4.0,
IS-CLM-2025001592,2025-07-15,Liability,IN,E-Portal,349.22,8648.54,Moderate,28,No,Yes,45.9,22.4,68.3,Paid in Full,,ADJ-108,5,4.0,
IS-CLM-2025001593,2025-07-23,Property Damage,NJ,E-Portal,615.19,9567.33,Complex,5,Yes,No,38.6,43.4,82.0,Partial Payment,,ADJ-140,10,3.0,
IS-CLM-2025001594,2025-06-07,Comprehensive,VA,E-Portal,388.09,3621.73,Simple,67,Yes,No,5.4,3.7,9.2,Paid in Full,,ADJ-127,1,4.0,No
IS-CLM-2025001595,2025-12-13,Comprehensive,WA,Fax/EDI,422.66,7458.69,Simple,81,Yes,No,33.3,3.7,37.0,Paid in Full,,ADJ-115,1,4.0,
IS-CLM-2025001596,2025-06-17,Liability,NY,Phone,767.01,9502.92,Moderate,49,Yes,No,50.6,13.3,63.9,Partial Payment,,ADJ-135,10,4.0,
IS-CLM-2025001597,2025-11-02,Collision,CA,E-Portal,365.32,9086.91,Moderate,72,Yes,No,38.8,18.9,57.7,Partial Payment,,ADJ-109,8,,
IS-CLM-2025001598,2025-09-02,Bodily Injury,WA,Phone,1241.86,23151.97,Complex,21,Yes,No,49.1,38.0,87.1,Settled,,ADJ-137,8,2.0,
IS-CLM-2025001599,2025-10-10,Property Damage,PA,E-Portal,401.83,7971.75,Moderate,52,Yes,No,129.5,23.4,153.0,Denied,Insufficient documentation,ADJ-107,9,3.0,
IS-CLM-2025001600,2025-11-05,Collision,NY,Phone,684.32,16315.47,Moderate,27,Yes,Yes,83.5,19.0,102.5,Denied,Filing deadline missed,ADJ-122,10,,No
IS-CLM-2025001601,2025-10-12,Bodily Injury,IN,E-Portal,432.12,3972.87,Moderate,58,No,Yes,55.9,11.0,67.0,Partial Payment,,ADJ-128,8,,
IS-CLM-2025001602,2025-10-27,Collision,TX,Fax/EDI,466.24,892.46,Simple,51,No,No,3.0,3.5,6.5,Partial Payment,,ADJ-112,1,4.0,
IS-CLM-2025001603,2025-06-09,Comprehensive,GA,Phone,1232.16,9394.19,Complex,11,Yes,No,98.5,36.5,135.0,Partial Payment,,ADJ-131,18,1.0,
IS-CLM-2025001604,2025-11-08,Property Damage,WI,Phone,519.75,1716.74,Simple,77,No,No,88.6,6.6,95.2,Denied,Filing deadline missed,ADJ-108,3,,
IS-CLM-2025001605,2025-10-10,Comprehensive,VA,Fax/EDI,451.06,972.74,Simple,81,No,No,46.8,8.5,55.3,Paid in Full,,ADJ-132,5,3.0,
IS-CLM-2025001606,2025-06-25,Comprehensive,VA,E-Portal,274.94,1779.61,Simple,51,No,No,3.3,5.1,8.4,Paid in Full,,ADJ-128,1,,
IS-CLM-2025001607,2025-07-03,Comprehensive,NY,Phone,995.87,21945.88,Complex,12,Yes,Yes,260.5,32.9,293.4,Paid in Full,,ADJ-136,16,3.0,
IS-CLM-2025001608,2025-08-28,Collision,NJ,Fax/EDI,426.62,1404.46,Simple,64,No,No,21.9,3.9,25.8,Partial Payment,,ADJ-133,2,3.0,No
IS-CLM-2025001609,2025-10-09,Comprehensive,OH,Phone,699.63,6306.91,Moderate,47,Yes,No,6.2,16.7,22.9,Paid in Full,,ADJ-147,8,3.0,
IS-CLM-2025001610,2025-12-17,Comprehensive,PA,Fax/EDI,426.9,1039.21,Simple,71,No,No,123.1,2.2,125.3,Paid in Full,,ADJ-135,3,4.0,
IS-CLM-2025001611,2025-11-25,Collision,IN,E-Portal,296.79,1236.11,Simple,48,Yes,No,39.5,4.2,43.7,Settled,,ADJ-140,2,,No
IS-CLM-2025001612,2025-12-10,Comprehensive,PA,Fax/EDI,245.74,1752.82,Simple,53,No,No,17.6,5.8,23.5,Denied,Policy lapsed,ADJ-118,1,,
IS-CLM-2025001613,2025-09-11,Bodily Injury,NJ,E-Portal,511.8,9238.8,Moderate,57,Yes,No,8.9,12.2,21.0,Partial Payment,,ADJ-131,10,3.0,
IS-CLM-2025001614,2025-12-02,Comprehensive,NJ,Fax/EDI,724.12,14280.36,Complex,57,Yes,Yes,45.7,31.4,77.1,Pending Review,,ADJ-114,16,,Yes
IS-CLM-2025001615,2025-06-18,Collision,TX,E-Portal,632.71,14915.51,Complex,29,Yes,Yes,82.9,90.5,173.4,Paid in Full,,ADJ-116,11,,
IS-CLM-2025001616,2025-11-13,Property Damage,TN,E-Portal,258.56,2545.3,Simple,74,No,Yes,56.5,5.4,61.9,Paid in Full,,ADJ-118,2,,No
IS-CLM-2025001617,2025-07-02,Liability,WI,Phone,941.39,3011.86,Moderate,37,Yes,Yes,44.5,20.1,64.6,Denied,Insufficient documentation,ADJ-121,3,,
IS-CLM-2025001618,2025-10-12,Liability,NJ,Fax/EDI,854.16,3626.82,Moderate,63,No,No,146.8,17.2,164.1,Settled,,ADJ-115,10,3.0,
IS-CLM-2025001619,2025-07-02,Comprehensive,MO,Fax/EDI,418.75,2412.37,Simple,69,No,No,52.6,5.9,58.4,Denied,Pre-existing damage,ADJ-122,3,,
IS-CLM-2025001620,2025-06-11,Comprehensive,AZ,E-Portal,377.93,4350.57,Simple,50,No,No,106.8,3.4,110.2,Paid in Full,,ADJ-111,4,,No
IS-CLM-2025001621,2025-07-28,Bodily Injury,IN,Fax/EDI,1149.99,10939.01,Complex,82,Yes,Yes,8.0,55.7,63.7,Denied,Filing deadline missed,ADJ-143,12,,
IS-CLM-2025001622,2025-09-19,Liability,TN,Fax/EDI,851.38,33183.51,Complex,7,Yes,No,43.0,39.9,82.9,Partial Payment,,ADJ-118,9,,
IS-CLM-2025001623,2025-08-24,Collision,TN,Fax/EDI,480.98,5189.35,Simple,36,No,Yes,34.4,11.9,46.3,Paid in Full,,ADJ-146,4,3.0,
IS-CLM-2025001624,2025-10-05,Property Damage,GA,E-Portal,350.36,3473.9,Simple,62,No,No,76.6,4.8,81.3,Denied,Pre-existing damage,ADJ-146,4,3.0,
IS-CLM-2025001625,2025-10-23,Collision,AZ,Phone,403.61,836.63,Simple,61,No,Yes,27.1,2.6,29.7,Paid in Full,,ADJ-107,5,,No
IS-CLM-2025001626,2025-11-12,Comprehensive,NY,Fax/EDI,356.83,514.57,Simple,96,Yes,No,23.1,8.1,31.2,Paid in Full,,ADJ-124,5,,
IS-CLM-2025001627,2025-11-02,Collision,TN,Phone,1090.91,14067.37,Complex,33,Yes,No,44.2,53.7,97.9,Denied,Insufficient documentation,ADJ-130,14,,
IS-CLM-2025001628,2025-06-10,Property Damage,AZ,Fax/EDI,577.9,6698.24,Simple,52,No,No,25.5,5.0,30.6,Paid in Full,,ADJ-102,2,3.0,No
IS-CLM-2025001629,2025-06-07,Comprehensive,VA,Fax/EDI,442.88,503.16,Simple,73,No,No,221.3,11.4,232.7,Paid in Full,,ADJ-130,3,4.0,
IS-CLM-2025001630,2025-11-22,Property Damage,MI,E-Portal,265.96,3102.97,Moderate,34,No,No,199.3,15.0,214.3,Partial Payment,,ADJ-104,8,3.0,
IS-CLM-2025001631,2025-11-10,Comprehensive,NC,Phone,541.26,3324.35,Simple,68,Yes,No,35.3,3.3,38.6,Partial Payment,,ADJ-142,3,,
IS-CLM-2025001632,2025-12-10,Collision,MI,Phone,463.2,4591.73,Simple,50,Yes,No,37.6,6.5,44.1,Settled,,ADJ-106,3,3.0,
IS-CLM-2025001633,2025-10-16,Bodily Injury,GA,Fax/EDI,737.57,8916.97,Moderate,39,Yes,No,24.5,19.2,43.8,Paid in Full,,ADJ-106,9,3.0,
IS-CLM-2025001634,2025-10-06,Property Damage,IL,Phone,1132.44,11057.16,Complex,51,Yes,Yes,37.8,27.4,65.2,Pending Review,,ADJ-132,10,,No
IS-CLM-2025001635,2025-09-21,Property Damage,MI,E-Portal,758.33,19544.49,Complex,5,No,Yes,30.3,38.7,69.0,Partial Payment,,ADJ-108,8,2.0,
IS-CLM-2025001636,2025-10-08,Bodily Injury,MO,Fax/EDI,726.25,6224.82,Moderate,37,Yes,No,74.5,19.1,93.6,Partial Payment,,ADJ-105,6,2.0,
IS-CLM-2025001637,2025-11-30,Comprehensive,WA,Phone,437.98,6454.29,Simple,99,No,Yes,25.2,3.9,29.1,Paid in Full,,ADJ-122,5,3.0,
IS-CLM-2025001638,2025-07-05,Collision,AZ,Phone,699.62,2878.17,Moderate,59,No,Yes,237.9,12.2,250.1,Paid in Full,,ADJ-137,4,4.0,
IS-CLM-2025001639,2025-07-28,Property Damage,MD,E-Portal,471.49,4092.57,Moderate,69,Yes,No,52.1,9.4,61.5,Paid in Full,,ADJ-118,3,4.0,
IS-CLM-2025001640,2025-11-25,Property Damage,GA,E-Portal,448.36,3952.89,Moderate,26,Yes,No,5.0,11.5,16.5,Settled,,ADJ-114,5,4.0,
IS-CLM-2025001641,2025-08-02,Bodily Injury,CA,Fax/EDI,737.05,15979.89,Moderate,39,Yes,Yes,46.1,19.4,65.4,Partial Payment,,ADJ-136,11,,
IS-CLM-2025001642,2025-07-20,Collision,TN,E-Portal,255.65,2146.87,Simple,47,No,No,96.0,3.1,99.1,Paid in Full,,ADJ-125,3,,
IS-CLM-2025001643,2025-09-02,Comprehensive,NC,Phone,1019.37,12994.47,Complex,5,Yes,Yes,103.6,59.0,162.6,Pending Review,,ADJ-135,10,,
IS-CLM-2025001644,2025-11-25,Liability,PA,E-Portal,330.45,2903.8,Simple,79,No,No,14.1,3.1,17.1,Paid in Full,,ADJ-135,5,3.0,
IS-CLM-2025001645,2025-12-18,Bodily Injury,IN,E-Portal,564.38,8724.64,Moderate,52,Yes,No,14.4,11.3,25.6,Denied,Pre-existing damage,ADJ-147,8,,
IS-CLM-2025001646,2025-11-13,Comprehensive,MO,E-Portal,443.35,9269.48,Moderate,34,Yes,No,24.4,8.1,32.5,Paid in Full,,ADJ-130,12,4.0,
IS-CLM-2025001647,2025-10-30,Collision,TN,Phone,432.28,4195.4,Simple,60,Yes,No,3.0,6.7,9.7,Settled,,ADJ-123,4,,
IS-CLM-2025001648,2025-07-08,Comprehensive,FL,Fax/EDI,389.05,494.41,Simple,87,Yes,No,57.6,4.8,62.4,Settled,,ADJ-137,3,,
IS-CLM-2025001649,2025-12-04,Bodily Injury,CA,Phone,466.29,3655.75,Simple,48,No,No,33.3,12.4,45.7,Settled,,ADJ-109,4,3.0,
IS-CLM-2025001650,2025-09-24,Collision,NJ,Fax/EDI,402.66,1096.48,Simple,54,No,No,30.3,4.6,34.9,Settled,,ADJ-137,5,,
IS-CLM-2025001651,2025-07-07,Liability,MO,E-Portal,376.06,6282.08,Moderate,53,Yes,No,16.7,3.9,20.6,Paid in Full,,ADJ-104,8,3.0,
IS-CLM-2025001652,2025-12-16,Property Damage,FL,Phone,590.74,7140.2,Moderate,50,Yes,No,83.5,6.1,89.6,Denied,Insufficient documentation,ADJ-113,6,,
IS-CLM-2025001653,2025-12-16,Comprehensive,IL,Phone,1155.25,7254.38,Complex,15,Yes,No,144.0,42.6,186.5,Denied,Insufficient documentation,ADJ-108,10,1.0,
IS-CLM-2025001654,2025-09-12,Comprehensive,WI,Fax/EDI,476.15,1653.07,Simple,64,No,No,21.1,14.9,36.0,Paid in Full,,ADJ-131,2,,
IS-CLM-2025001655,2025-07-17,Collision,NY,E-Portal,270.95,660.44,Simple,37,Yes,No,69.5,6.6,76.1,Paid in Full,,ADJ-117,4,4.0,
IS-CLM-2025001656,2025-08-06,Liability,AZ,Phone,680.29,12366.89,Moderate,66,Yes,Yes,77.3,14.0,91.3,Partial Payment,,ADJ-129,4,2.0,No
IS-CLM-2025001657,2025-06-06,Property Damage,WA,Fax/EDI,738.34,7343.89,Moderate,49,Yes,Yes,116.2,9.3,125.5,Partial Payment,,ADJ-134,3,4.0,
IS-CLM-2025001658,2025-09-07,Bodily Injury,NJ,E-Portal,346.72,24225.62,Moderate,39,Yes,Yes,78.7,11.7,90.4,Partial Payment,,ADJ-105,5,2.0,
IS-CLM-2025001659,2025-11-06,Liability,MA,Fax/EDI,418.1,2199.27,Simple,60,No,No,18.7,12.1,30.8,Denied,Pre-existing damage,ADJ-144,2,2.0,
IS-CLM-2025001660,2025-10-25,Comprehensive,IL,E-Portal,276.83,1963.84,Simple,67,No,No,32.5,4.5,37.0,Paid in Full,,ADJ-112,5,4.0,
IS-CLM-2025001661,2025-12-27,Comprehensive,MD,Fax/EDI,453.75,1996.94,Simple,21,No,No,8.7,5.5,14.2,Paid in Full,,ADJ-108,3,,
IS-CLM-2025001662,2025-06-28,Property Damage,MI,Phone,517.61,5738.09,Simple,56,No,No,3.0,12.9,15.9,Partial Payment,,ADJ-107,4,4.0,
IS-CLM-2025001663,2025-07-10,Property Damage,WA,Phone,871.11,8463.42,Moderate,31,No,No,69.4,4.9,74.2,Settled,,ADJ-125,10,,
IS-CLM-2025001664,2025-11-19,Collision,MO,E-Portal,746.89,6310.59,Complex,22,Yes,No,16.3,47.6,63.9,Settled,,ADJ-113,17,4.0,
IS-CLM-2025001665,2025-08-31,Comprehensive,TX,E-Portal,348.73,1880.91,Simple,43,No,No,132.3,7.0,139.2,Paid in Full,,ADJ-146,5,4.0,
IS-CLM-2025001666,2025-10-12,Property Damage,FL,Fax/EDI,697.7,21406.04,Moderate,24,Yes,Yes,91.2,27.3,118.5,Pending Review,,ADJ-137,11,,
IS-CLM-2025001667,2025-12-11,Comprehensive,MO,Phone,977.57,8870.45,Moderate,42,Yes,No,5.0,27.2,32.2,Settled,,ADJ-119,9,4.0,Yes
IS-CLM-2025001668,2025-09-05,Collision,FL,E-Portal,750.07,17438.57,Complex,21,Yes,Yes,121.3,23.2,144.5,Denied,Exceeded policy limit,ADJ-140,11,2.0,
IS-CLM-2025001669,2025-12-19,Liability,NJ,E-Portal,479.11,4406.71,Moderate,29,No,No,60.6,20.6,81.1,Denied,Coverage exclusion,ADJ-113,4,2.0,
IS-CLM-2025001670,2025-10-29,Comprehensive,WI,E-Portal,459.15,11408.12,Moderate,5,Yes,No,63.0,5.0,68.0,Paid in Full,,ADJ-104,7,3.0,
IS-CLM-2025001671,2025-08-30,Comprehensive,MO,E-Portal,735.52,7199.85,Complex,61,Yes,No,53.3,11.8,65.1,Paid in Full,,ADJ-112,13,4.0,
IS-CLM-2025001672,2025-11-26,Collision,TX,E-Portal,282.42,2083.3,Simple,49,Yes,No,22.7,5.0,27.7,Paid in Full,,ADJ-146,3,3.0,
IS-CLM-2025001673,2025-07-23,Collision,MA,Phone,390.26,1639.68,Simple,70,No,No,71.0,6.7,77.7,Denied,Exceeded policy limit,ADJ-114,1,,
IS-CLM-2025001674,2025-06-02,Liability,GA,Fax/EDI,632.82,3790.69,Moderate,80,No,No,37.6,15.7,53.3,Partial Payment,,ADJ-112,9,,
IS-CLM-2025001675,2025-09-04,Comprehensive,AZ,Phone,489.11,2505.91,Simple,37,No,Yes,95.0,6.7,101.7,Paid in Full,,ADJ-128,5,,
IS-CLM-2025001676,2025-11-08,Comprehensive,NJ,Phone,417.99,1654.87,Simple,44,No,No,41.7,9.9,51.6,Partial Payment,,ADJ-118,4,,
IS-CLM-2025001677,2025-09-15,Property Damage,TN,Fax/EDI,352.17,1899.85,Simple,99,No,No,3.0,4.5,7.5,Paid in Full,,ADJ-117,5,4.0,
IS-CLM-2025001678,2025-11-25,Property Damage,AZ,Fax/EDI,617.89,11549.77,Moderate,99,Yes,Yes,226.1,9.0,235.1,Paid in Full,,ADJ-141,4,4.0,
IS-CLM-2025001679,2025-12-20,Bodily Injury,MA,Fax/EDI,451.26,3246.95,Simple,99,No,No,16.8,3.3,20.1,Denied,Filing deadline missed,ADJ-144,4,1.0,
IS-CLM-2025001680,2025-08-13,Collision,NJ,E-Portal,596.28,4192.26,Moderate,22,Yes,No,14.0,18.5,32.5,Partial Payment,,ADJ-126,6,,
IS-CLM-2025001681,2025-10-21,Property Damage,MA,Fax/EDI,784.18,3121.6,Moderate,42,Yes,No,53.6,16.9,70.5,Partial Payment,,ADJ-131,4,2.0,
IS-CLM-2025001682,2025-06-10,Bodily Injury,AZ,Phone,991.87,14855.77,Complex,29,Yes,Yes,81.7,26.6,108.3,Partial Payment,,ADJ-140,10,2.0,
IS-CLM-2025001683,2025-07-07,Collision,MD,Phone,537.31,1964.35,Simple,75,Yes,No,80.4,5.3,85.7,Partial Payment,,ADJ-150,2,,
IS-CLM-2025001684,2025-12-03,Property Damage,VA,Fax/EDI,447.56,1276.07,Simple,6,No,No,56.8,4.2,61.0,Partial Payment,,ADJ-117,2,2.0,
IS-CLM-2025001685,2025-07-22,Collision,TX,E-Portal,211.83,2994.56,Simple,64,Yes,Yes,4.3,4.9,9.2,Paid in Full,,ADJ-112,2,4.0,
IS-CLM-2025001686,2025-12-02,Bodily Injury,MD,E-Portal,277.54,4193.22,Simple,97,Yes,No,74.7,8.4,83.0,Paid in Full,,ADJ-134,3,3.0,Yes
IS-CLM-2025001687,2025-07-07,Comprehensive,MO,E-Portal,336.61,1893.57,Simple,78,Yes,No,30.3,8.7,39.1,Paid in Full,,ADJ-135,1,,
IS-CLM-2025001688,2025-07-14,Bodily Injury,VA,E-Portal,530.59,21026.99,Moderate,67,Yes,Yes,8.9,27.3,36.2,Paid in Full,,ADJ-115,3,3.0,
IS-CLM-2025001689,2025-10-23,Property Damage,TX,Phone,289.17,1577.54,Simple,47,No,Yes,26.0,6.9,32.9,Paid in Full,,ADJ-141,1,4.0,
IS-CLM-2025001690,2025-06-19,Liability,CA,E-Portal,524.59,3761.2,Moderate,47,No,No,29.9,14.0,43.9,Denied,Insufficient documentation,ADJ-125,7,,
IS-CLM-2025001691,2025-09-08,Comprehensive,MD,Phone,348.12,1058.05,Simple,62,No,No,10.1,9.6,19.7,Settled,,ADJ-117,3,,
IS-CLM-2025001692,2025-11-10,Property Damage,MD,E-Portal,767.83,7988.01,Complex,41,Yes,No,105.9,19.5,125.4,Paid in Full,,ADJ-124,8,3.0,
IS-CLM-2025001693,2025-11-11,Bodily Injury,IL,E-Portal,356.67,2119.47,Simple,80,No,No,29.2,3.0,32.2,Paid in Full,,ADJ-111,3,,
IS-CLM-2025001694,2025-09-19,Liability,NJ,Fax/EDI,481.68,1123.42,Simple,15,No,No,39.9,11.8,51.6,Denied,Pre-existing damage,ADJ-115,4,2.0,
IS-CLM-2025001695,2025-11-08,Comprehensive,MI,Fax/EDI,586.34,4206.6,Moderate,50,Yes,No,143.6,21.5,165.1,Paid in Full,,ADJ-130,10,4.0,
IS-CLM-2025001696,2025-09-08,Comprehensive,MD,E-Portal,258.49,2241.89,Simple,58,No,No,16.4,2.8,19.2,Denied,Insufficient documentation,ADJ-134,2,1.0,
IS-CLM-2025001697,2025-11-30,Bodily Injury,OH,Phone,1257.74,85000.0,Complex,18,Yes,Yes,17.2,39.6,56.9,Pending Review,,ADJ-140,10,,
IS-CLM-2025001698,2025-10-19,Comprehensive,TN,E-Portal,488.7,5657.81,Moderate,62,Yes,No,9.9,23.5,33.4,Pending Review,,ADJ-135,10,,
IS-CLM-2025001699,2025-12-16,Collision,WA,Phone,569.16,677.79,Simple,88,No,No,3.0,4.3,7.3,Denied,Policy lapsed,ADJ-134,4,2.0,
IS-CLM-2025001700,2025-09-22,Bodily Injury,CA,E-Portal,362.1,3711.69,Simple,31,No,No,28.2,4.8,33.0,Denied,Filing deadline missed,ADJ-148,5,,
IS-CLM-2025001701,2025-11-12,Bodily Injury,AZ,Fax/EDI,701.69,10589.97,Moderate,29,No,No,63.8,13.9,77.7,Partial Payment,,ADJ-116,5,,
IS-CLM-2025001702,2025-10-03,Comprehensive,VA,E-Portal,369.36,808.69,Simple,29,No,No,25.3,4.1,29.4,Paid in Full,,ADJ-141,1,,
IS-CLM-2025001703,2025-12-19,Liability,FL,E-Portal,456.15,13599.96,Moderate,5,No,Yes,32.1,13.3,45.4,Paid in Full,,ADJ-122,4,4.0,
IS-CLM-2025001704,2025-08-31,Bodily Injury,OH,Phone,480.16,3274.01,Simple,79,No,No,26.6,3.1,29.6,Paid in Full,,ADJ-105,3,,
IS-CLM-2025001705,2025-08-20,Collision,WI,Fax/EDI,349.24,1480.89,Simple,71,No,Yes,4.8,11.5,16.3,Paid in Full,,ADJ-120,1,,
IS-CLM-2025001706,2025-07-11,Collision,PA,Phone,540.85,2592.21,Moderate,48,Yes,No,45.9,25.2,71.1,Paid in Full,,ADJ-127,5,4.0,
IS-CLM-2025001707,2025-11-08,Comprehensive,MA,Fax/EDI,708.2,17050.41,Moderate,77,Yes,Yes,34.1,13.4,47.5,Denied,Policy lapsed,ADJ-108,5,,
IS-CLM-2025001708,2025-06-25,Comprehensive,TX,Fax/EDI,582.29,1032.68,Simple,61,No,No,30.6,7.2,37.8,Paid in Full,,ADJ-138,3,,
IS-CLM-2025001709,2025-10-28,Property Damage,WI,E-Portal,507.95,4465.51,Moderate,75,No,No,42.6,13.6,56.3,Partial Payment,,ADJ-137,8,,
IS-CLM-2025001710,2025-06-22,Comprehensive,MI,Fax/EDI,928.25,8223.27,Complex,26,Yes,No,88.4,19.9,108.3,Partial Payment,,ADJ-110,6,,
IS-CLM-2025001711,2025-12-20,Collision,OH,E-Portal,295.01,1305.29,Simple,70,No,No,97.8,3.6,101.3,Paid in Full,,ADJ-106,3,,
IS-CLM-2025001712,2025-12-22,Bodily Injury,MA,E-Portal,195.85,2719.54,Simple,80,No,No,52.4,2.7,55.0,Denied,Filing deadline missed,ADJ-117,2,2.0,
IS-CLM-2025001713,2025-10-12,Collision,CA,Fax/EDI,740.6,6628.33,Moderate,13,No,No,62.4,30.9,93.2,Partial Payment,,ADJ-116,7,3.0,
IS-CLM-2025001714,2025-09-19,Collision,VA,Fax/EDI,341.21,6011.06,Moderate,99,No,No,24.7,41.8,66.5,Settled,,ADJ-143,4,4.0,
IS-CLM-2025001715,2025-06-09,Property Damage,PA,Phone,432.51,1497.65,Simple,72,No,No,59.5,7.0,66.5,Partial Payment,,ADJ-137,1,2.0,
IS-CLM-2025001716,2025-07-22,Comprehensive,MA,E-Portal,524.66,6714.41,Moderate,28,Yes,No,64.8,8.6,73.4,Paid in Full,,ADJ-145,9,3.0,
IS-CLM-2025001717,2025-12-23,Comprehensive,IN,Phone,512.67,2468.46,Simple,78,No,No,46.4,3.6,49.9,Partial Payment,,ADJ-123,3,3.0,
IS-CLM-2025001718,2025-10-04,Collision,NJ,E-Portal,508.37,5500.2,Moderate,48,No,No,5.0,9.4,14.4,Partial Payment,,ADJ-106,8,,
IS-CLM-2025001719,2025-06-30,Collision,CA,Phone,545.97,863.41,Simple,74,No,No,7.9,5.6,13.5,Settled,,ADJ-105,2,4.0,No
IS-CLM-2025001720,2025-07-10,Collision,WI,Phone,569.46,2477.7,Simple,84,No,Yes,19.9,5.4,25.3,Paid in Full,,ADJ-101,3,,
IS-CLM-2025001721,2025-11-06,Bodily Injury,FL,Phone,745.56,14009.6,Moderate,34,Yes,Yes,13.1,19.2,32.3,Pending Review,,ADJ-130,8,,
IS-CLM-2025001722,2025-06-28,Bodily Injury,WA,Fax/EDI,786.48,16742.87,Moderate,68,Yes,No,54.3,7.3,61.6,Partial Payment,,ADJ-112,4,,
IS-CLM-2025001723,2025-06-24,Property Damage,CA,Fax/EDI,1219.78,12922.74,Complex,48,Yes,Yes,47.2,32.5,79.7,Paid in Full,,ADJ-146,6,4.0,
IS-CLM-2025001724,2025-11-08,Bodily Injury,IN,E-Portal,528.19,10038.72,Moderate,70,No,No,100.5,19.6,120.1,Pending Review,,ADJ-146,5,,
IS-CLM-2025001725,2025-12-05,Collision,WI,Fax/EDI,342.59,4276.2,Simple,66,Yes,Yes,32.6,10.6,43.3,Paid in Full,,ADJ-112,2,3.0,Yes
IS-CLM-2025001726,2025-10-17,Comprehensive,WI,Fax/EDI,1096.3,24590.08,Complex,38,Yes,Yes,67.4,26.5,93.8,Paid in Full,,ADJ-112,18,3.0,
IS-CLM-2025001727,2025-07-29,Comprehensive,IL,E-Portal,353.79,2347.1,Simple,90,No,No,30.4,1.5,32.0,Denied,Exceeded policy limit,ADJ-133,3,1.0,
IS-CLM-2025001728,2025-08-04,Comprehensive,MI,E-Portal,457.25,10926.84,Moderate,69,Yes,Yes,5.0,8.9,13.9,Paid in Full,,ADJ-144,7,4.0,
IS-CLM-2025001729,2025-07-12,Liability,FL,Phone,1144.36,9762.77,Complex,61,Yes,No,8.0,41.3,49.3,Pending Review,,ADJ-140,17,,
IS-CLM-2025001730,2025-06-21,Property Damage,MD,Fax/EDI,684.52,6163.59,Moderate,31,No,No,103.4,21.0,124.4,Settled,,ADJ-150,8,,
IS-CLM-2025001731,2025-11-03,Comprehensive,FL,Fax/EDI,450.97,3288.18,Simple,60,No,No,20.6,2.1,22.7,Partial Payment,,ADJ-123,4,3.0,No
IS-CLM-2025001732,2025-08-16,Liability,MA,E-Portal,638.08,18182.32,Complex,29,No,Yes,24.5,24.2,48.7,Paid in Full,,ADJ-138,7,4.0,
IS-CLM-2025001733,2025-08-30,Collision,TN,E-Portal,278.53,2724.86,Simple,31,No,No,16.9,5.6,22.5,Partial Payment,,ADJ-126,4,,
IS-CLM-2025001734,2025-09-27,Comprehensive,MD,Phone,903.52,7799.99,Moderate,54,No,No,76.0,6.7,82.8,Denied,Coverage exclusion,ADJ-109,8,3.0,No
IS-CLM-2025001735,2025-11-09,Collision,PA,Fax/EDI,820.69,6277.18,Moderate,55,Yes,No,57.9,21.0,78.8,Paid in Full,,ADJ-143,5,5.0,
IS-CLM-2025001736,2025-07-18,Property Damage,OH,Fax/EDI,1029.13,5801.61,Complex,5,Yes,No,82.4,40.0,122.4,Settled,,ADJ-113,5,3.0,
IS-CLM-2025001737,2025-07-11,Comprehensive,NJ,E-Portal,361.47,2363.01,Simple,64,No,No,3.8,3.3,7.1,Paid in Full,,ADJ-113,4,,
IS-CLM-2025001738,2025-10-06,Collision,TN,E-Portal,293.19,3144.17,Simple,87,No,Yes,51.4,10.7,62.0,Denied,Insufficient documentation,ADJ-107,1,,
IS-CLM-2025001739,2025-11-28,Property Damage,MA,Phone,1140.82,4640.0,Complex,30,Yes,No,165.6,61.0,226.6,Paid in Full,,ADJ-132,17,4.0,
IS-CLM-2025001740,2025-10-04,Collision,CA,Fax/EDI,1023.65,12358.22,Complex,45,Yes,Yes,72.9,47.1,120.0,Denied,Filing deadline missed,ADJ-144,14,3.0,
IS-CLM-2025001741,2025-07-02,Liability,WA,Phone,934.65,3633.2,Complex,6,Yes,No,261.4,45.6,307.0,Partial Payment,,ADJ-109,10,2.0,
IS-CLM-2025001742,2025-09-30,Bodily Injury,FL,E-Portal,260.61,2805.72,Simple,70,No,No,11.3,4.1,15.4,Paid in Full,,ADJ-121,2,,
IS-CLM-2025001743,2025-08-20,Bodily Injury,MA,E-Portal,909.47,25957.04,Complex,5,Yes,Yes,28.3,42.7,71.0,Partial Payment,,ADJ-122,16,4.0,
IS-CLM-2025001744,2025-07-03,Property Damage,VA,Fax/EDI,280.73,2040.2,Simple,99,No,No,15.0,5.5,20.5,Partial Payment,,ADJ-146,5,,
IS-CLM-2025001745,2025-12-26,Bodily Injury,GA,Phone,431.71,1215.93,Simple,83,No,No,27.5,5.4,32.9,Paid in Full,,ADJ-133,1,4.0,
IS-CLM-2025001746,2025-07-08,Property Damage,WA,Phone,656.1,2159.54,Simple,35,No,No,376.3,10.8,387.1,Paid in Full,,ADJ-147,3,4.0,
IS-CLM-2025001747,2025-09-08,Comprehensive,OH,Fax/EDI,432.19,1792.51,Simple,69,No,No,3.0,4.7,7.7,Paid in Full,,ADJ-150,1,4.0,
IS-CLM-2025001748,2025-07-28,Comprehensive,CA,E-Portal,339.59,1123.99,Simple,61,No,No,29.1,3.1,32.1,Denied,Policy lapsed,ADJ-118,3,3.0,
IS-CLM-2025001749,2025-08-20,Bodily Injury,WA,Fax/EDI,378.97,9438.01,Simple,60,No,Yes,119.7,3.9,123.6,Paid in Full,,ADJ-139,5,4.0,
IS-CLM-2025001750,2025-12-05,Comprehensive,TX,Fax/EDI,442.91,4838.94,Simple,79,No,Yes,12.6,5.5,18.1,Denied,Filing deadline missed,ADJ-125,4,,
IS-CLM-2025001751,2025-06-03,Comprehensive,NJ,Fax/EDI,448.36,3082.28,Simple,44,Yes,No,8.9,3.3,12.2,Paid in Full,,ADJ-142,4,3.0,
IS-CLM-2025001752,2025-09-28,Collision,PA,Phone,460.79,670.23,Simple,90,No,No,18.6,9.1,27.8,Denied,Exceeded policy limit,ADJ-149,3,4.0,
IS-CLM-2025001753,2025-08-10,Collision,MD,E-Portal,477.19,10474.46,Moderate,47,Yes,Yes,25.8,27.6,53.4,Settled,,ADJ-111,12,4.0,Yes
IS-CLM-2025001754,2025-06-05,Collision,NY,E-Portal,298.29,1658.96,Simple,56,No,No,79.6,8.0,87.6,Paid in Full,,ADJ-121,4,4.0,
IS-CLM-2025001755,2025-11-08,Comprehensive,TN,Fax/EDI,428.19,1088.1,Simple,61,No,No,24.7,9.4,34.2,Paid in Full,,ADJ-103,3,4.0,
IS-CLM-2025001756,2025-12-11,Collision,WI,Fax/EDI,661.65,4703.01,Moderate,27,Yes,Yes,6.1,16.1,22.1,Settled,,ADJ-105,4,4.0,
IS-CLM-2025001757,2025-06-27,Comprehensive,IN,Phone,383.11,1960.1,Simple,71,No,No,3.0,5.7,8.7,Settled,,ADJ-123,3,4.0,No
IS-CLM-2025001758,2025-08-27,Comprehensive,FL,E-Portal,391.56,2525.56,Simple,43,No,No,8.3,9.1,17.5,Paid in Full,,ADJ-142,4,,No
IS-CLM-2025001759,2025-10-19,Comprehensive,FL,E-Portal,213.38,676.56,Simple,46,No,No,3.0,4.0,7.0,Settled,,ADJ-117,2,4.0,
IS-CLM-2025001760,2025-11-13,Liability,MO,Phone,543.72,4209.36,Simple,84,No,Yes,96.0,4.0,100.0,Paid in Full,,ADJ-115,2,,
IS-CLM-2025001761,2025-07-06,Collision,IN,E-Portal,196.36,1732.85,Simple,50,No,No,26.5,12.9,39.4,Settled,,ADJ-133,3,2.0,
IS-CLM-2025001762,2025-11-19,Collision,TN,E-Portal,490.36,14662.63,Moderate,56,Yes,Yes,141.6,11.7,153.3,Denied,Policy lapsed,ADJ-132,3,2.0,
IS-CLM-2025001763,2025-06-21,Collision,WI,Fax/EDI,449.22,2878.04,Simple,33,No,No,12.9,10.2,23.1,Paid in Full,,ADJ-110,5,5.0,
IS-CLM-2025001764,2025-11-08,Bodily Injury,WA,Fax/EDI,496.56,1558.46,Simple,25,No,Yes,18.4,5.0,23.4,Paid in Full,,ADJ-113,5,4.0,
IS-CLM-2025001765,2025-07-21,Comprehensive,VA,E-Portal,220.32,1964.29,Simple,36,No,No,26.2,3.3,29.5,Partial Payment,,ADJ-129,1,2.0,
IS-CLM-2025001766,2025-11-14,Property Damage,IN,E-Portal,362.01,2899.29,Simple,62,No,No,171.8,7.2,179.1,Paid in Full,,ADJ-107,2,4.0,
IS-CLM-2025001767,2025-10-24,Comprehensive,NJ,Phone,342.51,835.57,Simple,81,No,No,3.0,7.4,10.4,Paid in Full,,ADJ-120,3,5.0,
IS-CLM-2025001768,2025-11-13,Collision,GA,E-Portal,501.91,16467.42,Moderate,38,No,Yes,175.0,11.4,186.4,Paid in Full,,ADJ-133,3,3.0,
IS-CLM-2025001769,2025-07-26,Collision,IL,E-Portal,413.33,1240.6,Simple,25,No,No,5.5,6.7,12.1,Paid in Full,,ADJ-125,3,4.0,
IS-CLM-2025001770,2025-09-09,Comprehensive,WA,E-Portal,507.49,8314.65,Moderate,39,No,No,11.2,6.8,18.0,Paid in Full,,ADJ-143,6,3.0,
IS-CLM-2025001771,2025-06-28,Bodily Injury,CA,Phone,1175.27,27536.19,Complex,23,Yes,Yes,464.9,42.4,507.3,Paid in Full,,ADJ-118,5,4.0,No
IS-CLM-2025001772,2025-09-06,Bodily Injury,WI,Phone,1146.19,8053.55,Complex,18,Yes,No,54.6,22.3,77.0,Paid in Full,,ADJ-128,16,,
IS-CLM-2025001773,2025-06-20,Collision,NC,E-Portal,445.85,6353.56,Moderate,44,Yes,No,165.2,16.9,182.1,Paid in Full,,ADJ-120,5,4.0,
IS-CLM-2025001774,2025-12-22,Collision,OH,Phone,432.51,3943.01,Simple,94,No,No,41.3,4.4,45.7,Settled,,ADJ-102,4,3.0,
IS-CLM-2025001775,2025-06-29,Property Damage,FL,Fax/EDI,327.13,2454.75,Simple,36,No,No,55.5,5.9,61.4,Paid in Full,,ADJ-145,5,3.0,
IS-CLM-2025001776,2025-06-06,Bodily Injury,WI,Phone,617.1,5340.14,Moderate,46,No,Yes,135.4,18.2,153.5,Paid in Full,,ADJ-144,9,4.0,
IS-CLM-2025001777,2025-10-06,Comprehensive,TN,Phone,1172.95,28208.28,Complex,5,Yes,No,43.6,23.6,67.1,Paid in Full,,ADJ-103,15,4.0,
IS-CLM-2025001778,2025-12-15,Collision,NC,E-Portal,285.24,1440.08,Simple,59,No,Yes,103.6,7.2,110.8,Denied,Filing deadline missed,ADJ-118,2,3.0,
IS-CLM-2025001779,2025-09-23,Comprehensive,CA,Fax/EDI,317.32,1304.47,Simple,82,Yes,No,34.5,5.7,40.1,Paid in Full,,ADJ-128,5,,
IS-CLM-2025001780,2025-10-04,Comprehensive,GA,E-Portal,851.18,36733.58,Complex,45,Yes,Yes,70.6,48.4,118.9,Paid in Full,,ADJ-106,14,4.0,
IS-CLM-2025001781,2025-12-28,Property Damage,MA,Fax/EDI,681.68,8984.11,Moderate,21,Yes,No,47.8,28.5,76.3,Denied,Insufficient documentation,ADJ-136,11,3.0,
IS-CLM-2025001782,2025-12-06,Bodily Injury,MI,Fax/EDI,857.77,12316.01,Moderate,27,Yes,Yes,124.4,14.0,138.4,Partial Payment,,ADJ-123,7,4.0,
IS-CLM-2025001783,2025-11-20,Collision,MA,E-Portal,299.6,3910.64,Simple,68,No,No,139.4,4.2,143.6,Paid in Full,,ADJ-106,5,3.0,
IS-CLM-2025001784,2025-07-06,Liability,VA,E-Portal,457.23,5993.52,Moderate,62,No,No,64.1,16.4,80.5,Pending Review,,ADJ-135,5,,
IS-CLM-2025001785,2025-08-27,Comprehensive,IN,Phone,455.57,3738.6,Simple,90,No,No,64.8,7.2,72.0,Paid in Full,,ADJ-141,2,,
IS-CLM-2025001786,2025-10-25,Bodily Injury,PA,E-Portal,433.08,8914.04,Moderate,52,No,No,73.5,17.6,91.0,Settled,,ADJ-126,4,,
IS-CLM-2025001787,2025-06-29,Comprehensive,IN,E-Portal,336.48,2375.14,Simple,42,No,Yes,20.1,9.4,29.4,Settled,,ADJ-136,2,,
IS-CLM-2025001788,2025-11-23,Collision,VA,Fax/EDI,352.03,3747.82,Simple,71,No,No,63.1,14.9,78.0,Partial Payment,,ADJ-124,5,,
IS-CLM-2025001789,2025-10-12,Collision,AZ,Fax/EDI,429.85,3460.78,Simple,61,No,No,29.8,9.8,39.6,Paid in Full,,ADJ-107,2,,
IS-CLM-2025001790,2025-09-25,Comprehensive,PA,Fax/EDI,581.81,7643.51,Moderate,58,No,No,23.7,25.5,49.3,Paid in Full,,ADJ-101,11,,
IS-CLM-2025001791,2025-10-05,Bodily Injury,PA,Phone,831.16,17484.24,Moderate,31,Yes,Yes,19.0,13.1,32.0,Partial Payment,,ADJ-149,9,4.0,
IS-CLM-2025001792,2025-07-24,Collision,MO,Phone,264.29,579.72,Simple,88,No,Yes,14.0,7.1,21.1,Paid in Full,,ADJ-119,1,4.0,
IS-CLM-2025001793,2025-12-16,Property Damage,FL,E-Portal,298.98,2182.69,Simple,17,No,No,46.5,3.2,49.7,Settled,,ADJ-123,4,3.0,
IS-CLM-2025001794,2025-10-31,Comprehensive,NJ,Phone,697.08,4896.52,Moderate,43,Yes,No,68.1,16.7,84.8,Partial Payment,,ADJ-140,12,,
IS-CLM-2025001795,2025-11-10,Collision,WA,E-Portal,339.09,3337.04,Simple,62,No,No,31.0,3.6,34.6,Paid in Full,,ADJ-123,1,3.0,
IS-CLM-2025001796,2025-09-30,Bodily Injury,AZ,Phone,791.92,3927.43,Moderate,37,No,No,22.5,14.7,37.2,Denied,Fraud suspected,ADJ-123,10,,
IS-CLM-2025001797,2025-09-06,Bodily Injury,TX,Phone,1033.08,41194.48,Complex,5,Yes,Yes,36.4,16.3,52.7,Paid in Full,,ADJ-106,6,3.0,
IS-CLM-2025001798,2025-12-01,Collision,NY,E-Portal,337.8,917.89,Simple,56,No,No,17.4,5.9,23.3,Settled,,ADJ-131,1,3.0,
IS-CLM-2025001799,2025-10-20,Collision,MD,E-Portal,563.03,13736.75,Complex,12,Yes,Yes,19.4,14.5,33.9,Settled,,ADJ-109,14,,
IS-CLM-2025001800,2025-12-17,Liability,CA,E-Portal,396.31,5894.25,Moderate,18,Yes,No,24.3,32.3,56.6,Paid in Full,,ADJ-130,7,,
IS-CLM-2025001801,2025-09-08,Property Damage,MO,Fax/EDI,1272.54,16867.62,Complex,58,Yes,No,80.3,60.6,140.9,Settled,,ADJ-132,7,,
IS-CLM-2025001802,2025-08-15,Collision,IL,E-Portal,537.57,7758.64,Moderate,17,Yes,No,73.7,8.5,82.2,Denied,Policy lapsed,ADJ-105,6,2.0,
IS-CLM-2025001803,2025-08-03,Liability,CA,Phone,984.19,21525.92,Complex,7,Yes,Yes,145.3,36.8,182.1,Partial Payment,,ADJ-112,17,2.0,
IS-CLM-2025001804,2025-08-17,Property Damage,IL,E-Portal,339.55,2600.31,Simple,35,No,No,91.1,12.5,103.5,Denied,Exceeded policy limit,ADJ-115,4,,
IS-CLM-2025001805,2025-06-30,Bodily Injury,NY,E-Portal,701.83,45149.57,Complex,62,Yes,Yes,8.0,32.4,40.4,Settled,,ADJ-139,14,2.0,No
IS-CLM-2025001806,2025-10-06,Collision,MI,E-Portal,337.93,811.21,Simple,58,No,No,19.3,4.0,23.3,Partial Payment,,ADJ-145,3,,
IS-CLM-2025001807,2025-06-28,Comprehensive,TN,Fax/EDI,840.86,7405.52,Moderate,40,Yes,No,11.8,12.2,24.0,Paid in Full,,ADJ-105,4,4.0,
IS-CLM-2025001808,2025-11-18,Collision,MI,Phone,593.2,1920.77,Simple,69,No,No,75.2,4.5,79.7,Settled,,ADJ-109,1,4.0,
IS-CLM-2025001809,2025-06-23,Property Damage,WI,E-Portal,289.11,3036.65,Simple,54,No,No,26.9,7.9,34.9,Paid in Full,,ADJ-136,3,4.0,
IS-CLM-2025001810,2025-12-20,Collision,IL,Phone,843.52,5858.44,Moderate,61,Yes,No,5.0,37.1,42.1,Paid in Full,,ADJ-113,5,3.0,Yes
IS-CLM-2025001811,2025-12-09,Property Damage,AZ,E-Portal,556.25,6107.12,Moderate,5,Yes,No,88.1,15.9,104.0,Paid in Full,,ADJ-118,12,5.0,
IS-CLM-2025001812,2025-08-17,Property Damage,PA,E-Portal,247.49,3215.19,Simple,88,No,No,22.6,9.6,32.2,Paid in Full,,ADJ-114,2,,
IS-CLM-2025001813,2025-10-01,Liability,MA,Phone,790.21,3490.41,Moderate,39,Yes,No,14.2,9.8,24.0,Paid in Full,,ADJ-141,11,,
IS-CLM-2025001814,2025-06-19,Liability,PA,Phone,760.34,7578.64,Moderate,23,No,No,19.4,18.6,38.0,Partial Payment,,ADJ-149,4,2.0,
IS-CLM-2025001815,2025-06-19,Comprehensive,WI,Phone,497.26,2913.05,Simple,64,No,No,3.3,12.5,15.8,Paid in Full,,ADJ-115,3,4.0,No
IS-CLM-2025001816,2025-12-10,Collision,TN,E-Portal,549.04,8054.04,Moderate,55,No,No,12.5,34.6,47.0,Partial Payment,,ADJ-124,9,3.0,
IS-CLM-2025001817,2025-07-28,Collision,PA,Fax/EDI,755.41,17015.93,Moderate,16,No,Yes,141.2,17.9,159.1,Partial Payment,,ADJ-127,5,2.0,
IS-CLM-2025001818,2025-10-12,Comprehensive,NJ,Fax/EDI,381.85,1699.56,Simple,45,Yes,No,43.7,8.3,51.9,Partial Payment,,ADJ-127,1,3.0,
IS-CLM-2025001819,2025-11-28,Bodily Injury,PA,Phone,774.98,4083.18,Moderate,46,Yes,No,30.6,11.2,41.8,Paid in Full,,ADJ-118,10,,
IS-CLM-2025001820,2025-08-27,Bodily Injury,NJ,E-Portal,292.98,1147.57,Simple,64,No,No,21.6,5.5,27.0,Paid in Full,,ADJ-131,5,2.0,
IS-CLM-2025001821,2025-12-11,Comprehensive,WI,Phone,490.94,1176.43,Simple,64,No,No,26.5,15.6,42.1,Paid in Full,,ADJ-137,2,2.0,
IS-CLM-2025001822,2025-06-24,Comprehensive,MA,Phone,649.86,3648.01,Moderate,74,Yes,No,29.4,22.6,51.9,Partial Payment,,ADJ-105,7,,
IS-CLM-2025001823,2025-08-09,Liability,NJ,Phone,1154.05,3525.32,Complex,29,Yes,No,12.1,38.4,50.5,Pending Review,,ADJ-121,8,,
IS-CLM-2025001824,2025-08-29,Comprehensive,NJ,E-Portal,229.39,1254.94,Simple,88,No,No,52.7,3.0,55.7,Paid in Full,,ADJ-118,3,3.0,
IS-CLM-2025001825,2025-11-19,Comprehensive,OH,E-Portal,464.22,10277.86,Moderate,5,No,Yes,40.2,18.6,58.8,Paid in Full,,ADJ-150,7,4.0,
IS-CLM-2025001826,2025-11-23,Bodily Injury,MI,E-Portal,412.49,4089.82,Simple,96,No,No,23.4,3.1,26.5,Paid in Full,,ADJ-130,5,4.0,
IS-CLM-2025001827,2025-07-01,Comprehensive,NJ,E-Portal,339.38,2600.49,Simple,73,No,No,17.6,4.2,21.8,Settled,,ADJ-122,2,,
IS-CLM-2025001828,2025-12-25,Collision,MA,Phone,400.0,2924.75,Simple,62,No,No,39.4,5.5,44.9,Paid in Full,,ADJ-137,4,3.0,
IS-CLM-2025001829,2025-07-08,Comprehensive,NC,E-Portal,472.79,8896.61,Moderate,56,Yes,No,90.1,4.2,94.3,Settled,,ADJ-126,3,3.0,
IS-CLM-2025001830,2025-12-25,Comprehensive,NC,Phone,613.3,4323.65,Moderate,48,Yes,No,96.4,20.8,117.2,Paid in Full,,ADJ-118,11,4.0,
IS-CLM-2025001831,2025-07-21,Comprehensive,NC,E-Portal,242.46,1855.55,Simple,54,No,No,92.2,5.0,97.2,Denied,Coverage exclusion,ADJ-125,3,3.0,
IS-CLM-2025001832,2025-07-17,Property Damage,NY,Phone,413.01,1209.35,Simple,66,No,No,13.4,3.8,17.2,Denied,Pre-existing damage,ADJ-105,3,2.0,
IS-CLM-2025001833,2025-10-16,Collision,NC,Fax/EDI,595.24,7032.4,Moderate,48,No,Yes,43.4,32.4,75.8,Denied,Policy lapsed,ADJ-143,12,3.0,No
IS-CLM-2025001834,2025-06-29,Collision,VA,E-Portal,271.64,1160.69,Simple,57,No,No,28.6,3.1,31.6,Paid in Full,,ADJ-116,2,3.0,
IS-CLM-2025001835,2025-11-02,Bodily Injury,WI,Phone,1174.35,39358.49,Complex,55,Yes,Yes,133.2,26.7,159.9,Paid in Full,,ADJ-102,13,4.0,
IS-CLM-2025001836,2025-12-13,Property Damage,GA,E-Portal,529.19,5871.12,Moderate,39,No,No,7.7,13.4,21.1,Paid in Full,,ADJ-135,12,3.0,
IS-CLM-2025001837,2025-07-12,Comprehensive,FL,Phone,765.86,4368.61,Moderate,74,Yes,No,5.9,10.4,16.3,Paid in Full,,ADJ-132,4,4.0,
IS-CLM-2025001838,2025-09-13,Property Damage,GA,E-Portal,228.72,1323.3,Simple,99,No,No,3.0,6.5,9.5,Partial Payment,,ADJ-115,3,3.0,
IS-CLM-2025001839,2025-08-01,Collision,NJ,Fax/EDI,769.63,4393.53,Moderate,25,No,No,92.0,10.6,102.5,Paid in Full,,ADJ-129,6,3.0,
IS-CLM-2025001840,2025-06-21,Bodily Injury,TN,Fax/EDI,619.19,70240.05,Complex,13,Yes,No,46.1,30.8,76.9,Partial Payment,,ADJ-140,17,3.0,
IS-CLM-2025001841,2025-10-17,Bodily Injury,NC,Phone,441.93,3696.5,Simple,86,No,No,29.3,2.7,32.0,Partial Payment,,ADJ-122,3,3.0,No
IS-CLM-2025001842,2025-10-08,Liability,WA,E-Portal,349.21,1907.92,Simple,97,No,No,16.3,7.9,24.2,Denied,Policy lapsed,ADJ-139,4,4.0,
IS-CLM-2025001843,2025-09-12,Property Damage,OH,Fax/EDI,397.25,2625.11,Simple,60,No,No,24.5,5.7,30.2,Denied,Insufficient documentation,ADJ-119,2,4.0,
IS-CLM-2025001844,2025-09-29,Comprehensive,CA,E-Portal,460.83,13285.12,Moderate,75,Yes,Yes,5.2,18.5,23.6,Partial Payment,,ADJ-105,10,,
IS-CLM-2025001845,2025-06-06,Liability,AZ,Fax/EDI,286.4,2292.9,Simple,76,No,No,8.6,4.0,12.6,Paid in Full,,ADJ-129,4,4.0,
IS-CLM-2025001846,2025-08-05,Property Damage,MI,Fax/EDI,348.34,6965.83,Simple,81,No,No,22.5,3.4,25.9,Denied,Exceeded policy limit,ADJ-111,2,1.0,No
IS-CLM-2025001847,2025-10-28,Property Damage,IN,Fax/EDI,561.93,4522.85,Moderate,21,No,No,61.5,9.8,71.3,Partial Payment,,ADJ-124,3,,
IS-CLM-2025001848,2025-06-24,Comprehensive,IL,E-Portal,288.57,1506.71,Simple,72,No,No,54.1,5.6,59.7,Paid in Full,,ADJ-134,3,3.0,
IS-CLM-2025001849,2025-08-15,Liability,PA,E-Portal,343.62,3723.57,Simple,87,No,No,14.3,3.0,17.4,Paid in Full,,ADJ-115,4,3.0,
IS-CLM-2025001850,2025-10-12,Liability,FL,E-Portal,909.04,4544.69,Complex,18,Yes,No,170.8,27.1,197.9,Denied,Insufficient documentation,ADJ-148,7,3.0,
IS-CLM-2025001851,2025-09-29,Property Damage,TN,Fax/EDI,727.83,4934.27,Complex,17,Yes,Yes,71.5,95.3,166.8,Partial Payment,,ADJ-146,6,2.0,Yes
IS-CLM-2025001852,2025-06-26,Collision,NC,Phone,912.19,6529.16,Moderate,38,Yes,No,84.9,9.1,94.0,Partial Payment,,ADJ-149,8,,
IS-CLM-2025001853,2025-07-10,Bodily Injury,MO,Phone,470.05,1754.04,Simple,65,No,No,29.1,3.7,32.8,Partial Payment,,ADJ-150,3,3.0,
IS-CLM-2025001854,2025-06-06,Comprehensive,IN,Phone,607.57,3156.54,Simple,32,Yes,Yes,123.6,5.1,128.7,Paid in Full,,ADJ-110,2,4.0,
IS-CLM-2025001855,2025-11-03,Bodily Injury,MI,E-Portal,828.52,37576.42,Complex,41,Yes,Yes,124.3,32.0,156.3,Partial Payment,,ADJ-112,16,3.0,
IS-CLM-2025001856,2025-08-03,Bodily Injury,IL,E-Portal,471.15,28370.6,Moderate,32,Yes,Yes,65.5,42.9,108.3,Paid in Full,,ADJ-125,5,4.0,
IS-CLM-2025001857,2025-09-26,Bodily Injury,IN,E-Portal,569.53,4724.95,Moderate,36,No,No,5.0,13.6,18.6,Paid in Full,,ADJ-126,11,4.0,
IS-CLM-2025001858,2025-11-13,Comprehensive,IN,Fax/EDI,565.21,1244.38,Simple,63,No,No,44.3,8.5,52.8,Paid in Full,,ADJ-149,3,4.0,
IS-CLM-2025001859,2025-09-13,Comprehensive,IL,Fax/EDI,475.16,802.04,Simple,61,No,No,39.9,3.0,42.9,Paid in Full,,ADJ-114,1,4.0,
IS-CLM-2025001860,2025-09-03,Liability,NJ,Phone,854.38,5322.23,Complex,40,Yes,No,42.4,33.0,75.4,Settled,,ADJ-124,5,4.0,
IS-CLM-2025001861,2025-07-21,Liability,CA,E-Portal,245.04,2508.08,Simple,78,No,No,150.7,5.6,156.3,Paid in Full,,ADJ-129,5,,
IS-CLM-2025001862,2025-12-09,Collision,PA,E-Portal,271.1,1957.87,Simple,95,No,No,19.5,9.0,28.5,Denied,Coverage exclusion,ADJ-115,4,1.0,No
IS-CLM-2025001863,2025-09-11,Property Damage,MD,Fax/EDI,399.31,2542.78,Simple,11,No,No,6.7,4.9,11.5,Denied,Policy lapsed,ADJ-127,1,2.0,
IS-CLM-2025001864,2025-07-08,Bodily Injury,NY,Phone,361.76,2530.74,Simple,55,Yes,No,59.0,9.3,68.3,Paid in Full,,ADJ-125,4,4.0,No
IS-CLM-2025001865,2025-08-15,Bodily Injury,MI,Fax/EDI,768.18,20417.28,Complex,20,Yes,Yes,8.0,45.2,53.2,Settled,,ADJ-131,6,3.0,
IS-CLM-2025001866,2025-07-20,Comprehensive,NJ,Fax/EDI,770.08,5147.33,Moderate,63,Yes,No,152.7,12.8,165.5,Denied,Policy lapsed,ADJ-148,11,1.0,
IS-CLM-2025001867,2025-06-07,Comprehensive,IN,E-Portal,571.56,8872.28,Moderate,37,Yes,No,26.4,11.5,37.9,Partial Payment,,ADJ-140,10,4.0,
IS-CLM-2025001868,2025-08-23,Bodily Injury,NJ,E-Portal,1021.74,33005.35,Complex,29,Yes,Yes,51.7,34.2,85.9,Pending Review,,ADJ-129,17,,
IS-CLM-2025001869,2025-12-13,Collision,IN,E-Portal,188.18,1321.76,Simple,63,No,No,72.6,2.1,74.8,Partial Payment,,ADJ-110,4,2.0,
IS-CLM-2025001870,2025-11-30,Comprehensive,MD,Fax/EDI,440.18,1051.34,Simple,60,No,No,42.9,4.2,47.1,Denied,Pre-existing damage,ADJ-113,1,,
IS-CLM-2025001871,2025-08-10,Liability,AZ,E-Portal,524.0,4701.66,Moderate,57,Yes,Yes,92.5,23.1,115.6,Paid in Full,,ADJ-127,12,4.0,
IS-CLM-2025001872,2025-12-22,Collision,PA,Phone,524.79,1352.34,Simple,57,No,No,39.5,5.8,45.3,Partial Payment,,ADJ-114,1,,
IS-CLM-2025001873,2025-07-12,Comprehensive,TX,E-Portal,349.3,1341.6,Simple,46,No,No,125.1,3.1,128.2,Paid in Full,,ADJ-111,4,4.0,
IS-CLM-2025001874,2025-11-19,Liability,MD,Phone,842.28,8065.58,Moderate,40,Yes,No,15.4,11.8,27.2,Denied,Filing deadline missed,ADJ-131,7,3.0,
IS-CLM-2025001875,2025-10-19,Bodily Injury,VA,Phone,515.92,6700.69,Simple,90,No,No,18.0,4.2,22.2,Denied,Insufficient documentation,ADJ-146,5,2.0,No
IS-CLM-2025001876,2025-08-11,Liability,WA,Fax/EDI,368.34,2318.8,Simple,62,No,No,86.8,2.2,89.0,Paid in Full,,ADJ-118,3,,
IS-CLM-2025001877,2025-08-16,Liability,MA,Phone,355.43,5368.97,Simple,46,No,No,38.7,10.4,49.0,Paid in Full,,ADJ-138,3,,
IS-CLM-2025001878,2025-08-05,Collision,NY,Fax/EDI,447.87,1646.56,Simple,53,No,No,115.3,5.5,120.9,Paid in Full,,ADJ-115,2,4.0,
IS-CLM-2025001879,2025-07-10,Collision,NY,E-Portal,356.75,2519.5,Moderate,86,Yes,No,106.7,30.7,137.4,Paid in Full,,ADJ-126,9,4.0,
IS-CLM-2025001880,2025-08-16,Comprehensive,FL,E-Portal,230.78,3875.01,Simple,78,No,No,106.3,7.3,113.6,Paid in Full,,ADJ-143,1,,
IS-CLM-2025001881,2025-06-15,Comprehensive,TN,E-Portal,247.77,1966.34,Simple,61,No,No,22.7,6.0,28.7,Partial Payment,,ADJ-122,3,3.0,
IS-CLM-2025001882,2025-07-31,Comprehensive,MA,Fax/EDI,492.74,2836.38,Moderate,47,Yes,No,67.4,26.5,93.9,Partial Payment,,ADJ-138,6,3.0,
IS-CLM-2025001883,2025-07-31,Bodily Injury,NJ,Phone,1198.8,14245.0,Complex,16,Yes,Yes,207.2,31.0,238.2,Partial Payment,,ADJ-139,10,3.0,
IS-CLM-2025001884,2025-06-22,Property Damage,NY,Phone,523.18,2522.83,Simple,72,No,No,3.0,5.5,8.5,Paid in Full,,ADJ-128,4,,
IS-CLM-2025001885,2025-12-21,Liability,PA,E-Portal,568.69,7873.04,Moderate,14,Yes,No,98.7,22.6,121.3,Paid in Full,,ADJ-109,7,,
IS-CLM-2025001886,2025-09-02,Collision,MI,E-Portal,236.38,3195.5,Simple,79,Yes,No,4.0,2.9,6.9,Paid in Full,,ADJ-120,3,4.0,
IS-CLM-2025001887,2025-10-28,Property Damage,FL,Fax/EDI,794.08,6691.61,Moderate,74,Yes,No,53.6,19.2,72.8,Paid in Full,,ADJ-113,5,,
IS-CLM-2025001888,2025-12-28,Comprehensive,MA,Phone,414.95,902.1,Simple,68,No,No,163.6,4.6,168.2,Denied,Coverage exclusion,ADJ-140,3,2.0,
IS-CLM-2025001889,2025-09-27,Comprehensive,WA,E-Portal,286.7,1605.86,Simple,63,Yes,No,69.0,3.6,72.6,Partial Payment,,ADJ-132,5,1.0,
IS-CLM-2025001890,2025-08-12,Comprehensive,TX,Fax/EDI,416.14,2369.49,Simple,90,No,No,76.2,3.4,79.6,Denied,Exceeded policy limit,ADJ-123,5,2.0,
IS-CLM-2025001891,2025-11-15,Property Damage,AZ,E-Portal,787.96,34151.92,Complex,26,Yes,No,8.0,42.1,50.1,Denied,Pre-existing damage,ADJ-121,8,2.0,
IS-CLM-2025001892,2025-07-09,Comprehensive,PA,E-Portal,388.66,643.03,Simple,25,No,No,43.6,3.8,47.4,Paid in Full,,ADJ-107,4,3.0,
IS-CLM-2025001893,2025-12-03,Collision,FL,Phone,1373.54,26518.27,Complex,5,Yes,Yes,169.4,24.3,193.7,Pending Review,,ADJ-116,16,,Yes
IS-CLM-2025001894,2025-09-13,Comprehensive,NY,E-Portal,449.5,7967.08,Moderate,41,No,No,207.1,16.1,223.3,Pending Review,,ADJ-147,12,,
IS-CLM-2025001895,2025-11-29,Liability,OH,Phone,599.82,1276.84,Simple,57,No,No,45.8,2.8,48.5,Paid in Full,,ADJ-126,2,4.0,
IS-CLM-2025001896,2025-06-13,Collision,TX,Fax/EDI,522.96,3944.93,Simple,75,No,No,65.1,6.3,71.4,Paid in Full,,ADJ-130,4,,
IS-CLM-2025001897,2025-08-22,Collision,MD,Phone,420.42,2938.85,Simple,85,No,No,48.3,11.1,59.5,Partial Payment,,ADJ-143,3,,
IS-CLM-2025001898,2025-12-10,Bodily Injury,WI,Phone,585.48,11166.0,Moderate,24,Yes,Yes,68.5,22.3,90.8,Partial Payment,,ADJ-117,9,3.0,
IS-CLM-2025001899,2025-08-25,Property Damage,PA,Phone,504.66,3683.52,Simple,27,No,No,10.6,3.1,13.7,Paid in Full,,ADJ-118,2,,
IS-CLM-2025001900,2025-09-15,Liability,TX,E-Portal,359.95,3054.46,Simple,89,No,No,28.3,5.2,33.6,Partial Payment,,ADJ-124,3,2.0,
IS-CLM-2025001901,2025-10-02,Liability,IN,Fax/EDI,1008.25,2862.75,Complex,27,Yes,No,81.8,86.9,168.7,Paid in Full,,ADJ-148,13,3.0,
IS-CLM-2025001902,2025-09-09,Collision,IN,Fax/EDI,252.18,1820.24,Simple,70,No,No,21.3,8.7,30.0,Paid in Full,,ADJ-147,1,3.0,
IS-CLM-2025001903,2025-12-02,Comprehensive,WI,Fax/EDI,354.51,386.8,Simple,99,No,Yes,3.0,7.9,10.9,Denied,Coverage exclusion,ADJ-102,4,3.0,
IS-CLM-2025001904,2025-12-20,Bodily Injury,FL,E-Portal,502.89,9519.66,Moderate,20,No,No,5.0,7.6,12.6,Paid in Full,,ADJ-139,12,4.0,No
IS-CLM-2025001905,2025-08-20,Collision,WI,E-Portal,348.52,1416.84,Simple,98,No,No,43.5,2.7,46.2,Partial Payment,,ADJ-115,5,2.0,
IS-CLM-2025001906,2025-08-07,Property Damage,CA,E-Portal,272.87,1734.94,Simple,71,Yes,No,10.2,11.6,21.8,Paid in Full,,ADJ-129,2,3.0,
IS-CLM-2025001907,2025-09-19,Bodily Injury,TX,E-Portal,382.41,6098.94,Simple,28,No,No,14.2,4.5,18.8,Paid in Full,,ADJ-135,4,4.0,
IS-CLM-2025001908,2025-12-05,Collision,NJ,E-Portal,219.46,1209.87,Simple,99,No,No,13.5,2.5,16.0,Paid in Full,,ADJ-138,2,2.0,
IS-CLM-2025001909,2025-10-20,Property Damage,NJ,Phone,343.07,2562.95,Simple,47,No,No,45.7,5.6,51.3,Denied,Exceeded policy limit,ADJ-136,3,3.0,
IS-CLM-2025001910,2025-11-15,Comprehensive,OH,E-Portal,881.13,11287.81,Complex,41,Yes,Yes,56.2,34.3,90.5,Paid in Full,,ADJ-131,5,4.0,
IS-CLM-2025001911,2025-12-09,Collision,NC,Fax/EDI,514.03,346.29,Simple,56,No,Yes,26.5,4.8,31.2,Settled,,ADJ-128,2,,
IS-CLM-2025001912,2025-09-01,Collision,NY,E-Portal,427.03,10751.35,Moderate,60,Yes,Yes,230.0,20.5,250.6,Partial Payment,,ADJ-145,11,,
IS-CLM-2025001913,2025-06-20,Comprehensive,PA,Phone,267.51,1811.57,Simple,99,No,No,3.0,3.6,6.6,Denied,Policy lapsed,ADJ-105,3,,
IS-CLM-2025001914,2025-06-30,Bodily Injury,MD,Fax/EDI,846.54,16579.25,Complex,17,Yes,Yes,36.1,64.2,100.4,Denied,Fraud suspected,ADJ-130,13,2.0,
IS-CLM-2025001915,2025-11-19,Collision,WA,Fax/EDI,333.19,2124.13,Simple,25,Yes,No,3.8,11.2,15.0,Paid in Full,,ADJ-125,2,3.0,
IS-CLM-2025001916,2025-08-04,Collision,CA,Fax/EDI,583.99,12697.65,Moderate,52,Yes,Yes,8.6,20.2,28.8,Paid in Full,,ADJ-150,4,,
IS-CLM-2025001917,2025-07-12,Property Damage,PA,Fax/EDI,551.31,1606.3,Simple,56,No,No,116.2,7.7,123.9,Partial Payment,,ADJ-113,4,,
IS-CLM-2025001918,2025-12-11,Collision,MI,Phone,796.33,4738.64,Moderate,62,Yes,No,5.0,21.4,26.4,Paid in Full,,ADJ-107,11,,
IS-CLM-2025001919,2025-09-12,Bodily Injury,OH,Fax/EDI,1224.87,66867.23,Complex,9,Yes,Yes,64.6,65.1,129.7,Paid in Full,,ADJ-138,16,,
IS-CLM-2025001920,2025-12-08,Collision,GA,Phone,480.65,1878.62,Simple,80,No,No,27.3,4.9,32.2,Partial Payment,,ADJ-136,4,4.0,
IS-CLM-2025001921,2025-11-12,Collision,MI,E-Portal,402.42,1588.55,Simple,58,Yes,No,9.9,1.9,11.8,Settled,,ADJ-101,5,5.0,
IS-CLM-2025001922,2025-11-18,Comprehensive,MI,Fax/EDI,427.21,2072.44,Simple,87,No,No,195.0,3.7,198.7,Paid in Full,,ADJ-121,4,4.0,
IS-CLM-2025001923,2025-06-25,Comprehensive,WA,E-Portal,494.25,5183.94,Moderate,37,No,No,320.9,21.0,341.9,Pending Review,,ADJ-136,11,,No
IS-CLM-2025001924,2025-08-27,Liability,NY,Fax/EDI,433.25,1391.7,Simple,79,Yes,No,3.0,2.9,5.9,Settled,,ADJ-121,2,4.0,
IS-CLM-2025001925,2025-12-28,Comprehensive,TN,Phone,618.65,9489.66,Moderate,64,No,No,32.6,21.4,53.9,Paid in Full,,ADJ-109,7,,
IS-CLM-2025001926,2025-07-10,Collision,NC,Fax/EDI,685.87,6365.86,Moderate,66,Yes,No,59.3,12.4,71.6,Partial Payment,,ADJ-105,10,3.0,
IS-CLM-2025001927,2025-08-16,Collision,TN,E-Portal,694.72,16528.06,Complex,5,Yes,No,69.3,19.0,88.3,Settled,,ADJ-134,14,4.0,
IS-CLM-2025001928,2025-06-26,Collision,MI,Fax/EDI,402.34,1812.13,Simple,71,No,No,75.1,3.6,78.7,Settled,,ADJ-108,2,3.0,
IS-CLM-2025001929,2025-10-28,Collision,FL,E-Portal,464.22,5946.39,Moderate,70,Yes,No,8.8,15.0,23.8,Partial Payment,,ADJ-136,11,,
IS-CLM-2025001930,2025-06-21,Bodily Injury,MO,Fax/EDI,1180.9,41675.13,Complex,10,Yes,No,86.6,36.6,123.2,Pending Review,,ADJ-143,9,,
IS-CLM-2025001931,2025-09-12,Property Damage,TX,E-Portal,348.99,5281.36,Simple,74,No,No,10.6,11.7,22.3,Settled,,ADJ-148,1,2.0,
IS-CLM-2025001932,2025-06-25,Comprehensive,WI,Fax/EDI,632.52,9778.57,Moderate,70,Yes,No,5.0,27.3,32.3,Partial Payment,,ADJ-135,4,1.0,
IS-CLM-2025001933,2025-10-30,Bodily Injury,MO,Phone,396.3,3162.86,Simple,89,No,No,58.7,7.0,65.7,Denied,Policy lapsed,ADJ-137,1,,
IS-CLM-2025001934,2025-06-05,Bodily Injury,MA,Fax/EDI,583.7,6519.89,Moderate,55,No,No,40.4,32.8,73.2,Pending Review,,ADJ-144,11,,No
IS-CLM-2025001935,2025-09-13,Bodily Injury,CA,Fax/EDI,638.48,16928.55,Moderate,60,No,Yes,22.6,18.0,40.6,Denied,Insufficient documentation,ADJ-150,6,4.0,
IS-CLM-2025001936,2025-07-31,Comprehensive,TX,Fax/EDI,719.46,5674.59,Moderate,40,Yes,No,19.2,11.9,31.1,Settled,,ADJ-119,8,3.0,
IS-CLM-2025001937,2025-10-30,Collision,TN,E-Portal,747.93,10700.37,Complex,31,Yes,No,8.0,35.3,43.3,Settled,,ADJ-108,16,5.0,
IS-CLM-2025001938,2025-11-13,Comprehensive,WA,Phone,365.35,2517.85,Simple,61,No,Yes,72.9,4.3,77.2,Paid in Full,,ADJ-117,2,3.0,
IS-CLM-2025001939,2025-12-26,Property Damage,WI,Phone,756.04,9157.17,Moderate,65,Yes,Yes,28.0,9.9,37.9,Settled,,ADJ-116,3,,
IS-CLM-2025001940,2025-11-23,Collision,AZ,E-Portal,353.08,4387.1,Simple,76,No,Yes,31.2,3.1,34.3,Paid in Full,,ADJ-114,1,,
IS-CLM-2025001941,2025-06-04,Property Damage,TN,Fax/EDI,461.1,1136.64,Simple,23,No,No,78.1,10.3,88.4,Paid in Full,,ADJ-108,3,4.0,
IS-CLM-2025001942,2025-09-14,Collision,AZ,Fax/EDI,467.04,786.81,Simple,99,No,No,180.0,4.4,184.4,Denied,Policy lapsed,ADJ-110,2,4.0,
IS-CLM-2025001943,2025-07-19,Liability,GA,E-Portal,378.32,7703.1,Moderate,94,No,No,44.0,8.6,52.7,Pending Review,,ADJ-117,3,,No
IS-CLM-2025001944,2025-07-11,Bodily Injury,TX,Fax/EDI,415.48,4772.73,Moderate,29,No,No,50.2,8.6,58.8,Partial Payment,,ADJ-114,9,1.0,
IS-CLM-2025001945,2025-08-13,Comprehensive,PA,Phone,455.47,3924.64,Simple,62,Yes,No,3.0,7.9,10.9,Paid in Full,,ADJ-131,5,3.0,
IS-CLM-2025001946,2025-09-25,Comprehensive,MI,Fax/EDI,659.74,8405.74,Moderate,34,Yes,No,281.9,16.0,297.9,Settled,,ADJ-118,10,,
IS-CLM-2025001947,2025-08-09,Comprehensive,IL,Phone,682.86,5034.46,Moderate,62,Yes,No,5.0,15.8,20.8,Denied,Pre-existing damage,ADJ-116,10,2.0,
IS-CLM-2025001948,2025-10-20,Bodily Injury,IN,Phone,599.27,2572.27,Simple,28,Yes,No,3.0,6.6,9.6,Paid in Full,,ADJ-117,1,3.0,
IS-CLM-2025001949,2025-11-16,Collision,IN,Phone,897.57,11503.19,Complex,16,Yes,No,68.8,56.5,125.3,Partial Payment,,ADJ-107,8,,
IS-CLM-2025001950,2025-08-04,Collision,GA,Phone,779.48,7668.72,Moderate,67,No,No,13.1,12.1,25.2,Denied,Fraud suspected,ADJ-137,11,,
IS-CLM-2025001951,2025-11-08,Liability,MA,E-Portal,561.27,12984.32,Moderate,22,Yes,Yes,5.0,18.0,23.0,Denied,Filing deadline missed,ADJ-150,11,4.0,
IS-CLM-2025001952,2025-08-27,Bodily Injury,CA,E-Portal,759.36,70137.94,Complex,31,Yes,Yes,81.1,19.3,100.5,Denied,Insufficient documentation,ADJ-149,11,2.0,
IS-CLM-2025001953,2025-12-23,Bodily Injury,NC,Phone,1043.96,30133.47,Complex,33,Yes,No,27.5,22.4,49.8,Partial Payment,,ADJ-137,14,3.0,
IS-CLM-2025001954,2025-09-06,Bodily Injury,MA,Fax/EDI,679.54,8082.85,Moderate,44,No,No,248.4,12.5,260.9,Paid in Full,,ADJ-122,8,5.0,
IS-CLM-2025001955,2025-08-01,Collision,MO,Fax/EDI,339.13,984.21,Simple,65,No,Yes,3.0,3.2,6.2,Paid in Full,,ADJ-105,1,4.0,
IS-CLM-2025001956,2025-07-06,Comprehensive,GA,Phone,418.25,2340.25,Simple,76,Yes,No,86.3,8.2,94.4,Paid in Full,,ADJ-135,1,4.0,
IS-CLM-2025001957,2025-10-19,Collision,MD,Phone,794.09,3334.28,Moderate,50,Yes,No,70.4,12.4,82.8,Paid in Full,,ADJ-124,4,3.0,
IS-CLM-2025001958,2025-06-03,Bodily Injury,WI,Phone,939.72,20474.09,Complex,32,No,No,80.3,30.0,110.3,Settled,,ADJ-114,6,4.0,
IS-CLM-2025001959,2025-07-31,Property Damage,WA,Phone,508.3,2362.54,Simple,67,No,No,4.2,14.6,18.7,Partial Payment,,ADJ-149,2,4.0,
IS-CLM-2025001960,2025-11-24,Collision,NC,Phone,392.71,3025.51,Simple,29,No,Yes,75.7,5.4,81.1,Settled,,ADJ-132,2,,
IS-CLM-2025001961,2025-08-24,Liability,NY,E-Portal,323.66,987.94,Simple,60,No,No,3.0,5.2,8.2,Paid in Full,,ADJ-101,4,,
IS-CLM-2025001962,2025-08-31,Collision,MD,E-Portal,321.55,952.35,Simple,65,Yes,No,5.6,6.8,12.3,Denied,Insufficient documentation,ADJ-137,1,,
IS-CLM-2025001963,2025-07-20,Comprehensive,IL,Phone,449.57,1620.22,Simple,99,No,No,8.7,9.9,18.6,Partial Payment,,ADJ-112,2,,
IS-CLM-2025001964,2025-07-21,Collision,PA,Phone,410.31,5202.53,Simple,51,Yes,No,13.6,8.0,21.6,Denied,Fraud suspected,ADJ-109,1,3.0,No
IS-CLM-2025001965,2025-12-03,Collision,OH,Fax/EDI,660.2,4405.85,Moderate,23,No,No,11.6,9.7,21.3,Settled,,ADJ-144,9,2.0,
IS-CLM-2025001966,2025-06-17,Comprehensive,IL,Phone,569.6,875.06,Simple,65,Yes,No,71.9,5.2,77.0,Denied,Fraud suspected,ADJ-112,4,3.0,
IS-CLM-2025001967,2025-12-13,Collision,IL,E-Portal,858.92,15186.17,Complex,55,Yes,Yes,98.3,70.2,168.5,Paid in Full,,ADJ-115,16,,
IS-CLM-2025001968,2025-08-08,Collision,IN,Fax/EDI,361.31,1417.95,Simple,72,No,No,50.3,5.7,55.9,Paid in Full,,ADJ-138,5,,
IS-CLM-2025001969,2025-09-24,Liability,IL,Fax/EDI,769.69,6015.31,Moderate,30,Yes,No,59.7,12.3,72.0,Partial Payment,,ADJ-114,10,4.0,
IS-CLM-2025001970,2025-11-04,Collision,MD,E-Portal,326.08,3494.04,Simple,39,No,No,33.7,2.1,35.9,Partial Payment,,ADJ-147,1,3.0,
IS-CLM-2025001971,2025-08-15,Property Damage,AZ,Fax/EDI,709.09,3377.33,Moderate,53,Yes,No,13.1,19.5,32.6,Paid in Full,,ADJ-145,5,,
IS-CLM-2025001972,2025-07-29,Collision,MO,Fax/EDI,468.21,571.0,Simple,36,Yes,No,25.5,3.7,29.2,Paid in Full,,ADJ-138,2,5.0,
IS-CLM-2025001973,2025-07-17,Bodily Injury,MO,E-Portal,495.46,11601.56,Moderate,29,No,No,56.1,20.9,77.0,Denied,Coverage exclusion,ADJ-139,11,,
IS-CLM-2025001974,2025-08-01,Liability,MO,E-Portal,726.91,8250.04,Complex,13,Yes,Yes,56.2,56.8,113.0,Paid in Full,,ADJ-122,13,3.0,
IS-CLM-2025001975,2025-07-16,Comprehensive,TX,E-Portal,511.98,7790.55,Moderate,52,No,No,5.0,8.9,13.9,Settled,,ADJ-115,4,4.0,No
IS-CLM-2025001976,2025-11-07,Property Damage,MD,E-Portal,322.89,5911.46,Simple,95,No,No,114.0,7.1,121.1,Paid in Full,,ADJ-149,3,3.0,
IS-CLM-2025001977,2025-11-22,Property Damage,NC,Fax/EDI,435.63,5022.29,Simple,63,No,Yes,39.3,2.9,42.2,Paid in Full,,ADJ-102,1,,
IS-CLM-2025001978,2025-12-03,Property Damage,CA,E-Portal,371.06,861.58,Simple,5,No,No,16.5,4.3,20.9,Paid in Full,,ADJ-138,1,4.0,
IS-CLM-2025001979,2025-07-19,Comprehensive,MA,E-Portal,309.93,2039.87,Simple,56,Yes,No,30.7,1.9,32.6,Settled,,ADJ-135,3,3.0,
IS-CLM-2025001980,2025-11-09,Collision,WA,Fax/EDI,463.39,2237.0,Simple,51,No,No,45.6,3.7,49.4,Partial Payment,,ADJ-133,3,,
IS-CLM-2025001981,2025-08-06,Bodily Injury,IL,Phone,1178.34,8868.13,Complex,74,Yes,No,39.0,24.4,63.4,Paid in Full,,ADJ-135,12,4.0,
IS-CLM-2025001982,2025-10-12,Liability,FL,Phone,617.35,5026.35,Moderate,28,No,No,5.0,13.5,18.5,Paid in Full,,ADJ-140,3,2.0,
IS-CLM-2025001983,2025-09-29,Collision,TX,Phone,817.71,7204.53,Moderate,51,Yes,Yes,83.1,11.3,94.4,Denied,Coverage exclusion,ADJ-117,6,1.0,
IS-CLM-2025001984,2025-11-10,Liability,VA,E-Portal,625.62,22658.92,Complex,36,Yes,Yes,122.7,43.4,166.0,Denied,Exceeded policy limit,ADJ-125,14,2.0,
IS-CLM-2025001985,2025-09-14,Bodily Injury,PA,E-Portal,319.7,3019.75,Simple,93,No,No,27.6,2.2,29.8,Paid in Full,,ADJ-124,1,4.0,No
IS-CLM-2025001986,2025-12-28,Collision,IL,Phone,619.72,4143.74,Moderate,38,Yes,No,10.7,17.5,28.1,Paid in Full,,ADJ-146,3,,
IS-CLM-2025001987,2025-06-14,Comprehensive,TN,Fax/EDI,802.69,11454.58,Moderate,44,Yes,No,7.1,27.7,34.7,Partial Payment,,ADJ-140,8,,
IS-CLM-2025001988,2025-06-05,Bodily Injury,WA,Phone,564.42,13966.95,Moderate,54,No,No,31.9,11.9,43.8,Paid in Full,,ADJ-109,4,3.0,
IS-CLM-2025001989,2025-12-23,Property Damage,TX,E-Portal,394.52,5743.14,Moderate,73,No,No,13.2,32.8,46.0,Partial Payment,,ADJ-136,11,,
IS-CLM-2025001990,2025-08-06,Property Damage,NC,E-Portal,308.17,1941.75,Simple,66,No,No,26.7,5.6,32.3,Paid in Full,,ADJ-116,5,4.0,
IS-CLM-2025001991,2025-12-01,Liability,OH,Phone,373.71,3214.52,Simple,69,Yes,No,3.0,11.2,14.2,Partial Payment,,ADJ-110,1,4.0,
IS-CLM-2025001992,2025-09-11,Collision,WA,Phone,631.47,3401.55,Simple,81,No,No,79.8,6.3,86.1,Settled,,ADJ-143,3,3.0,
IS-CLM-2025001993,2025-07-11,Collision,CA,Fax/EDI,378.04,2016.83,Simple,86,No,No,21.3,7.7,29.0,Paid in Full,,ADJ-124,5,4.0,
IS-CLM-2025001994,2025-06-27,Property Damage,NJ,Fax/EDI,410.1,1976.56,Simple,64,No,No,4.2,5.0,9.2,Paid in Full,,ADJ-103,4,4.0,
IS-CLM-2025001995,2025-11-09,Bodily Injury,AZ,E-Portal,720.36,60238.12,Complex,47,Yes,Yes,170.6,42.1,212.7,Settled,,ADJ-103,7,4.0,
IS-CLM-2025001996,2025-07-29,Collision,MI,E-Portal,324.73,1490.35,Simple,66,No,No,11.4,6.0,17.4,Paid in Full,,ADJ-147,1,,
IS-CLM-2025001997,2025-09-29,Collision,AZ,Fax/EDI,705.86,5376.91,Moderate,68,No,No,13.6,35.1,48.7,Denied,Fraud suspected,ADJ-134,11,,
IS-CLM-2025001998,2025-06-06,Collision,GA,Phone,382.07,1380.81,Simple,75,No,No,3.0,4.0,7.0,Denied,Fraud suspected,ADJ-134,2,,
IS-CLM-2025001999,2025-08-10,Liability,VA,Phone,281.58,2489.22,Simple,99,Yes,No,33.9,9.0,43.0,Paid in Full,,ADJ-145,1,,
IS-CLM-2025002000,2025-08-27,Liability,TX,E-Portal,529.97,10309.78,Moderate,34,Yes,Yes,14.6,8.8,23.5,Pending Review,,ADJ-114,6,,
IS-CLM-2025002001,2025-12-13,Bodily Injury,MI,E-Portal,823.34,14509.49,Complex,6,Yes,Yes,248.0,25.9,273.9,Denied,Insufficient documentation,ADJ-108,11,,
IS-CLM-2025002002,2025-12-24,Liability,PA,E-Portal,792.75,11590.13,Complex,41,Yes,Yes,162.1,49.3,211.4,Partial Payment,,ADJ-130,13,3.0,
IS-CLM-2025002003,2025-12-19,Property Damage,NY,E-Portal,437.47,6295.65,Moderate,26,Yes,No,37.4,26.2,63.5,Partial Payment,,ADJ-138,4,,
IS-CLM-2025002004,2025-07-21,Comprehensive,MA,E-Portal,498.59,1670.83,Moderate,5,Yes,No,56.9,17.0,73.9,Paid in Full,,ADJ-115,3,,
IS-CLM-2025002005,2025-06-09,Property Damage,FL,Fax/EDI,423.54,3165.91,Simple,75,No,No,25.8,10.8,36.7,Paid in Full,,ADJ-133,4,,
IS-CLM-2025002006,2025-08-23,Collision,AZ,E-Portal,356.64,836.34,Simple,19,No,No,14.5,3.1,17.7,Paid in Full,,ADJ-134,1,4.0,
IS-CLM-2025002007,2025-07-18,Collision,OH,Phone,612.36,5140.66,Moderate,53,No,No,27.4,15.3,42.7,Partial Payment,,ADJ-107,8,,
IS-CLM-2025002008,2025-06-29,Comprehensive,MO,Phone,649.84,12214.9,Complex,28,Yes,No,8.0,89.1,97.1,Denied,Insufficient documentation,ADJ-131,15,,
IS-CLM-2025002009,2025-08-07,Liability,NJ,Phone,455.15,2953.8,Simple,99,No,No,32.5,10.6,43.2,Partial Payment,,ADJ-127,1,,
IS-CLM-2025002010,2025-11-22,Comprehensive,OH,Phone,418.88,2805.92,Simple,66,No,No,3.0,8.6,11.6,Settled,,ADJ-104,1,2.0,
IS-CLM-2025002011,2025-06-19,Bodily Injury,NY,E-Portal,424.35,26947.08,Moderate,36,Yes,Yes,13.7,13.9,27.6,Partial Payment,,ADJ-107,11,3.0,
IS-CLM-2025002012,2025-07-30,Bodily Injury,AZ,E-Portal,473.77,7133.55,Moderate,24,Yes,No,40.7,8.3,49.0,Denied,Policy lapsed,ADJ-127,6,2.0,
IS-CLM-2025002013,2025-12-03,Comprehensive,IL,E-Portal,210.92,2951.19,Simple,33,No,No,28.2,9.1,37.2,Paid in Full,,ADJ-105,2,4.0,
IS-CLM-2025002014,2025-08-25,Collision,VA,Fax/EDI,592.96,16304.68,Moderate,45,Yes,Yes,5.0,12.6,17.6,Paid in Full,,ADJ-145,7,3.0,
IS-CLM-2025002015,2025-10-16,Property Damage,TN,Fax/EDI,428.48,3800.03,Simple,99,Yes,Yes,5.0,10.6,15.6,Paid in Full,,ADJ-122,2,5.0,
IS-CLM-2025002016,2025-09-10,Liability,TN,Phone,1096.75,7218.73,Complex,5,Yes,Yes,63.6,34.2,97.9,Denied,Insufficient documentation,ADJ-148,7,1.0,
IS-CLM-2025002017,2025-06-05,Comprehensive,TX,E-Portal,495.65,6398.29,Moderate,21,No,No,46.1,16.5,62.6,Paid in Full,,ADJ-124,9,4.0,Yes
IS-CLM-2025002018,2025-11-03,Comprehensive,FL,Phone,779.0,5880.95,Moderate,69,No,No,5.0,25.0,30.0,Paid in Full,,ADJ-144,10,2.0,
IS-CLM-2025002019,2025-12-08,Property Damage,OH,Phone,595.66,7493.64,Moderate,48,No,No,15.3,28.6,43.9,Partial Payment,,ADJ-122,8,2.0,
IS-CLM-2025002020,2025-09-19,Collision,IN,Fax/EDI,551.55,1302.02,Simple,71,No,No,58.2,6.4,64.7,Paid in Full,,ADJ-132,4,,
IS-CLM-2025002021,2025-11-12,Collision,PA,Fax/EDI,392.19,2032.63,Simple,61,No,No,97.9,5.7,103.6,Paid in Full,,ADJ-119,1,4.0,
IS-CLM-2025002022,2025-08-17,Liability,MO,E-Portal,433.7,4042.62,Moderate,61,No,No,37.0,16.5,53.5,Settled,,ADJ-116,10,,
IS-CLM-2025002023,2025-10-19,Collision,IN,Fax/EDI,821.0,5558.2,Moderate,5,Yes,No,5.0,18.6,23.6,Denied,Fraud suspected,ADJ-104,4,,
IS-CLM-2025002024,2025-09-24,Bodily Injury,CA,Phone,1229.45,45256.28,Complex,31,Yes,Yes,61.1,65.1,126.2,Pending Review,,ADJ-137,14,,Yes
IS-CLM-2025002025,2025-12-23,Collision,NJ,E-Portal,361.52,3413.03,Simple,75,No,No,142.4,10.3,152.7,Settled,,ADJ-129,3,3.0,
IS-CLM-2025002026,2025-07-13,Bodily Injury,AZ,E-Portal,746.6,47899.51,Complex,16,Yes,No,213.9,22.8,236.6,Paid in Full,,ADJ-150,14,3.0,
IS-CLM-2025002027,2025-09-05,Bodily Injury,NJ,Phone,607.23,4540.33,Moderate,5,No,No,66.7,9.4,76.0,Partial Payment,,ADJ-148,10,4.0,
IS-CLM-2025002028,2025-10-12,Comprehensive,NJ,E-Portal,344.99,3523.78,Simple,72,No,No,60.8,9.4,70.1,Paid in Full,,ADJ-137,2,5.0,
IS-CLM-2025002029,2025-10-23,Bodily Injury,NY,Phone,1116.89,24854.16,Complex,43,Yes,Yes,112.6,28.3,140.9,Partial Payment,,ADJ-137,14,,
IS-CLM-2025002030,2025-07-20,Bodily Injury,IL,Fax/EDI,628.75,10384.77,Moderate,75,Yes,Yes,36.6,13.0,49.6,Paid in Full,,ADJ-115,7,,
IS-CLM-2025002031,2025-12-16,Comprehensive,TN,Phone,942.28,10570.16,Moderate,62,Yes,No,234.0,17.4,251.4,Partial Payment,,ADJ-145,3,,
IS-CLM-2025002032,2025-09-30,Collision,PA,E-Portal,343.4,2092.88,Simple,95,Yes,No,52.6,11.3,63.9,Paid in Full,,ADJ-102,4,3.0,
IS-CLM-2025002033,2025-07-26,Collision,NJ,E-Portal,369.97,6046.03,Moderate,48,No,No,13.0,22.1,35.1,Paid in Full,,ADJ-139,6,3.0,
IS-CLM-2025002034,2025-11-17,Bodily Injury,WA,Phone,829.2,15846.86,Moderate,23,Yes,No,69.7,25.4,95.1,Settled,,ADJ-143,11,,
IS-CLM-2025002035,2025-12-27,Liability,NJ,E-Portal,283.19,2116.0,Simple,73,No,No,3.0,4.1,7.1,Paid in Full,,ADJ-143,1,,
IS-CLM-2025002036,2025-11-25,Comprehensive,WI,Fax/EDI,438.78,2939.13,Simple,83,No,No,31.5,3.4,34.8,Partial Payment,,ADJ-110,4,2.0,
IS-CLM-2025002037,2025-08-31,Comprehensive,MO,Fax/EDI,447.52,370.07,Simple,57,No,No,13.2,11.9,25.1,Denied,Pre-existing damage,ADJ-137,4,3.0,
IS-CLM-2025002038,2025-11-09,Bodily Injury,FL,Phone,792.5,26983.4,Moderate,31,Yes,Yes,5.0,12.2,17.2,Partial Payment,,ADJ-128,4,,
IS-CLM-2025002039,2025-11-23,Bodily Injury,PA,E-Portal,480.01,8939.12,Moderate,59,No,No,89.2,12.8,102.0,Pending Review,,ADJ-122,4,,
IS-CLM-2025002040,2025-07-20,Property Damage,NC,Fax/EDI,410.27,3395.63,Simple,66,Yes,No,11.1,5.9,17.1,Paid in Full,,ADJ-133,3,,
IS-CLM-2025002041,2025-06-11,Property Damage,CA,E-Portal,221.5,3229.67,Simple,37,Yes,No,15.4,3.8,19.2,Partial Payment,,ADJ-101,1,,
IS-CLM-2025002042,2025-10-10,Liability,TN,Phone,485.62,2337.3,Simple,57,No,No,149.4,2.8,152.2,Partial Payment,,ADJ-108,4,2.0,
IS-CLM-2025002043,2025-06-20,Property Damage,FL,Phone,663.69,14103.97,Moderate,34,No,Yes,65.9,63.8,129.7,Paid in Full,,ADJ-102,3,,
IS-CLM-2025002044,2025-09-05,Collision,IN,Phone,346.28,1363.32,Simple,78,No,No,15.4,3.0,18.4,Paid in Full,,ADJ-148,3,4.0,No
IS-CLM-2025002045,2025-09-13,Comprehensive,IL,E-Portal,329.26,12224.2,Moderate,39,Yes,Yes,74.5,12.7,87.2,Partial Payment,,ADJ-129,9,,
IS-CLM-2025002046,2025-06-13,Comprehensive,MI,Fax/EDI,606.66,10412.99,Moderate,33,Yes,Yes,14.4,11.6,26.0,Denied,Exceeded policy limit,ADJ-129,10,1.0,
IS-CLM-2025002047,2025-09-09,Collision,IL,E-Portal,291.39,1473.5,Simple,99,No,No,3.0,8.1,11.1,Paid in Full,,ADJ-126,4,,
IS-CLM-2025002048,2025-10-31,Collision,PA,Phone,443.81,552.4,Simple,74,No,No,89.0,4.0,93.0,Settled,,ADJ-132,4,,
IS-CLM-2025002049,2025-06-13,Collision,IL,Fax/EDI,815.77,3225.27,Moderate,55,No,No,25.0,21.6,46.5,Partial Payment,,ADJ-150,7,3.0,
IS-CLM-2025002050,2025-10-13,Comprehensive,MO,E-Portal,516.16,4091.69,Moderate,25,No,No,121.5,18.5,140.0,Paid in Full,,ADJ-106,5,,
IS-CLM-2025002051,2025-08-20,Liability,MI,Phone,1120.07,10221.01,Complex,13,Yes,Yes,120.5,78.6,199.1,Paid in Full,,ADJ-126,6,4.0,
IS-CLM-2025002052,2025-06-21,Collision,MD,Fax/EDI,390.99,2118.2,Simple,95,No,No,7.4,10.4,17.8,Paid in Full,,ADJ-144,1,4.0,
IS-CLM-2025002053,2025-07-12,Bodily Injury,CA,Fax/EDI,913.41,29538.08,Moderate,62,Yes,Yes,149.0,19.0,168.0,Paid in Full,,ADJ-133,8,4.0,
IS-CLM-2025002054,2025-10-05,Liability,MO,Phone,914.87,2383.72,Moderate,44,Yes,Yes,95.4,27.0,122.4,Settled,,ADJ-105,11,3.0,
IS-CLM-2025002055,2025-08-07,Property Damage,WI,E-Portal,299.65,3657.47,Simple,72,No,Yes,5.7,7.5,13.2,Paid in Full,,ADJ-126,3,4.0,
IS-CLM-2025002056,2025-12-27,Property Damage,NY,E-Portal,481.15,15925.94,Moderate,14,Yes,Yes,101.3,8.2,109.4,Paid in Full,,ADJ-129,6,,
IS-CLM-2025002057,2025-06-27,Liability,AZ,Phone,782.73,4224.62,Moderate,51,Yes,No,14.8,16.4,31.2,Denied,Exceeded policy limit,ADJ-132,11,3.0,
IS-CLM-2025002058,2025-07-18,Collision,FL,Phone,1182.1,8146.05,Complex,5,Yes,No,60.0,99.4,159.4,Denied,Pre-existing damage,ADJ-138,13,,
IS-CLM-2025002059,2025-06-27,Collision,OH,Fax/EDI,648.6,11700.19,Moderate,20,No,Yes,81.0,8.9,89.9,Partial Payment,,ADJ-137,11,1.0,
IS-CLM-2025002060,2025-10-04,Bodily Injury,WA,E-Portal,241.58,3318.05,Simple,85,No,Yes,4.7,3.4,8.1,Settled,,ADJ-135,2,,
IS-CLM-2025002061,2025-10-10,Liability,IL,Fax/EDI,583.32,6158.94,Moderate,63,No,No,83.1,7.4,90.5,Settled,,ADJ-122,6,4.0,
IS-CLM-2025002062,2025-09-24,Comprehensive,CA,Phone,469.26,3591.97,Simple,87,No,No,3.0,5.4,8.4,Denied,Insufficient documentation,ADJ-128,4,,
IS-CLM-2025002063,2025-07-01,Property Damage,MD,Fax/EDI,458.4,3704.53,Simple,57,Yes,No,96.3,1.9,98.2,Paid in Full,,ADJ-132,2,,
IS-CLM-2025002064,2025-10-11,Liability,PA,E-Portal,237.04,1346.82,Simple,81,Yes,No,117.3,0.8,118.2,Paid in Full,,ADJ-125,5,5.0,
IS-CLM-2025002065,2025-11-16,Comprehensive,IL,E-Portal,515.23,3954.43,Moderate,46,No,No,14.7,11.0,25.7,Paid in Full,,ADJ-111,4,,No
IS-CLM-2025002066,2025-11-21,Collision,MI,Phone,394.22,1864.63,Simple,60,No,No,126.3,8.7,135.1,Paid in Full,,ADJ-107,3,4.0,
IS-CLM-2025002067,2025-07-09,Collision,FL,Fax/EDI,429.73,9375.62,Simple,53,No,No,40.0,2.2,42.2,Paid in Full,,ADJ-137,2,4.0,
IS-CLM-2025002068,2025-09-10,Comprehensive,MD,E-Portal,280.69,2758.05,Simple,42,No,No,10.6,15.0,25.6,Partial Payment,,ADJ-135,3,2.0,
IS-CLM-2025002069,2025-11-07,Collision,WA,Phone,947.3,16092.55,Complex,45,Yes,No,38.1,61.3,99.4,Settled,,ADJ-109,5,,
IS-CLM-2025002070,2025-12-22,Bodily Injury,TX,E-Portal,734.32,21181.15,Complex,29,Yes,No,60.7,41.7,102.4,Partial Payment,,ADJ-128,16,4.0,
IS-CLM-2025002071,2025-11-25,Liability,NC,E-Portal,738.39,12736.34,Complex,42,Yes,No,100.3,88.4,188.8,Settled,,ADJ-122,18,,
IS-CLM-2025002072,2025-10-10,Bodily Injury,MO,Fax/EDI,527.63,7894.6,Moderate,25,No,No,62.7,23.7,86.4,Paid in Full,,ADJ-135,11,4.0,
IS-CLM-2025002073,2025-12-25,Liability,TX,Phone,1141.12,29734.51,Complex,39,Yes,Yes,24.0,44.0,68.0,Partial Payment,,ADJ-135,11,3.0,
IS-CLM-2025002074,2025-10-01,Bodily Injury,OH,Fax/EDI,1048.95,24629.52,Complex,11,No,Yes,19.9,36.2,56.1,Settled,,ADJ-140,12,4.0,No
IS-CLM-2025002075,2025-12-17,Bodily Injury,FL,Fax/EDI,384.18,1710.49,Simple,24,Yes,No,19.1,10.0,29.1,Paid in Full,,ADJ-130,4,,
IS-CLM-2025002076,2025-10-05,Property Damage,AZ,E-Portal,415.08,6450.79,Moderate,42,No,No,17.6,31.1,48.6,Paid in Full,,ADJ-132,5,,
IS-CLM-2025002077,2025-07-04,Bodily Injury,VA,Phone,976.14,17965.58,Complex,37,Yes,Yes,61.9,39.3,101.2,Denied,Coverage exclusion,ADJ-142,13,2.0,
IS-CLM-2025002078,2025-10-13,Property Damage,CA,E-Portal,519.7,5635.22,Moderate,68,Yes,No,95.5,13.8,109.4,Settled,,ADJ-116,8,3.0,
IS-CLM-2025002079,2025-08-08,Bodily Injury,CA,E-Portal,606.84,14947.27,Moderate,36,No,Yes,38.3,19.9,58.2,Paid in Full,,ADJ-125,9,,
IS-CLM-2025002080,2025-08-24,Bodily Injury,MD,Phone,770.07,15531.95,Moderate,71,Yes,Yes,119.3,20.4,139.6,Denied,Filing deadline missed,ADJ-135,5,,
IS-CLM-2025002081,2025-08-27,Collision,MI,E-Portal,220.22,5205.09,Simple,57,No,No,174.4,13.6,188.0,Paid in Full,,ADJ-130,5,4.0,
IS-CLM-2025002082,2025-07-06,Comprehensive,MI,E-Portal,280.77,16762.79,Moderate,73,Yes,Yes,5.2,19.0,24.2,Denied,Policy lapsed,ADJ-141,5,,Yes
IS-CLM-2025002083,2025-12-07,Bodily Injury,WI,Phone,692.2,4204.7,Moderate,44,No,Yes,304.7,20.1,324.9,Partial Payment,,ADJ-113,11,,
IS-CLM-2025002084,2025-10-25,Collision,NY,Phone,580.16,2794.91,Simple,84,Yes,No,36.6,3.8,40.4,Settled,,ADJ-144,3,2.0,
IS-CLM-2025002085,2025-12-12,Comprehensive,VA,Phone,747.57,8095.93,Moderate,43,No,No,14.8,8.9,23.7,Paid in Full,,ADJ-122,9,4.0,
IS-CLM-2025002086,2025-10-26,Liability,IL,E-Portal,259.46,2993.32,Simple,34,No,No,49.2,8.8,58.0,Paid in Full,,ADJ-115,3,4.0,
IS-CLM-2025002087,2025-12-18,Liability,MI,Fax/EDI,528.14,3501.72,Simple,76,No,No,6.0,4.1,10.2,Paid in Full,,ADJ-136,4,4.0,
IS-CLM-2025002088,2025-06-07,Bodily Injury,MA,E-Portal,399.57,2496.1,Simple,64,No,No,30.5,3.5,34.0,Denied,Fraud suspected,ADJ-121,1,,No
IS-CLM-2025002089,2025-12-11,Property Damage,MA,E-Portal,281.67,1709.46,Simple,72,No,No,30.4,4.9,35.2,Partial Payment,,ADJ-101,2,4.0,
IS-CLM-2025002090,2025-11-07,Collision,NY,Fax/EDI,632.16,8309.29,Moderate,24,No,No,193.0,12.5,205.5,Partial Payment,,ADJ-105,4,,
IS-CLM-2025002091,2025-11-01,Comprehensive,MA,Phone,535.76,3149.54,Simple,38,No,No,63.3,4.1,67.4,Paid in Full,,ADJ-122,5,4.0,
IS-CLM-2025002092,2025-12-21,Liability,TX,Phone,360.79,2838.56,Simple,66,No,Yes,57.9,6.3,64.1,Denied,Filing deadline missed,ADJ-107,3,,
IS-CLM-2025002093,2025-07-22,Collision,NY,Fax/EDI,486.41,3273.58,Simple,87,Yes,No,19.2,2.1,21.3,Paid in Full,,ADJ-114,4,4.0,
IS-CLM-2025002094,2025-10-13,Comprehensive,NY,Fax/EDI,868.98,8672.73,Complex,12,Yes,No,8.0,79.5,87.5,Denied,Coverage exclusion,ADJ-102,14,2.0,
IS-CLM-2025002095,2025-07-09,Comprehensive,NY,E-Portal,565.0,5201.67,Moderate,40,No,No,8.1,11.6,19.7,Partial Payment,,ADJ-150,8,2.0,
IS-CLM-2025002096,2025-09-07,Collision,WA,Fax/EDI,328.23,876.79,Simple,69,No,No,3.0,7.2,10.2,Paid in Full,,ADJ-136,1,,
IS-CLM-2025002097,2025-07-04,Bodily Injury,MA,Phone,856.58,16210.27,Moderate,34,Yes,Yes,15.5,7.2,22.6,Denied,Fraud suspected,ADJ-136,8,1.0,No
IS-CLM-2025002098,2025-07-06,Liability,VA,Fax/EDI,1028.0,16369.2,Complex,29,Yes,Yes,8.0,55.4,63.4,Paid in Full,,ADJ-127,5,,
IS-CLM-2025002099,2025-12-15,Comprehensive,WI,Phone,445.44,2850.64,Simple,86,No,No,97.9,4.5,102.4,Paid in Full,,ADJ-120,2,5.0,
IS-CLM-2025002100,2025-11-28,Bodily Injury,VA,E-Portal,267.65,3108.55,Simple,56,No,No,14.7,7.3,22.0,Settled,,ADJ-118,5,,No
IS-CLM-2025002101,2025-12-05,Bodily Injury,WI,Fax/EDI,903.23,10543.23,Complex,56,Yes,No,27.5,35.4,62.9,Settled,,ADJ-140,9,4.0,
IS-CLM-2025002102,2025-07-03,Collision,NJ,E-Portal,501.46,17853.85,Moderate,46,No,Yes,38.5,22.8,61.2,Paid in Full,,ADJ-145,9,,No
IS-CLM-2025002103,2025-06-07,Comprehensive,PA,Fax/EDI,280.06,412.27,Simple,56,Yes,No,6.5,17.2,23.7,Paid in Full,,ADJ-110,3,4.0,Yes
IS-CLM-2025002104,2025-07-29,Property Damage,WI,E-Portal,830.37,36212.44,Complex,34,Yes,Yes,19.8,50.4,70.2,Partial Payment,,ADJ-108,17,4.0,
IS-CLM-2025002105,2025-08-21,Comprehensive,FL,Phone,375.15,2528.85,Simple,72,No,No,71.8,8.7,80.5,Denied,Fraud suspected,ADJ-114,4,2.0,No
IS-CLM-2025002106,2025-07-17,Collision,NY,E-Portal,341.86,1372.1,Simple,31,No,No,18.6,6.9,25.5,Paid in Full,,ADJ-140,4,4.0,
IS-CLM-2025002107,2025-11-06,Collision,MA,Phone,383.11,1338.63,Simple,74,No,No,33.2,4.6,37.9,Denied,Exceeded policy limit,ADJ-129,4,,
IS-CLM-2025002108,2025-08-14,Bodily Injury,TN,Fax/EDI,332.71,9987.09,Simple,61,Yes,No,54.8,10.2,65.0,Partial Payment,,ADJ-146,2,,
IS-CLM-2025002109,2025-08-13,Collision,OH,Phone,974.62,7174.55,Moderate,55,Yes,No,5.0,31.7,36.7,Denied,Pre-existing damage,ADJ-112,11,,
IS-CLM-2025002110,2025-06-28,Bodily Injury,PA,Fax/EDI,492.39,1892.42,Simple,47,Yes,No,48.4,8.8,57.2,Paid in Full,,ADJ-110,1,,
IS-CLM-2025002111,2025-11-07,Collision,FL,Phone,477.44,2559.02,Simple,70,Yes,No,96.9,9.5,106.4,Denied,Policy lapsed,ADJ-127,3,2.0,
IS-CLM-2025002112,2025-07-23,Comprehensive,MO,Fax/EDI,486.23,1171.89,Simple,99,Yes,No,156.0,5.6,161.6,Partial Payment,,ADJ-134,1,,
IS-CLM-2025002113,2025-07-16,Property Damage,IL,Fax/EDI,341.8,3432.22,Simple,39,No,No,23.9,5.9,29.8,Partial Payment,,ADJ-148,3,1.0,
IS-CLM-2025002114,2025-08-08,Comprehensive,MA,Phone,482.56,3115.01,Simple,50,No,No,5.3,4.5,9.9,Paid in Full,,ADJ-121,2,,
IS-CLM-2025002115,2025-10-09,Comprehensive,MD,Phone,573.64,797.91,Simple,72,No,No,10.2,8.8,19.0,Paid in Full,,ADJ-107,4,3.0,
IS-CLM-2025002116,2025-07-17,Comprehensive,MD,Phone,441.99,3423.81,Simple,24,No,No,10.2,4.7,14.9,Paid in Full,,ADJ-130,2,4.0,
IS-CLM-2025002117,2025-12-19,Comprehensive,OH,Fax/EDI,454.82,888.11,Simple,85,No,No,77.9,1.9,79.8,Paid in Full,,ADJ-102,3,5.0,
IS-CLM-2025002118,2025-07-10,Liability,WI,Fax/EDI,492.37,4234.85,Simple,82,No,No,55.0,4.3,59.2,Paid in Full,,ADJ-111,1,,
IS-CLM-2025002119,2025-12-22,Comprehensive,VA,Fax/EDI,397.76,2886.86,Simple,47,No,No,3.7,4.0,7.6,Paid in Full,,ADJ-116,5,4.0,No
IS-CLM-2025002120,2025-07-31,Collision,IL,E-Portal,313.42,1387.68,Simple,74,No,No,23.5,4.5,28.0,Settled,,ADJ-137,5,3.0,
IS-CLM-2025002121,2025-10-21,Collision,NJ,Fax/EDI,478.73,2102.73,Simple,49,Yes,No,23.9,7.9,31.8,Partial Payment,,ADJ-130,4,3.0,
IS-CLM-2025002122,2025-12-24,Collision,AZ,E-Portal,267.8,4052.04,Simple,86,No,Yes,3.0,9.3,12.3,Paid in Full,,ADJ-117,5,,
IS-CLM-2025002123,2025-12-16,Collision,MA,E-Portal,291.85,1163.16,Simple,82,No,No,35.9,7.0,42.8,Paid in Full,,ADJ-129,5,,
IS-CLM-2025002124,2025-10-28,Liability,MD,Fax/EDI,455.96,4486.12,Simple,27,Yes,No,27.3,7.4,34.8,Paid in Full,,ADJ-104,3,4.0,
IS-CLM-2025002125,2025-10-31,Property Damage,MD,E-Portal,426.99,6126.14,Moderate,53,No,No,24.4,16.0,40.4,Paid in Full,,ADJ-114,10,,No
IS-CLM-2025002126,2025-12-27,Collision,VA,Phone,552.59,3053.07,Simple,62,No,No,3.0,5.9,8.9,Paid in Full,,ADJ-116,2,3.0,
IS-CLM-2025002127,2025-12-25,Liability,NY,E-Portal,365.74,3141.04,Moderate,37,Yes,No,71.1,33.0,104.2,Partial Payment,,ADJ-104,11,4.0,
IS-CLM-2025002128,2025-06-10,Bodily Injury,TX,Phone,1068.15,38615.16,Complex,37,Yes,No,60.2,32.4,92.6,Partial Payment,,ADJ-130,13,3.0,
IS-CLM-2025002129,2025-10-24,Property Damage,MD,Phone,703.96,6542.17,Moderate,41,Yes,No,5.0,18.7,23.7,Partial Payment,,ADJ-146,8,,No
IS-CLM-2025002130,2025-08-31,Bodily Injury,IL,Phone,841.41,4872.12,Moderate,32,Yes,No,27.7,20.6,48.3,Denied,Pre-existing damage,ADJ-149,3,3.0,
IS-CLM-2025002131,2025-08-11,Bodily Injury,NJ,E-Portal,323.37,4767.04,Simple,57,No,No,81.8,14.2,96.0,Partial Payment,,ADJ-137,5,3.0,
IS-CLM-2025002132,2025-09-26,Bodily Injury,FL,Fax/EDI,625.31,7323.65,Moderate,39,No,No,54.4,13.1,67.5,Settled,,ADJ-147,12,,
IS-CLM-2025002133,2025-06-24,Property Damage,CA,E-Portal,310.75,1265.21,Simple,57,No,No,96.4,8.6,105.0,Paid in Full,,ADJ-147,5,,
IS-CLM-2025002134,2025-11-17,Comprehensive,CA,Phone,867.77,7371.94,Moderate,17,Yes,No,204.3,8.2,212.5,Partial Payment,,ADJ-148,11,3.0,
IS-CLM-2025002135,2025-11-04,Comprehensive,OH,E-Portal,489.36,13861.48,Moderate,68,Yes,Yes,36.1,8.9,45.0,Settled,,ADJ-106,6,,No
IS-CLM-2025002136,2025-10-06,Comprehensive,FL,Fax/EDI,768.16,5146.92,Moderate,50,Yes,No,10.1,34.1,44.2,Paid in Full,,ADJ-141,5,,
IS-CLM-2025002137,2025-06-30,Property Damage,OH,Fax/EDI,800.51,8966.5,Moderate,21,No,No,20.0,15.7,35.6,Partial Payment,,ADJ-130,9,4.0,
IS-CLM-2025002138,2025-11-17,Comprehensive,PA,E-Portal,263.4,2032.26,Simple,71,No,No,56.2,3.4,59.6,Paid in Full,,ADJ-108,1,3.0,
IS-CLM-2025002139,2025-06-27,Comprehensive,PA,E-Portal,337.75,1140.34,Simple,97,Yes,No,3.6,4.1,7.7,Settled,,ADJ-103,4,5.0,
IS-CLM-2025002140,2025-08-27,Collision,IN,Phone,728.97,7455.03,Moderate,85,No,No,8.7,15.6,24.2,Paid in Full,,ADJ-147,6,2.0,No
IS-CLM-2025002141,2025-10-25,Comprehensive,OH,E-Portal,290.08,2960.07,Simple,64,No,No,44.1,2.0,46.0,Paid in Full,,ADJ-143,2,3.0,
IS-CLM-2025002142,2025-11-18,Collision,NJ,E-Portal,703.39,9607.25,Complex,5,Yes,No,48.3,39.6,87.9,Partial Payment,,ADJ-119,7,3.0,
IS-CLM-2025002143,2025-08-12,Comprehensive,CA,Phone,509.23,3326.82,Simple,89,No,No,22.2,7.1,29.3,Partial Payment,,ADJ-109,3,,
IS-CLM-2025002144,2025-10-26,Liability,VA,E-Portal,467.21,6648.98,Moderate,57,Yes,No,188.7,10.1,198.9,Settled,,ADJ-109,3,,
IS-CLM-2025002145,2025-10-30,Collision,OH,E-Portal,294.91,1703.57,Simple,43,No,No,8.4,3.8,12.2,Paid in Full,,ADJ-147,4,,
IS-CLM-2025002146,2025-06-17,Collision,CA,Phone,666.69,7849.15,Moderate,45,Yes,No,45.6,13.6,59.2,Paid in Full,,ADJ-139,8,4.0,
IS-CLM-2025002147,2025-11-25,Collision,WI,Fax/EDI,439.36,681.68,Simple,69,Yes,No,11.6,5.7,17.3,Settled,,ADJ-108,2,2.0,
IS-CLM-2025002148,2025-09-17,Comprehensive,MI,Fax/EDI,390.08,2055.17,Simple,78,No,No,35.5,18.2,53.8,Paid in Full,,ADJ-149,2,3.0,
IS-CLM-2025002149,2025-06-07,Collision,NC,E-Portal,238.65,1023.24,Simple,65,No,Yes,23.3,5.2,28.6,Settled,,ADJ-131,1,4.0,
IS-CLM-2025002150,2025-09-01,Bodily Injury,WA,E-Portal,837.09,11589.41,Complex,51,Yes,Yes,56.8,51.0,107.8,Partial Payment,,ADJ-139,14,1.0,
IS-CLM-2025002151,2025-12-02,Collision,FL,Phone,421.08,2435.62,Simple,91,No,No,22.7,11.3,34.0,Paid in Full,,ADJ-115,2,4.0,
IS-CLM-2025002152,2025-08-12,Comprehensive,IN,Fax/EDI,1191.68,22514.11,Complex,21,Yes,No,54.9,28.3,83.1,Denied,Filing deadline missed,ADJ-111,18,,
IS-CLM-2025002153,2025-11-09,Liability,CA,Fax/EDI,930.59,13504.76,Complex,9,Yes,Yes,18.6,58.1,76.6,Partial Payment,,ADJ-116,5,1.0,
IS-CLM-2025002154,2025-11-05,Bodily Injury,MI,Phone,899.91,11755.99,Moderate,46,Yes,Yes,5.0,14.5,19.5,Pending Review,,ADJ-150,10,,
IS-CLM-2025002155,2025-12-19,Collision,NJ,Phone,466.34,1102.85,Simple,75,No,No,3.8,11.3,15.0,Denied,Pre-existing damage,ADJ-123,3,3.0,
IS-CLM-2025002156,2025-07-15,Liability,GA,Fax/EDI,301.99,3117.98,Simple,63,No,No,61.7,9.3,71.0,Denied,Pre-existing damage,ADJ-117,4,1.0,
IS-CLM-2025002157,2025-06-29,Property Damage,TX,E-Portal,161.93,2138.19,Simple,61,No,No,30.0,2.7,32.7,Paid in Full,,ADJ-103,2,4.0,
IS-CLM-2025002158,2025-12-06,Collision,TN,Phone,873.89,12915.78,Moderate,17,Yes,No,8.7,22.9,31.7,Settled,,ADJ-106,10,3.0,
IS-CLM-2025002159,2025-10-11,Bodily Injury,TX,Phone,1193.82,26660.33,Complex,5,Yes,No,8.0,76.2,84.2,Partial Payment,,ADJ-129,6,4.0,
IS-CLM-2025002160,2025-06-08,Liability,NY,E-Portal,477.2,8828.27,Moderate,41,No,No,126.8,33.5,160.3,Paid in Full,,ADJ-113,11,3.0,
IS-CLM-2025002161,2025-09-24,Comprehensive,NY,Phone,444.87,1363.91,Simple,69,No,No,73.7,5.6,79.3,Settled,,ADJ-106,1,,
IS-CLM-2025002162,2025-08-13,Property Damage,MI,Fax/EDI,734.14,1876.35,Moderate,35,No,No,5.0,22.5,27.5,Settled,,ADJ-113,9,2.0,
IS-CLM-2025002163,2025-11-28,Bodily Injury,OH,Fax/EDI,469.68,6621.85,Simple,84,No,No,12.0,4.0,16.1,Denied,Pre-existing damage,ADJ-134,3,3.0,
IS-CLM-2025002164,2025-11-28,Collision,TN,Phone,544.86,1884.2,Simple,85,No,No,15.6,4.6,20.2,Paid in Full,,ADJ-122,2,,
IS-CLM-2025002165,2025-12-23,Comprehensive,OH,Fax/EDI,535.54,5102.21,Simple,60,Yes,No,13.7,7.2,20.9,Paid in Full,,ADJ-129,3,,
IS-CLM-2025002166,2025-09-09,Comprehensive,TN,Fax/EDI,460.77,2728.03,Simple,62,Yes,No,175.5,8.8,184.3,Paid in Full,,ADJ-109,4,4.0,
IS-CLM-2025002167,2025-06-15,Property Damage,NC,Phone,763.89,16353.95,Moderate,50,Yes,No,82.3,6.0,88.3,Paid in Full,,ADJ-138,3,,
IS-CLM-2025002168,2025-12-21,Comprehensive,NY,Phone,462.7,3157.43,Simple,43,No,No,37.0,7.0,44.0,Settled,,ADJ-117,1,3.0,
IS-CLM-2025002169,2025-11-15,Comprehensive,NC,Fax/EDI,889.72,60475.16,Complex,5,Yes,Yes,71.7,27.0,98.7,Paid in Full,,ADJ-146,14,,
IS-CLM-2025002170,2025-11-29,Liability,NC,E-Portal,666.49,11334.48,Complex,34,Yes,No,31.5,49.9,81.4,Pending Review,,ADJ-121,17,,
IS-CLM-2025002171,2025-08-05,Liability,WA,Phone,727.94,11954.03,Moderate,26,Yes,No,9.9,7.9,17.8,Paid in Full,,ADJ-139,10,,
IS-CLM-2025002172,2025-09-10,Bodily Injury,WA,Phone,355.45,1558.95,Simple,81,No,Yes,17.6,4.9,22.5,Partial Payment,,ADJ-130,5,2.0,
IS-CLM-2025002173,2025-07-01,Bodily Injury,TN,E-Portal,513.4,12578.58,Moderate,46,Yes,No,33.2,11.1,44.3,Denied,Exceeded policy limit,ADJ-107,5,1.0,
IS-CLM-2025002174,2025-08-13,Comprehensive,TX,E-Portal,889.04,10591.53,Complex,14,Yes,No,47.9,36.9,84.7,Pending Review,,ADJ-149,10,,Yes
IS-CLM-2025002175,2025-07-24,Liability,IN,E-Portal,583.38,3951.75,Moderate,45,Yes,No,50.6,10.3,60.9,Paid in Full,,ADJ-140,10,,
IS-CLM-2025002176,2025-06-18,Collision,NC,E-Portal,319.09,604.53,Simple,79,No,No,6.6,4.1,10.6,Paid in Full,,ADJ-102,2,4.0,No
IS-CLM-2025002177,2025-10-10,Bodily Injury,MD,Phone,564.16,4632.02,Simple,96,No,No,4.9,8.3,13.2,Paid in Full,,ADJ-106,4,3.0,
IS-CLM-2025002178,2025-07-11,Comprehensive,CA,Phone,824.86,8679.18,Moderate,32,No,No,23.6,14.8,38.5,Denied,Pre-existing damage,ADJ-135,4,4.0,
IS-CLM-2025002179,2025-11-23,Comprehensive,WA,E-Portal,332.84,1156.41,Simple,66,No,No,19.2,5.0,24.2,Paid in Full,,ADJ-129,2,,No
IS-CLM-2025002180,2025-06-22,Collision,MD,E-Portal,297.65,2273.68,Simple,56,No,No,187.2,8.8,196.0,Paid in Full,,ADJ-141,5,,
IS-CLM-2025002181,2025-11-17,Comprehensive,IN,E-Portal,474.69,9682.58,Moderate,40,No,No,48.8,28.3,77.1,Paid in Full,,ADJ-117,7,4.0,
IS-CLM-2025002182,2025-07-12,Comprehensive,NY,Fax/EDI,414.05,1431.49,Simple,87,No,No,30.6,7.0,37.6,Paid in Full,,ADJ-133,2,5.0,
IS-CLM-2025002183,2025-09-21,Bodily Injury,IN,Fax/EDI,505.09,9680.18,Moderate,33,No,Yes,35.6,7.7,43.3,Paid in Full,,ADJ-102,7,4.0,
IS-CLM-2025002184,2025-09-16,Collision,MA,E-Portal,289.36,1919.9,Simple,38,No,No,33.1,3.8,36.9,Settled,,ADJ-112,2,3.0,
IS-CLM-2025002185,2025-06-22,Property Damage,NJ,Fax/EDI,1063.24,42720.34,Complex,21,Yes,Yes,25.1,37.6,62.7,Pending Review,,ADJ-106,7,,
IS-CLM-2025002186,2025-10-06,Liability,WI,E-Portal,730.57,15266.66,Complex,27,Yes,No,46.9,83.5,130.4,Pending Review,,ADJ-133,7,,
IS-CLM-2025002187,2025-12-10,Property Damage,AZ,E-Portal,314.04,3101.63,Simple,48,No,No,8.4,6.4,14.7,Paid in Full,,ADJ-141,1,3.0,
IS-CLM-2025002188,2025-10-29,Bodily Injury,MI,E-Portal,208.19,2026.08,Simple,58,Yes,No,20.0,7.0,27.0,Denied,Coverage exclusion,ADJ-138,4,2.0,
IS-CLM-2025002189,2025-09-18,Liability,TX,Fax/EDI,686.26,9120.42,Moderate,71,Yes,No,17.9,10.8,28.6,Paid in Full,,ADJ-144,11,3.0,
IS-CLM-2025002190,2025-08-25,Collision,AZ,E-Portal,540.24,7120.83,Moderate,37,No,No,127.6,18.1,145.7,Partial Payment,,ADJ-143,9,2.0,
IS-CLM-2025002191,2025-11-11,Comprehensive,TX,E-Portal,259.8,1724.42,Simple,47,No,No,48.8,4.2,53.0,Denied,Filing deadline missed,ADJ-125,4,3.0,
IS-CLM-2025002192,2025-12-02,Comprehensive,NC,E-Portal,368.92,694.44,Simple,39,No,No,50.7,7.2,57.9,Paid in Full,,ADJ-110,1,5.0,
IS-CLM-2025002193,2025-07-10,Bodily Injury,MO,E-Portal,607.79,8262.06,Complex,41,Yes,No,258.2,24.9,283.0,Paid in Full,,ADJ-138,17,5.0,Yes
IS-CLM-2025002194,2025-11-09,Comprehensive,TN,E-Portal,265.33,4696.46,Simple,75,No,No,16.6,3.9,20.5,Paid in Full,,ADJ-150,2,4.0,
IS-CLM-2025002195,2025-09-11,Comprehensive,MO,E-Portal,210.69,3942.26,Simple,86,No,No,54.3,2.9,57.2,Paid in Full,,ADJ-117,4,4.0,
IS-CLM-2025002196,2025-12-10,Collision,IN,E-Portal,302.29,4843.78,Simple,36,No,No,48.5,3.0,51.5,Denied,Fraud suspected,ADJ-106,3,3.0,
IS-CLM-2025002197,2025-06-29,Liability,WI,Fax/EDI,457.46,2118.85,Simple,78,No,No,46.5,4.2,50.6,Paid in Full,,ADJ-139,2,,
IS-CLM-2025002198,2025-07-23,Collision,TN,E-Portal,358.24,1688.33,Simple,22,No,Yes,72.5,7.7,80.2,Paid in Full,,ADJ-112,2,3.0,
IS-CLM-2025002199,2025-08-05,Property Damage,VA,Fax/EDI,339.63,1437.42,Simple,74,Yes,No,16.8,7.3,24.1,Partial Payment,,ADJ-145,1,,
IS-CLM-2025002200,2025-09-01,Collision,NC,Phone,992.47,9788.26,Complex,8,Yes,No,109.6,46.4,156.0,Paid in Full,,ADJ-128,10,,
IS-CLM-2025002201,2025-07-20,Collision,NJ,E-Portal,227.46,1152.26,Simple,73,No,No,24.6,6.2,30.8,Partial Payment,,ADJ-105,4,,
IS-CLM-2025002202,2025-10-02,Bodily Injury,FL,E-Portal,884.1,53796.6,Complex,55,Yes,Yes,34.0,54.3,88.3,Settled,,ADJ-135,14,,
IS-CLM-2025002203,2025-11-09,Collision,TX,Fax/EDI,348.5,2112.64,Simple,90,No,No,23.7,4.7,28.4,Partial Payment,,ADJ-130,5,2.0,
IS-CLM-2025002204,2025-08-09,Comprehensive,FL,Phone,771.86,4762.67,Moderate,45,Yes,No,64.6,15.0,79.6,Paid in Full,,ADJ-107,6,,
IS-CLM-2025002205,2025-11-07,Comprehensive,IL,Phone,361.75,1428.17,Simple,47,No,No,8.2,16.0,24.1,Paid in Full,,ADJ-135,4,,
IS-CLM-2025002206,2025-10-16,Bodily Injury,WA,Fax/EDI,485.64,8983.47,Simple,59,No,No,30.9,3.2,34.0,Paid in Full,,ADJ-140,5,3.0,
IS-CLM-2025002207,2025-10-08,Collision,AZ,Fax/EDI,418.17,1749.91,Simple,79,No,No,22.1,2.5,24.6,Paid in Full,,ADJ-138,3,,
IS-CLM-2025002208,2025-12-23,Collision,TX,Fax/EDI,980.44,10969.44,Complex,63,Yes,Yes,83.7,45.5,129.2,Pending Review,,ADJ-144,17,,
IS-CLM-2025002209,2025-09-01,Liability,GA,Fax/EDI,477.19,6876.08,Moderate,94,Yes,No,11.3,18.3,29.6,Denied,Filing deadline missed,ADJ-108,4,4.0,
IS-CLM-2025002210,2025-09-17,Collision,TX,Phone,457.24,1123.32,Simple,88,No,No,10.7,5.7,16.4,Paid in Full,,ADJ-126,2,3.0,
IS-CLM-2025002211,2025-08-03,Liability,TN,Phone,531.58,1581.58,Simple,52,No,No,186.6,8.7,195.3,Partial Payment,,ADJ-121,3,4.0,
IS-CLM-2025002212,2025-09-06,Bodily Injury,MA,E-Portal,539.57,6068.34,Moderate,5,Yes,No,23.2,9.0,32.2,Partial Payment,,ADJ-120,5,2.0,No
IS-CLM-2025002213,2025-10-27,Collision,NC,Fax/EDI,480.71,1659.44,Simple,35,No,No,42.4,4.4,46.8,Partial Payment,,ADJ-118,5,,
IS-CLM-2025002214,2025-09-19,Comprehensive,MA,E-Portal,751.03,12971.31,Complex,10,Yes,Yes,27.2,97.7,124.9,Paid in Full,,ADJ-111,5,,
IS-CLM-2025002215,2025-08-19,Comprehensive,VA,Fax/EDI,435.48,3249.14,Simple,51,No,No,62.1,4.5,66.7,Paid in Full,,ADJ-122,5,,No
IS-CLM-2025002216,2025-10-25,Collision,MD,E-Portal,349.28,2160.94,Simple,84,No,No,129.3,1.5,130.8,Paid in Full,,ADJ-115,2,,
IS-CLM-2025002217,2025-12-24,Collision,WA,Fax/EDI,954.41,11154.04,Complex,5,Yes,Yes,74.5,37.7,112.2,Paid in Full,,ADJ-126,11,,
IS-CLM-2025002218,2025-11-10,Collision,IL,Phone,925.68,4282.96,Complex,28,Yes,No,32.9,38.1,71.0,Partial Payment,,ADJ-107,11,,
IS-CLM-2025002219,2025-11-02,Collision,WA,Phone,419.77,1159.63,Simple,66,No,No,3.0,2.0,5.0,Paid in Full,,ADJ-128,2,,
IS-CLM-2025002220,2025-07-01,Liability,IL,Phone,473.5,2464.55,Simple,84,No,No,44.2,8.3,52.5,Partial Payment,,ADJ-129,4,,
IS-CLM-2025002221,2025-10-01,Collision,MA,Phone,446.57,2382.9,Simple,76,Yes,No,3.9,5.5,9.4,Paid in Full,,ADJ-105,4,4.0,
IS-CLM-2025002222,2025-06-21,Collision,IL,E-Portal,264.3,1278.25,Simple,76,No,No,78.7,5.7,84.4,Paid in Full,,ADJ-133,3,4.0,
IS-CLM-2025002223,2025-10-11,Collision,AZ,Fax/EDI,467.23,1061.78,Simple,27,Yes,Yes,25.2,5.1,30.4,Denied,Fraud suspected,ADJ-131,5,2.0,
IS-CLM-2025002224,2025-09-10,Liability,MA,E-Portal,380.33,6642.91,Simple,96,No,No,3.0,2.2,5.2,Partial Payment,,ADJ-106,2,4.0,
IS-CLM-2025002225,2025-08-31,Property Damage,MD,Phone,518.22,4722.05,Simple,59,No,No,141.7,2.4,144.1,Paid in Full,,ADJ-118,4,3.0,
IS-CLM-2025002226,2025-12-01,Bodily Injury,TN,Fax/EDI,1152.67,17041.96,Complex,5,Yes,Yes,68.6,22.6,91.2,Denied,Exceeded policy limit,ADJ-147,6,,
IS-CLM-2025002227,2025-06-14,Comprehensive,OH,E-Portal,270.9,2192.82,Simple,72,No,No,13.4,12.9,26.3,Denied,Exceeded policy limit,ADJ-122,2,3.0,
IS-CLM-2025002228,2025-11-26,Bodily Injury,WI,Phone,1047.28,9377.8,Complex,21,Yes,No,87.3,20.7,108.0,Paid in Full,,ADJ-123,18,,
IS-CLM-2025002229,2025-09-03,Collision,NC,E-Portal,273.48,1220.04,Simple,96,Yes,No,17.0,6.4,23.4,Partial Payment,,ADJ-145,2,3.0,
IS-CLM-2025002230,2025-08-04,Collision,MI,Fax/EDI,690.8,5479.41,Moderate,51,No,No,40.6,5.4,46.0,Partial Payment,,ADJ-103,9,3.0,
IS-CLM-2025002231,2025-11-15,Bodily Injury,MI,Fax/EDI,710.45,2714.78,Moderate,29,Yes,No,5.0,49.7,54.7,Paid in Full,,ADJ-113,4,4.0,
IS-CLM-2025002232,2025-07-20,Bodily Injury,PA,Phone,945.47,37858.43,Complex,25,No,Yes,229.6,93.1,322.7,Denied,Fraud suspected,ADJ-140,17,,
IS-CLM-2025002233,2025-10-04,Collision,WA,Fax/EDI,661.53,4517.66,Moderate,79,No,No,52.0,19.2,71.2,Paid in Full,,ADJ-126,6,4.0,No
IS-CLM-2025002234,2025-08-15,Comprehensive,IL,Phone,844.17,4155.97,Moderate,48,Yes,No,51.3,26.4,77.6,Paid in Full,,ADJ-136,11,4.0,
IS-CLM-2025002235,2025-07-14,Comprehensive,FL,E-Portal,401.5,5368.54,Moderate,64,Yes,No,5.0,12.0,17.0,Paid in Full,,ADJ-135,3,,
IS-CLM-2025002236,2025-06-18,Collision,WA,E-Portal,627.76,6186.65,Complex,47,No,Yes,212.0,24.1,236.1,Partial Payment,,ADJ-146,15,4.0,
IS-CLM-2025002237,2025-09-07,Comprehensive,WA,E-Portal,417.99,7007.56,Simple,49,No,No,53.0,9.3,62.3,Partial Payment,,ADJ-110,3,,
IS-CLM-2025002238,2025-07-29,Liability,VA,E-Portal,836.5,17746.24,Complex,16,Yes,Yes,210.0,37.4,247.4,Paid in Full,,ADJ-145,17,,Yes
IS-CLM-2025002239,2025-06-27,Bodily Injury,IN,E-Portal,503.41,15872.77,Moderate,75,Yes,Yes,49.4,14.7,64.1,Paid in Full,,ADJ-105,9,4.0,
IS-CLM-2025002240,2025-07-15,Collision,NC,Phone,586.27,1073.95,Simple,55,No,Yes,25.8,4.2,30.0,Paid in Full,,ADJ-128,1,,
IS-CLM-2025002241,2025-07-24,Collision,MO,Phone,448.45,1201.65,Simple,50,No,No,22.4,7.6,30.1,Paid in Full,,ADJ-129,5,3.0,
IS-CLM-2025002242,2025-11-12,Comprehensive,VA,Fax/EDI,595.8,1934.11,Simple,88,No,No,33.6,3.7,37.4,Paid in Full,,ADJ-130,5,4.0,
IS-CLM-2025002243,2025-08-05,Liability,MO,Phone,1092.89,19027.14,Complex,27,Yes,No,16.9,37.7,54.7,Settled,,ADJ-138,13,2.0,
IS-CLM-2025002244,2025-07-10,Comprehensive,WA,Phone,417.97,636.25,Simple,20,No,No,43.6,3.0,46.6,Paid in Full,,ADJ-107,3,,
IS-CLM-2025002245,2025-11-22,Collision,PA,Phone,441.41,906.92,Simple,94,No,No,92.6,4.4,97.0,Partial Payment,,ADJ-147,5,3.0,
IS-CLM-2025002246,2025-09-06,Collision,NC,E-Portal,334.06,1381.62,Simple,91,Yes,No,39.7,2.8,42.5,Paid in Full,,ADJ-115,5,4.0,
IS-CLM-2025002247,2025-10-12,Bodily Injury,GA,Phone,962.02,52698.33,Complex,62,Yes,Yes,42.6,26.1,68.6,Pending Review,,ADJ-108,15,,
IS-CLM-2025002248,2025-10-06,Collision,CA,Phone,492.6,1368.84,Simple,43,No,No,37.5,8.3,45.9,Paid in Full,,ADJ-137,2,,
IS-CLM-2025002249,2025-10-11,Property Damage,IN,Phone,609.68,8877.27,Moderate,68,No,Yes,26.3,18.8,45.0,Paid in Full,,ADJ-110,4,4.0,
IS-CLM-2025002250,2025-06-30,Bodily Injury,CA,Phone,502.7,3984.29,Simple,56,Yes,No,26.4,12.3,38.7,Denied,Coverage exclusion,ADJ-145,5,2.0,
IS-CLM-2025002251,2025-09-20,Bodily Injury,AZ,Fax/EDI,1195.44,54109.63,Complex,50,Yes,No,8.0,30.7,38.7,Paid in Full,,ADJ-136,17,,
IS-CLM-2025002252,2025-12-01,Comprehensive,AZ,E-Portal,649.01,20543.54,Complex,10,Yes,No,99.4,25.3,124.7,Paid in Full,,ADJ-106,9,4.0,
IS-CLM-2025002253,2025-12-03,Property Damage,GA,E-Portal,334.54,4871.67,Simple,67,No,No,13.0,7.6,20.6,Partial Payment,,ADJ-116,1,3.0,
IS-CLM-2025002254,2025-12-11,Collision,TX,E-Portal,539.55,4264.08,Moderate,25,Yes,No,9.5,43.2,52.7,Partial Payment,,ADJ-136,5,2.0,
IS-CLM-2025002255,2025-08-19,Comprehensive,TN,Phone,339.77,1530.15,Simple,51,No,No,3.0,7.0,10.0,Paid in Full,,ADJ-103,1,4.0,
IS-CLM-2025002256,2025-12-15,Collision,CA,E-Portal,362.2,1308.6,Simple,57,No,No,34.0,2.8,36.8,Paid in Full,,ADJ-101,3,,
IS-CLM-2025002257,2025-08-11,Bodily Injury,VA,E-Portal,351.51,6628.84,Simple,32,No,No,31.7,9.0,40.7,Paid in Full,,ADJ-105,3,4.0,
IS-CLM-2025002258,2025-11-24,Collision,TX,Phone,851.72,15407.1,Moderate,38,No,No,101.8,38.2,140.1,Settled,,ADJ-106,4,3.0,
IS-CLM-2025002259,2025-11-13,Comprehensive,AZ,E-Portal,617.85,8469.31,Complex,45,Yes,Yes,195.5,27.6,223.1,Paid in Full,,ADJ-115,9,4.0,
IS-CLM-2025002260,2025-09-23,Liability,MO,Phone,506.26,4047.89,Simple,50,No,No,10.6,5.7,16.3,Partial Payment,,ADJ-118,5,3.0,
IS-CLM-2025002261,2025-10-12,Collision,WA,Fax/EDI,712.53,7883.83,Moderate,27,Yes,No,58.2,31.5,89.7,Paid in Full,,ADJ-113,7,4.0,
IS-CLM-2025002262,2025-09-05,Collision,MO,Phone,1000.36,5094.77,Complex,48,Yes,No,117.0,21.6,138.7,Paid in Full,,ADJ-130,17,4.0,
IS-CLM-2025002263,2025-07-30,Collision,MO,Fax/EDI,505.01,1688.61,Simple,56,No,No,41.8,2.7,44.5,Paid in Full,,ADJ-131,5,,
IS-CLM-2025002264,2025-11-17,Property Damage,MA,E-Portal,438.71,7672.79,Moderate,63,Yes,No,28.3,10.7,39.0,Denied,Pre-existing damage,ADJ-138,9,1.0,
IS-CLM-2025002265,2025-09-25,Comprehensive,FL,E-Portal,363.0,3200.08,Simple,59,No,No,27.4,8.2,35.6,Paid in Full,,ADJ-139,2,4.0,
IS-CLM-2025002266,2025-06-23,Bodily Injury,PA,Fax/EDI,401.86,3411.11,Simple,38,No,No,40.5,2.1,42.6,Denied,Exceeded policy limit,ADJ-141,5,3.0,
IS-CLM-2025002267,2025-07-18,Collision,AZ,E-Portal,292.2,1390.83,Simple,26,No,No,95.4,7.4,102.8,Paid in Full,,ADJ-137,3,,
IS-CLM-2025002268,2025-06-19,Collision,MD,Phone,948.3,4011.2,Moderate,18,Yes,No,126.7,12.1,138.8,Denied,Coverage exclusion,ADJ-130,10,3.0,
IS-CLM-2025002269,2025-11-28,Comprehensive,FL,Fax/EDI,343.79,2032.25,Simple,99,Yes,No,88.7,2.9,91.6,Denied,Fraud suspected,ADJ-112,1,1.0,
IS-CLM-2025002270,2025-11-20,Comprehensive,MO,Phone,866.33,3847.42,Complex,18,Yes,No,53.1,75.5,128.6,Denied,Policy lapsed,ADJ-112,7,4.0,
IS-CLM-2025002271,2025-10-01,Collision,VA,E-Portal,294.1,1202.96,Simple,53,Yes,No,102.9,8.4,111.3,Paid in Full,,ADJ-146,3,,
IS-CLM-2025002272,2025-09-02,Collision,NC,Phone,448.01,2797.63,Simple,47,Yes,No,15.2,4.9,20.0,Paid in Full,,ADJ-124,4,,
IS-CLM-2025002273,2025-06-12,Collision,VA,Phone,660.42,5162.11,Moderate,10,Yes,No,102.2,29.5,131.7,Denied,Fraud suspected,ADJ-110,5,,
IS-CLM-2025002274,2025-09-02,Collision,MA,Phone,415.18,1165.3,Simple,73,No,No,34.8,3.1,37.9,Paid in Full,,ADJ-147,1,4.0,
IS-CLM-2025002275,2025-09-11,Collision,GA,E-Portal,302.77,2000.63,Simple,72,No,No,125.0,1.8,126.8,Paid in Full,,ADJ-104,4,2.0,
IS-CLM-2025002276,2025-07-05,Bodily Injury,NC,E-Portal,661.5,25832.52,Complex,72,Yes,Yes,22.6,37.6,60.2,Partial Payment,,ADJ-136,14,4.0,
IS-CLM-2025002277,2025-12-02,Property Damage,NC,Fax/EDI,361.83,2249.27,Simple,26,No,No,15.8,10.6,26.5,Denied,Pre-existing damage,ADJ-111,3,,
IS-CLM-2025002278,2025-08-01,Property Damage,FL,E-Portal,443.6,6129.73,Moderate,34,Yes,No,63.4,18.3,81.7,Denied,Fraud suspected,ADJ-150,8,2.0,No
IS-CLM-2025002279,2025-06-17,Property Damage,TX,E-Portal,577.78,9775.07,Moderate,77,No,No,70.8,11.3,82.2,Denied,Pre-existing damage,ADJ-106,4,2.0,
IS-CLM-2025002280,2025-06-01,Collision,WA,Phone,446.38,4201.75,Simple,64,No,No,20.3,6.0,26.3,Paid in Full,,ADJ-143,1,4.0,
IS-CLM-2025002281,2025-09-18,Comprehensive,FL,E-Portal,292.08,2724.61,Simple,66,Yes,No,80.0,4.5,84.4,Settled,,ADJ-129,1,,
IS-CLM-2025002282,2025-07-05,Collision,OH,Phone,459.81,948.62,Simple,98,Yes,No,149.7,13.7,163.4,Partial Payment,,ADJ-121,1,3.0,
IS-CLM-2025002283,2025-10-02,Collision,NC,Fax/EDI,633.58,4443.09,Moderate,47,No,No,79.1,21.1,100.2,Partial Payment,,ADJ-137,7,3.0,
IS-CLM-2025002284,2025-08-23,Comprehensive,NJ,E-Portal,354.06,3215.52,Simple,54,No,No,3.4,4.0,7.4,Settled,,ADJ-134,4,2.0,
IS-CLM-2025002285,2025-10-21,Collision,WI,E-Portal,472.25,3644.86,Moderate,49,No,No,63.8,8.2,72.0,Paid in Full,,ADJ-118,10,,
IS-CLM-2025002286,2025-09-14,Bodily Injury,FL,Fax/EDI,727.23,10220.07,Moderate,84,No,Yes,54.7,41.6,96.2,Paid in Full,,ADJ-110,10,4.0,
IS-CLM-2025002287,2025-08-19,Collision,MO,Phone,561.99,1252.18,Simple,81,No,Yes,10.2,3.9,14.0,Partial Payment,,ADJ-122,1,4.0,
IS-CLM-2025002288,2025-12-16,Comprehensive,MO,Fax/EDI,1131.19,11418.61,Complex,35,Yes,Yes,49.6,44.6,94.2,Paid in Full,,ADJ-119,8,,
IS-CLM-2025002289,2025-12-18,Comprehensive,MI,Fax/EDI,291.42,4430.54,Simple,92,No,No,20.5,2.8,23.3,Paid in Full,,ADJ-116,3,,
IS-CLM-2025002290,2025-07-09,Comprehensive,TN,E-Portal,202.54,2701.13,Simple,73,No,No,45.4,3.5,48.9,Paid in Full,,ADJ-103,4,2.0,No
IS-CLM-2025002291,2025-10-29,Liability,MO,Phone,469.66,5109.61,Simple,81,No,Yes,6.3,9.0,15.3,Partial Payment,,ADJ-135,5,3.0,
IS-CLM-2025002292,2025-08-17,Liability,IL,E-Portal,316.79,6272.32,Simple,85,No,No,3.0,7.9,10.9,Paid in Full,,ADJ-141,3,4.0,
IS-CLM-2025002293,2025-07-06,Collision,MO,E-Portal,817.53,13714.06,Complex,5,Yes,No,19.6,45.1,64.6,Settled,,ADJ-146,5,3.0,
IS-CLM-2025002294,2025-09-23,Bodily Injury,WA,E-Portal,604.88,5509.76,Moderate,55,Yes,Yes,14.7,19.9,34.6,Pending Review,,ADJ-137,5,,
IS-CLM-2025002295,2025-06-03,Collision,WA,Fax/EDI,649.33,2797.74,Moderate,71,Yes,Yes,25.5,16.7,42.3,Denied,Coverage exclusion,ADJ-141,7,,
IS-CLM-2025002296,2025-11-18,Collision,WA,E-Portal,281.54,1825.97,Simple,54,Yes,Yes,11.0,11.0,21.9,Partial Payment,,ADJ-150,5,,
IS-CLM-2025002297,2025-06-25,Collision,WA,Phone,569.97,2694.85,Simple,21,Yes,Yes,34.4,7.5,41.9,Paid in Full,,ADJ-129,4,4.0,
IS-CLM-2025002298,2025-11-27,Collision,IL,Fax/EDI,674.74,2984.75,Moderate,27,Yes,No,7.5,20.6,28.0,Paid in Full,,ADJ-124,6,4.0,
IS-CLM-2025002299,2025-08-08,Bodily Injury,FL,Fax/EDI,1050.68,85000.0,Complex,27,No,Yes,42.6,40.6,83.2,Partial Payment,,ADJ-143,7,3.0,
IS-CLM-2025002300,2025-08-20,Comprehensive,WI,Phone,488.03,4632.81,Simple,49,No,No,13.1,2.6,15.8,Denied,Pre-existing damage,ADJ-145,1,2.0,
IS-CLM-2025002301,2025-06-29,Collision,VA,E-Portal,306.32,2284.54,Simple,37,No,No,148.6,6.0,154.6,Paid in Full,,ADJ-123,5,3.0,
IS-CLM-2025002302,2025-11-10,Liability,WA,E-Portal,604.11,9125.39,Complex,5,Yes,No,77.1,30.2,107.3,Pending Review,,ADJ-107,17,,
IS-CLM-2025002303,2025-07-19,Bodily Injury,PA,Phone,632.84,2470.97,Simple,59,No,No,47.8,8.5,56.3,Paid in Full,,ADJ-146,5,,
IS-CLM-2025002304,2025-11-12,Collision,CA,E-Portal,262.61,1923.55,Simple,5,No,No,35.9,8.5,44.4,Paid in Full,,ADJ-104,1,,No
IS-CLM-2025002305,2025-08-13,Bodily Injury,WA,Phone,837.57,13735.98,Moderate,66,Yes,Yes,139.1,13.9,153.0,Partial Payment,,ADJ-138,4,3.0,
IS-CLM-2025002306,2025-08-29,Liability,PA,Phone,1164.55,7752.11,Complex,29,Yes,No,48.9,24.9,73.8,Paid in Full,,ADJ-133,14,,
IS-CLM-2025002307,2025-12-12,Liability,NJ,Phone,855.41,3645.98,Moderate,53,Yes,No,41.3,18.0,59.3,Paid in Full,,ADJ-107,6,,
IS-CLM-2025002308,2025-08-26,Collision,WA,Phone,407.81,2071.34,Simple,28,Yes,No,24.7,6.3,31.1,Partial Payment,,ADJ-149,2,,
IS-CLM-2025002309,2025-11-23,Bodily Injury,WI,Fax/EDI,770.23,7796.63,Complex,33,Yes,Yes,42.0,61.3,103.3,Pending Review,,ADJ-127,12,,
IS-CLM-2025002310,2025-10-26,Bodily Injury,CA,Phone,449.4,4667.37,Simple,51,No,No,17.3,7.2,24.5,Partial Payment,,ADJ-136,1,4.0,
IS-CLM-2025002311,2025-09-08,Comprehensive,MD,E-Portal,491.18,14460.47,Complex,56,Yes,Yes,22.0,26.3,48.2,Denied,Policy lapsed,ADJ-131,13,1.0,
IS-CLM-2025002312,2025-11-22,Liability,PA,Fax/EDI,608.49,3138.7,Moderate,32,No,No,169.5,23.7,193.2,Paid in Full,,ADJ-137,7,3.0,
IS-CLM-2025002313,2025-11-26,Liability,MI,E-Portal,305.81,3589.67,Simple,73,Yes,No,59.2,10.8,70.0,Denied,Exceeded policy limit,ADJ-125,2,4.0,
IS-CLM-2025002314,2025-06-03,Comprehensive,OH,Phone,612.48,5782.59,Moderate,33,Yes,No,33.5,16.3,49.8,Settled,,ADJ-132,6,,Yes
IS-CLM-2025002315,2025-08-20,Bodily Injury,NC,Fax/EDI,435.76,1748.37,Simple,78,No,No,3.0,7.5,10.5,Paid in Full,,ADJ-112,5,4.0,
IS-CLM-2025002316,2025-07-18,Bodily Injury,WI,Fax/EDI,586.0,2932.21,Simple,92,Yes,No,3.0,2.8,5.8,Denied,Filing deadline missed,ADJ-107,1,1.0,
IS-CLM-2025002317,2025-12-19,Comprehensive,TX,Fax/EDI,1007.65,13984.65,Complex,47,Yes,No,150.9,36.6,187.5,Paid in Full,,ADJ-103,10,4.0,
IS-CLM-2025002318,2025-11-11,Collision,MO,Phone,1212.18,41993.32,Complex,39,Yes,Yes,31.3,35.5,66.9,Settled,,ADJ-108,6,4.0,
IS-CLM-2025002319,2025-09-22,Bodily Injury,GA,Fax/EDI,378.28,2302.74,Simple,51,No,No,125.8,16.0,141.8,Denied,Insufficient documentation,ADJ-122,4,4.0,
IS-CLM-2025002320,2025-10-23,Liability,MO,Phone,1248.57,7573.13,Complex,31,Yes,No,37.4,47.7,85.1,Denied,Fraud suspected,ADJ-106,7,1.0,
IS-CLM-2025002321,2025-10-30,Bodily Injury,TN,Fax/EDI,1268.12,22799.68,Complex,5,Yes,No,149.9,96.1,246.0,Settled,,ADJ-127,15,,
IS-CLM-2025002322,2025-07-16,Comprehensive,CA,Fax/EDI,459.75,1558.83,Simple,13,Yes,No,47.3,3.9,51.2,Partial Payment,,ADJ-134,2,4.0,
IS-CLM-2025002323,2025-09-27,Liability,MD,Fax/EDI,345.23,3994.07,Simple,57,No,No,17.9,5.8,23.6,Denied,Exceeded policy limit,ADJ-108,1,,
IS-CLM-2025002324,2025-07-12,Property Damage,GA,Phone,492.22,1204.24,Simple,58,No,No,27.1,5.5,32.6,Paid in Full,,ADJ-128,2,4.0,
IS-CLM-2025002325,2025-12-21,Comprehensive,WA,E-Portal,266.76,4211.9,Simple,69,Yes,No,4.8,9.3,14.1,Paid in Full,,ADJ-108,5,4.0,No
IS-CLM-2025002326,2025-10-04,Comprehensive,CA,Fax/EDI,904.23,23674.58,Complex,34,Yes,Yes,45.5,41.1,86.6,Settled,,ADJ-150,6,3.0,
IS-CLM-2025002327,2025-07-25,Property Damage,MO,E-Portal,333.64,5373.89,Simple,62,No,No,29.2,9.7,38.9,Paid in Full,,ADJ-121,5,,
IS-CLM-2025002328,2025-11-24,Comprehensive,MA,Phone,1037.52,32364.47,Complex,6,Yes,Yes,8.0,26.4,34.4,Denied,Fraud suspected,ADJ-103,16,1.0,
IS-CLM-2025002329,2025-12-15,Collision,VA,E-Portal,501.37,6404.4,Moderate,22,Yes,No,144.7,22.9,167.5,Denied,Insufficient documentation,ADJ-139,6,3.0,
IS-CLM-2025002330,2025-09-05,Collision,WA,E-Portal,235.23,7750.07,Simple,70,No,No,6.4,2.3,8.7,Paid in Full,,ADJ-133,3,4.0,
IS-CLM-2025002331,2025-08-19,Comprehensive,TX,Phone,485.48,1701.94,Simple,45,No,No,29.9,8.4,38.3,Partial Payment,,ADJ-131,2,2.0,
IS-CLM-2025002332,2025-07-16,Collision,MO,E-Portal,353.09,534.3,Simple,81,No,No,13.8,3.9,17.7,Paid in Full,,ADJ-115,2,,
IS-CLM-2025002333,2025-07-10,Property Damage,TX,Phone,520.73,2328.38,Simple,52,No,Yes,9.9,10.1,19.9,Partial Payment,,ADJ-114,2,,
IS-CLM-2025002334,2025-10-13,Comprehensive,NY,Fax/EDI,369.14,859.4,Simple,68,No,No,40.2,5.6,45.8,Partial Payment,,ADJ-145,1,,
IS-CLM-2025002335,2025-12-06,Property Damage,CA,E-Portal,498.19,11359.92,Moderate,70,Yes,Yes,11.3,12.3,23.7,Paid in Full,,ADJ-146,5,3.0,
IS-CLM-2025002336,2025-07-04,Comprehensive,PA,E-Portal,162.69,914.85,Simple,99,No,No,3.0,6.5,9.5,Paid in Full,,ADJ-109,1,3.0,
IS-CLM-2025002337,2025-12-01,Collision,OH,Fax/EDI,418.37,1211.56,Simple,99,No,No,24.8,8.5,33.3,Partial Payment,,ADJ-127,3,,
IS-CLM-2025002338,2025-09-13,Liability,NC,E-Portal,834.58,23512.9,Complex,21,Yes,Yes,21.0,54.5,75.5,Paid in Full,,ADJ-146,17,3.0,
IS-CLM-2025002339,2025-09-21,Collision,MD,E-Portal,541.99,7807.54,Moderate,48,Yes,No,5.0,28.1,33.1,Paid in Full,,ADJ-140,11,3.0,
IS-CLM-2025002340,2025-12-14,Collision,FL,Phone,889.28,8990.81,Moderate,35,No,No,73.8,26.4,100.2,Settled,,ADJ-106,9,,
IS-CLM-2025002341,2025-12-26,Bodily Injury,FL,Fax/EDI,618.18,4384.83,Moderate,47,Yes,No,233.9,21.3,255.1,Denied,Pre-existing damage,ADJ-111,12,,
IS-CLM-2025002342,2025-10-14,Collision,OH,E-Portal,375.74,7643.89,Moderate,51,Yes,No,45.4,37.3,82.6,Partial Payment,,ADJ-148,11,,
IS-CLM-2025002343,2025-06-18,Bodily Injury,WA,Fax/EDI,368.65,2255.37,Simple,23,Yes,No,137.4,3.0,140.5,Partial Payment,,ADJ-113,1,1.0,
IS-CLM-2025002344,2025-06-04,Comprehensive,IN,Fax/EDI,704.02,20063.13,Moderate,42,Yes,No,67.6,15.1,82.6,Paid in Full,,ADJ-126,10,,
IS-CLM-2025002345,2025-06-11,Collision,AZ,Fax/EDI,426.08,1555.07,Simple,92,No,No,20.6,5.0,25.6,Partial Payment,,ADJ-126,3,3.0,
IS-CLM-2025002346,2025-08-17,Liability,WI,Phone,1302.45,5889.42,Complex,5,Yes,No,36.0,36.0,72.0,Partial Payment,,ADJ-129,11,2.0,
IS-CLM-2025002347,2025-07-21,Property Damage,NJ,E-Portal,244.03,1589.83,Simple,49,No,No,17.3,16.6,33.8,Paid in Full,,ADJ-127,3,4.0,
IS-CLM-2025002348,2025-11-13,Collision,WA,Fax/EDI,765.33,6386.98,Moderate,67,Yes,Yes,28.6,8.0,36.6,Paid in Full,,ADJ-109,9,,Yes
IS-CLM-2025002349,2025-07-01,Property Damage,FL,Fax/EDI,470.74,2922.81,Simple,83,Yes,No,8.3,2.5,10.8,Denied,Exceeded policy limit,ADJ-143,2,,
IS-CLM-2025002350,2025-12-07,Property Damage,VA,E-Portal,543.29,2764.03,Moderate,58,Yes,No,8.8,26.5,35.3,Paid in Full,,ADJ-144,5,4.0,
IS-CLM-2025002351,2025-10-10,Comprehensive,IN,Fax/EDI,479.36,1401.71,Simple,42,No,No,114.6,8.4,123.0,Paid in Full,,ADJ-139,5,2.0,
IS-CLM-2025002352,2025-11-07,Bodily Injury,TN,Phone,444.91,1789.75,Simple,71,No,No,3.2,16.0,19.2,Paid in Full,,ADJ-143,5,4.0,
IS-CLM-2025002353,2025-09-06,Property Damage,NC,Phone,737.61,8525.35,Moderate,56,Yes,No,20.3,7.3,27.6,Denied,Policy lapsed,ADJ-119,10,,
IS-CLM-2025002354,2025-07-18,Collision,MI,E-Portal,428.23,2553.47,Moderate,76,Yes,No,12.4,22.5,34.9,Paid in Full,,ADJ-116,7,,
IS-CLM-2025002355,2025-12-26,Liability,TX,Phone,573.74,3162.01,Simple,48,No,No,21.2,3.9,25.2,Denied,Pre-existing damage,ADJ-143,5,1.0,
IS-CLM-2025002356,2025-06-08,Bodily Injury,MI,E-Portal,391.45,4821.0,Simple,82,No,No,47.9,5.0,52.9,Paid in Full,,ADJ-150,4,,
IS-CLM-2025002357,2025-10-23,Bodily Injury,NC,Phone,896.73,85000.0,Complex,33,Yes,No,16.6,42.7,59.3,Settled,,ADJ-147,17,,
IS-CLM-2025002358,2025-12-02,Bodily Injury,VA,E-Portal,309.15,3323.09,Simple,59,No,No,24.9,8.9,33.7,Partial Payment,,ADJ-124,5,2.0,
IS-CLM-2025002359,2025-08-09,Property Damage,AZ,E-Portal,236.06,1374.96,Simple,24,No,No,24.7,5.0,29.7,Paid in Full,,ADJ-105,4,4.0,
IS-CLM-2025002360,2025-08-11,Bodily Injury,PA,E-Portal,472.98,24244.84,Moderate,33,Yes,Yes,50.8,14.3,65.0,Denied,Insufficient documentation,ADJ-101,12,3.0,
IS-CLM-2025002361,2025-11-06,Bodily Injury,NJ,Fax/EDI,400.16,2699.24,Simple,82,No,No,63.9,5.4,69.3,Partial Payment,,ADJ-126,5,3.0,
IS-CLM-2025002362,2025-12-19,Comprehensive,MI,E-Portal,478.56,6931.89,Moderate,43,Yes,No,7.4,31.9,39.3,Paid in Full,,ADJ-112,4,,
IS-CLM-2025002363,2025-08-01,Bodily Injury,CA,Fax/EDI,1218.5,79821.14,Complex,35,No,Yes,97.9,25.9,123.8,Partial Payment,,ADJ-124,17,,
IS-CLM-2025002364,2025-07-01,Collision,NC,E-Portal,390.39,936.2,Simple,58,Yes,Yes,75.4,2.4,77.8,Paid in Full,,ADJ-143,3,,
IS-CLM-2025002365,2025-10-28,Collision,OH,E-Portal,596.57,24752.83,Moderate,41,No,Yes,67.0,15.2,82.2,Partial Payment,,ADJ-108,7,,
IS-CLM-2025002366,2025-08-19,Comprehensive,OH,Phone,1056.25,5769.7,Complex,21,Yes,No,40.8,36.7,77.5,Pending Review,,ADJ-115,15,,
IS-CLM-2025002367,2025-07-28,Liability,NY,E-Portal,394.76,51334.19,Complex,8,Yes,Yes,107.6,49.4,157.0,Pending Review,,ADJ-135,15,,
IS-CLM-2025002368,2025-07-02,Comprehensive,MA,E-Portal,263.88,2249.21,Simple,58,No,No,70.9,3.2,74.2,Paid in Full,,ADJ-110,1,4.0,
IS-CLM-2025002369,2025-12-04,Comprehensive,MO,Phone,454.79,4364.76,Simple,52,No,No,3.0,7.6,10.6,Partial Payment,,ADJ-114,3,,No
IS-CLM-2025002370,2025-11-16,Liability,NC,Phone,396.72,2337.11,Simple,47,Yes,No,44.7,2.2,47.0,Paid in Full,,ADJ-130,3,3.0,
IS-CLM-2025002371,2025-11-22,Property Damage,MA,Phone,783.5,9859.18,Complex,29,Yes,No,15.0,43.5,58.5,Denied,Pre-existing damage,ADJ-142,18,,
IS-CLM-2025002372,2025-11-25,Property Damage,IN,Phone,472.19,6287.55,Simple,95,No,Yes,20.9,17.0,37.9,Paid in Full,,ADJ-129,4,4.0,
IS-CLM-2025002373,2025-10-26,Comprehensive,TN,E-Portal,243.92,1421.89,Simple,61,No,No,22.6,5.5,28.1,Paid in Full,,ADJ-108,3,,
IS-CLM-2025002374,2025-11-13,Property Damage,TX,E-Portal,311.19,1417.27,Simple,48,No,No,5.6,3.8,9.4,Denied,Policy lapsed,ADJ-135,1,4.0,
IS-CLM-2025002375,2025-09-03,Comprehensive,VA,Phone,544.49,1728.66,Simple,35,No,No,6.8,9.1,16.0,Paid in Full,,ADJ-102,2,4.0,
IS-CLM-2025002376,2025-11-22,Liability,IL,E-Portal,408.74,5202.01,Simple,67,Yes,No,115.4,7.9,123.3,Paid in Full,,ADJ-130,2,4.0,
IS-CLM-2025002377,2025-06-07,Comprehensive,WA,E-Portal,363.47,9679.37,Moderate,69,No,Yes,32.3,11.6,43.9,Paid in Full,,ADJ-114,9,4.0,
IS-CLM-2025002378,2025-11-08,Liability,FL,E-Portal,293.91,3222.65,Simple,78,Yes,No,89.3,2.7,92.0,Paid in Full,,ADJ-108,2,3.0,
IS-CLM-2025002379,2025-08-28,Bodily Injury,MI,E-Portal,668.03,62107.98,Complex,34,Yes,Yes,34.9,25.8,60.7,Settled,,ADJ-147,5,,
IS-CLM-2025002380,2025-07-18,Comprehensive,WI,E-Portal,393.28,8712.07,Moderate,18,No,No,72.7,9.1,81.8,Settled,,ADJ-147,8,,
IS-CLM-2025002381,2025-08-30,Property Damage,OH,Phone,467.36,1782.03,Simple,99,Yes,No,22.7,8.7,31.4,Partial Payment,,ADJ-145,4,3.0,
IS-CLM-2025002382,2025-11-05,Liability,OH,E-Portal,355.93,2538.74,Simple,48,No,No,59.2,6.2,65.4,Paid in Full,,ADJ-119,3,,
IS-CLM-2025002383,2025-11-24,Collision,GA,Phone,773.04,3144.11,Moderate,28,Yes,No,17.8,27.7,45.5,Partial Payment,,ADJ-128,4,4.0,
IS-CLM-2025002384,2025-06-09,Collision,MA,E-Portal,283.36,2049.45,Simple,99,No,No,51.5,7.8,59.3,Paid in Full,,ADJ-130,1,3.0,
IS-CLM-2025002385,2025-09-08,Liability,WA,E-Portal,592.88,8639.26,Moderate,24,No,No,36.6,9.8,46.4,Partial Payment,,ADJ-113,9,2.0,
IS-CLM-2025002386,2025-06-04,Comprehensive,MA,Phone,410.17,4147.33,Simple,49,Yes,No,8.3,6.5,14.8,Settled,,ADJ-136,2,,No
IS-CLM-2025002387,2025-10-21,Collision,MO,Phone,1186.75,29554.7,Complex,42,Yes,No,14.7,25.9,40.6,Denied,Pre-existing damage,ADJ-141,11,,
IS-CLM-2025002388,2025-12-13,Bodily Injury,NC,Phone,1000.34,62552.33,Complex,31,Yes,Yes,42.8,19.5,62.2,Partial Payment,,ADJ-129,17,3.0,
IS-CLM-2025002389,2025-07-08,Collision,OH,E-Portal,509.09,15659.98,Complex,23,No,Yes,142.3,50.0,192.3,Paid in Full,,ADJ-110,7,,
IS-CLM-2025002390,2025-11-30,Collision,IN,E-Portal,318.25,1048.59,Simple,52,No,No,29.1,6.7,35.8,Paid in Full,,ADJ-123,5,,
IS-CLM-2025002391,2025-12-07,Bodily Injury,WI,E-Portal,347.71,4056.95,Simple,65,No,No,33.3,5.0,38.3,Paid in Full,,ADJ-112,2,,
IS-CLM-2025002392,2025-08-30,Liability,AZ,E-Portal,313.25,2037.81,Simple,20,No,No,33.3,1.9,35.2,Settled,,ADJ-114,3,,
IS-CLM-2025002393,2025-09-08,Collision,GA,E-Portal,337.16,4440.39,Simple,28,No,No,40.7,4.7,45.4,Paid in Full,,ADJ-116,1,,
IS-CLM-2025002394,2025-06-30,Collision,MO,E-Portal,316.85,2488.47,Simple,69,No,Yes,3.0,5.6,8.6,Paid in Full,,ADJ-116,1,4.0,
IS-CLM-2025002395,2025-08-20,Collision,GA,E-Portal,256.84,4527.52,Simple,37,No,No,30.4,6.2,36.5,Denied,Insufficient documentation,ADJ-136,3,3.0,
IS-CLM-2025002396,2025-11-16,Liability,FL,E-Portal,292.47,3102.12,Simple,76,No,No,22.8,4.6,27.5,Denied,Coverage exclusion,ADJ-133,3,,
IS-CLM-2025002397,2025-07-29,Collision,WI,E-Portal,306.14,1812.52,Simple,58,No,Yes,20.5,9.9,30.4,Paid in Full,,ADJ-147,3,,
IS-CLM-2025002398,2025-06-12,Liability,MI,Fax/EDI,596.81,3982.59,Moderate,36,Yes,No,29.9,29.4,59.3,Settled,,ADJ-141,4,3.0,
IS-CLM-2025002399,2025-09-18,Liability,NC,Phone,1085.17,8749.39,Complex,11,Yes,No,32.1,72.8,104.9,Paid in Full,,ADJ-118,5,4.0,
IS-CLM-2025002400,2025-11-19,Bodily Injury,FL,E-Portal,283.91,6435.73,Simple,68,No,No,47.7,2.8,50.5,Paid in Full,,ADJ-138,3,4.0,
IS-CLM-2025002401,2025-10-06,Comprehensive,MI,E-Portal,280.24,1836.94,Simple,66,Yes,No,4.0,4.2,8.2,Paid in Full,,ADJ-109,1,3.0,
IS-CLM-2025002402,2025-09-20,Liability,IL,Phone,1102.55,7863.08,Complex,51,Yes,No,15.1,33.8,48.9,Paid in Full,,ADJ-132,6,3.0,
IS-CLM-2025002403,2025-11-17,Comprehensive,FL,E-Portal,248.83,697.02,Simple,73,No,No,42.0,15.9,57.9,Paid in Full,,ADJ-149,4,,
IS-CLM-2025002404,2025-11-06,Comprehensive,AZ,E-Portal,233.1,5091.42,Simple,71,No,Yes,12.5,3.7,16.2,Partial Payment,,ADJ-134,4,1.0,
IS-CLM-2025002405,2025-07-13,Bodily Injury,TN,Fax/EDI,786.71,40429.58,Complex,32,Yes,No,265.3,61.3,326.6,Paid in Full,,ADJ-150,7,4.0,
IS-CLM-2025002406,2025-11-14,Comprehensive,AZ,Fax/EDI,449.56,1755.28,Simple,68,Yes,No,20.3,7.0,27.2,Paid in Full,,ADJ-134,5,,
IS-CLM-2025002407,2025-11-14,Collision,MO,Fax/EDI,644.19,8777.81,Moderate,31,Yes,Yes,83.3,24.1,107.3,Partial Payment,,ADJ-141,12,,
IS-CLM-2025002408,2025-11-26,Bodily Injury,NJ,Phone,853.02,27535.93,Complex,18,Yes,Yes,27.7,36.3,64.0,Partial Payment,,ADJ-125,10,4.0,
IS-CLM-2025002409,2025-06-08,Comprehensive,IN,E-Portal,219.6,2806.56,Simple,83,No,Yes,109.7,6.5,116.2,Paid in Full,,ADJ-108,2,3.0,
IS-CLM-2025002410,2025-07-01,Collision,WI,E-Portal,264.09,1977.56,Simple,67,Yes,No,43.8,7.5,51.3,Paid in Full,,ADJ-118,3,3.0,
IS-CLM-2025002411,2025-09-25,Collision,NJ,E-Portal,269.93,1982.57,Simple,51,No,No,20.6,8.6,29.2,Denied,Exceeded policy limit,ADJ-136,4,2.0,
IS-CLM-2025002412,2025-08-19,Comprehensive,MO,Phone,441.76,1521.98,Simple,67,No,No,23.5,8.0,31.5,Denied,Fraud suspected,ADJ-129,3,,
IS-CLM-2025002413,2025-06-23,Collision,TN,E-Portal,283.83,1128.14,Simple,49,No,No,32.5,4.8,37.2,Paid in Full,,ADJ-103,3,,
IS-CLM-2025002414,2025-06-09,Collision,CA,E-Portal,300.31,2230.51,Simple,67,No,No,33.0,9.9,42.9,Paid in Full,,ADJ-131,2,3.0,
IS-CLM-2025002415,2025-12-07,Comprehensive,AZ,E-Portal,516.64,9721.61,Complex,15,Yes,No,14.4,29.3,43.7,Paid in Full,,ADJ-129,6,3.0,
IS-CLM-2025002416,2025-11-10,Property Damage,WI,Phone,589.41,5582.71,Simple,74,Yes,Yes,42.1,11.5,53.6,Paid in Full,,ADJ-114,1,,
IS-CLM-2025002417,2025-10-30,Property Damage,MD,E-Portal,535.39,9061.77,Moderate,35,Yes,No,36.0,26.7,62.8,Settled,,ADJ-111,11,4.0,
IS-CLM-2025002418,2025-09-14,Property Damage,OH,E-Portal,888.33,31746.79,Complex,25,Yes,Yes,19.2,37.3,56.5,Denied,Filing deadline missed,ADJ-140,9,,Yes
IS-CLM-2025002419,2025-11-06,Property Damage,MO,Phone,639.0,19868.79,Moderate,36,Yes,No,65.4,20.4,85.8,Denied,Filing deadline missed,ADJ-127,9,1.0,
IS-CLM-2025002420,2025-08-24,Collision,NC,Fax/EDI,318.79,1282.49,Simple,38,No,Yes,29.0,9.8,38.8,Paid in Full,,ADJ-146,3,,
IS-CLM-2025002421,2025-12-20,Bodily Injury,NJ,Phone,877.2,15473.34,Moderate,71,Yes,Yes,5.0,18.7,23.7,Settled,,ADJ-138,6,,
IS-CLM-2025002422,2025-08-02,Liability,NC,Fax/EDI,1116.33,28913.44,Complex,5,Yes,No,8.0,32.8,40.8,Partial Payment,,ADJ-127,9,4.0,
IS-CLM-2025002423,2025-12-12,Property Damage,MO,Phone,451.46,1899.43,Simple,39,No,No,18.4,7.6,26.0,Settled,,ADJ-109,5,,
IS-CLM-2025002424,2025-12-03,Collision,OH,Phone,489.18,2435.29,Simple,92,No,No,33.4,2.9,36.4,Paid in Full,,ADJ-150,5,4.0,
IS-CLM-2025002425,2025-08-09,Collision,NY,Fax/EDI,400.11,639.84,Simple,49,Yes,No,5.3,1.8,7.0,Partial Payment,,ADJ-149,5,3.0,
IS-CLM-2025002426,2025-06-16,Liability,IL,Fax/EDI,466.96,2754.21,Simple,8,No,No,13.8,3.9,17.7,Denied,Filing deadline missed,ADJ-134,3,3.0,
IS-CLM-2025002427,2025-11-09,Collision,TN,Fax/EDI,791.24,2691.08,Moderate,21,Yes,No,66.9,49.5,116.4,Partial Payment,,ADJ-109,3,4.0,
IS-CLM-2025002428,2025-06-11,Collision,NJ,Phone,444.8,3508.42,Simple,84,No,No,5.3,2.9,8.2,Partial Payment,,ADJ-105,2,,
IS-CLM-2025002429,2025-07-28,Liability,WI,E-Portal,577.07,25786.17,Complex,5,Yes,No,42.2,38.8,81.0,Partial Payment,,ADJ-109,17,3.0,
IS-CLM-2025002430,2025-12-05,Comprehensive,MD,E-Portal,263.61,1399.11,Simple,49,No,No,30.9,2.2,33.0,Paid in Full,,ADJ-146,5,4.0,
IS-CLM-2025002431,2025-08-24,Comprehensive,WI,Fax/EDI,534.1,8657.25,Moderate,39,No,Yes,148.0,30.6,178.5,Settled,,ADJ-128,4,,
IS-CLM-2025002432,2025-11-04,Collision,OH,E-Portal,405.42,4132.87,Simple,99,No,No,123.7,2.6,126.2,Paid in Full,,ADJ-120,2,4.0,
IS-CLM-2025002433,2025-08-23,Comprehensive,AZ,Phone,562.22,3657.9,Moderate,24,Yes,No,96.5,13.2,109.6,Paid in Full,,ADJ-124,3,,
IS-CLM-2025002434,2025-08-15,Property Damage,IL,E-Portal,230.1,3240.95,Simple,60,No,No,8.3,10.6,19.0,Denied,Insufficient documentation,ADJ-109,1,,
IS-CLM-2025002435,2025-07-20,Liability,NJ,E-Portal,313.27,2379.53,Simple,99,No,No,16.7,3.6,20.2,Paid in Full,,ADJ-142,1,3.0,
IS-CLM-2025002436,2025-07-30,Collision,MD,Fax/EDI,382.85,4658.26,Simple,41,No,No,17.4,8.2,25.6,Paid in Full,,ADJ-144,4,,
IS-CLM-2025002437,2025-10-17,Bodily Injury,CA,Phone,408.55,9376.97,Moderate,94,No,No,120.4,5.2,125.6,Denied,Filing deadline missed,ADJ-146,5,2.0,
IS-CLM-2025002438,2025-08-11,Bodily Injury,AZ,Phone,390.07,7927.12,Simple,59,No,No,4.3,4.6,8.9,Denied,Pre-existing damage,ADJ-142,4,3.0,
IS-CLM-2025002439,2025-08-13,Collision,FL,E-Portal,322.92,3679.64,Simple,17,No,No,152.6,3.2,155.8,Paid in Full,,ADJ-114,3,2.0,
IS-CLM-2025002440,2025-07-29,Collision,MO,E-Portal,314.24,1443.29,Simple,85,No,Yes,70.9,17.0,87.9,Partial Payment,,ADJ-136,5,,
IS-CLM-2025002441,2025-09-17,Liability,AZ,E-Portal,287.66,3893.48,Simple,60,No,No,122.6,2.5,125.2,Settled,,ADJ-149,2,4.0,
IS-CLM-2025002442,2025-07-05,Collision,IN,Phone,407.68,1552.27,Simple,72,No,Yes,27.2,3.2,30.4,Paid in Full,,ADJ-109,3,4.0,
IS-CLM-2025002443,2025-06-28,Collision,OH,E-Portal,352.49,1906.65,Simple,59,Yes,No,43.1,7.4,50.5,Partial Payment,,ADJ-113,3,3.0,
IS-CLM-2025002444,2025-09-21,Collision,FL,Phone,1087.94,38047.35,Complex,23,Yes,Yes,63.3,29.8,93.1,Paid in Full,,ADJ-130,10,,
IS-CLM-2025002445,2025-06-03,Liability,MD,E-Portal,628.87,7430.64,Moderate,31,Yes,No,49.9,13.5,63.4,Settled,,ADJ-140,8,,
IS-CLM-2025002446,2025-08-20,Bodily Injury,GA,E-Portal,262.11,7618.82,Simple,66,Yes,No,76.1,1.3,77.4,Paid in Full,,ADJ-124,2,3.0,
IS-CLM-2025002447,2025-07-15,Comprehensive,GA,Phone,332.0,1987.26,Simple,80,No,No,46.5,6.8,53.3,Partial Payment,,ADJ-132,2,2.0,
IS-CLM-2025002448,2025-07-26,Liability,NC,Fax/EDI,410.24,3046.74,Simple,57,No,Yes,5.5,6.2,11.7,Partial Payment,,ADJ-119,4,2.0,
IS-CLM-2025002449,2025-12-22,Collision,WI,Phone,746.91,3914.36,Moderate,74,No,Yes,5.5,22.5,28.1,Paid in Full,,ADJ-130,5,,
IS-CLM-2025002450,2025-11-17,Comprehensive,PA,Fax/EDI,660.67,6077.48,Moderate,60,No,No,39.8,26.4,66.1,Denied,Pre-existing damage,ADJ-147,9,,
IS-CLM-2025002451,2025-08-06,Property Damage,MO,E-Portal,458.54,6439.8,Moderate,43,No,No,5.0,8.8,13.8,Settled,,ADJ-142,10,4.0,
IS-CLM-2025002452,2025-08-06,Property Damage,TN,E-Portal,389.38,5627.37,Moderate,83,No,Yes,33.5,17.4,50.9,Settled,,ADJ-117,3,3.0,No
IS-CLM-2025002453,2025-11-11,Comprehensive,MO,Phone,480.76,4158.26,Simple,73,No,No,12.0,4.8,16.8,Denied,Pre-existing damage,ADJ-141,2,2.0,No
IS-CLM-2025002454,2025-06-17,Comprehensive,IL,Fax/EDI,399.31,1348.54,Simple,55,No,No,49.8,8.6,58.4,Denied,Fraud suspected,ADJ-145,3,3.0,
IS-CLM-2025002455,2025-12-12,Property Damage,MO,Phone,456.45,2617.8,Simple,31,No,No,22.9,4.9,27.8,Settled,,ADJ-116,4,4.0,
IS-CLM-2025002456,2025-07-19,Comprehensive,MD,Fax/EDI,709.81,3868.68,Moderate,63,No,No,71.2,8.5,79.8,Paid in Full,,ADJ-107,5,5.0,
IS-CLM-2025002457,2025-06-13,Collision,NY,Phone,885.72,12033.42,Moderate,50,No,Yes,13.5,8.6,22.1,Settled,,ADJ-145,8,,
IS-CLM-2025002458,2025-10-20,Bodily Injury,TN,E-Portal,260.46,2960.76,Simple,55,No,No,41.8,6.2,48.0,Settled,,ADJ-105,4,,Yes
IS-CLM-2025002459,2025-10-03,Bodily Injury,NJ,E-Portal,469.68,10952.7,Moderate,99,No,Yes,50.9,12.7,63.6,Settled,,ADJ-139,5,4.0,
IS-CLM-2025002460,2025-10-29,Property Damage,WA,E-Portal,639.79,5674.58,Moderate,49,No,No,62.3,13.6,76.0,Paid in Full,,ADJ-149,4,4.0,
IS-CLM-2025002461,2025-07-15,Liability,IL,E-Portal,748.33,22578.48,Complex,9,Yes,Yes,74.9,22.4,97.3,Settled,,ADJ-116,8,1.0,Yes
IS-CLM-2025002462,2025-07-17,Bodily Injury,IL,Phone,468.4,3191.19,Simple,77,No,No,4.2,10.4,14.6,Partial Payment,,ADJ-125,2,3.0,
IS-CLM-2025002463,2025-08-22,Bodily Injury,NC,Phone,971.33,11104.09,Complex,5,Yes,Yes,114.3,28.4,142.7,Settled,,ADJ-113,16,,
IS-CLM-2025002464,2025-11-25,Collision,MO,E-Portal,295.57,1901.53,Simple,50,No,No,12.2,5.9,18.2,Paid in Full,,ADJ-102,3,3.0,
IS-CLM-2025002465,2025-10-11,Collision,MA,E-Portal,200.98,1285.04,Simple,88,No,No,116.3,10.8,127.1,Paid in Full,,ADJ-118,4,3.0,
IS-CLM-2025002466,2025-07-13,Property Damage,CA,E-Portal,395.88,2273.81,Simple,45,No,No,104.9,7.3,112.2,Paid in Full,,ADJ-133,3,4.0,
IS-CLM-2025002467,2025-12-14,Comprehensive,VA,Phone,493.51,1890.42,Simple,99,No,No,69.4,2.2,71.6,Partial Payment,,ADJ-140,2,3.0,
IS-CLM-2025002468,2025-11-10,Bodily Injury,OH,E-Portal,900.79,28181.33,Complex,23,Yes,Yes,48.4,29.1,77.5,Pending Review,,ADJ-127,8,,
IS-CLM-2025002469,2025-09-24,Collision,MA,E-Portal,190.94,4399.15,Simple,77,No,No,11.7,2.9,14.5,Partial Payment,,ADJ-123,5,4.0,
IS-CLM-2025002470,2025-09-16,Property Damage,FL,Fax/EDI,577.44,1103.16,Simple,49,No,No,7.7,5.2,12.9,Paid in Full,,ADJ-139,2,5.0,No
IS-CLM-2025002471,2025-09-03,Comprehensive,WI,Phone,922.47,21446.93,Complex,35,Yes,Yes,60.7,62.4,123.0,Partial Payment,,ADJ-121,18,,
IS-CLM-2025002472,2025-12-14,Comprehensive,TN,Phone,378.27,1944.83,Simple,68,Yes,No,15.9,3.4,19.3,Paid in Full,,ADJ-145,5,4.0,
IS-CLM-2025002473,2025-09-20,Bodily Injury,GA,Phone,479.65,2085.47,Simple,59,No,No,4.9,2.4,7.3,Settled,,ADJ-127,2,,
IS-CLM-2025002474,2025-12-03,Collision,NJ,Fax/EDI,688.49,6606.99,Moderate,43,No,No,5.0,9.3,14.3,Denied,Exceeded policy limit,ADJ-105,8,,
IS-CLM-2025002475,2025-11-07,Bodily Injury,IN,E-Portal,701.43,27524.31,Complex,37,Yes,Yes,89.6,29.2,118.7,Paid in Full,,ADJ-107,8,,
IS-CLM-2025002476,2025-12-12,Comprehensive,TX,Fax/EDI,320.11,4534.73,Simple,59,No,No,7.4,11.6,19.0,Paid in Full,,ADJ-111,1,,
IS-CLM-2025002477,2025-06-22,Property Damage,IL,Fax/EDI,461.22,2121.53,Simple,64,Yes,No,14.9,4.0,18.9,Paid in Full,,ADJ-105,3,,
IS-CLM-2025002478,2025-10-09,Bodily Injury,NY,E-Portal,577.74,14289.74,Moderate,68,Yes,Yes,79.7,8.0,87.7,Partial Payment,,ADJ-135,9,3.0,
IS-CLM-2025002479,2025-09-11,Bodily Injury,NJ,E-Portal,457.16,13187.78,Moderate,68,Yes,Yes,12.1,27.2,39.4,Paid in Full,,ADJ-134,8,4.0,
IS-CLM-2025002480,2025-10-16,Bodily Injury,TX,Phone,1341.35,65135.98,Complex,21,No,No,67.5,28.4,95.9,Paid in Full,,ADJ-144,5,5.0,
IS-CLM-2025002481,2025-09-08,Collision,IL,Phone,439.04,3639.25,Simple,27,No,No,101.0,14.2,115.2,Paid in Full,,ADJ-129,5,4.0,
IS-CLM-2025002482,2025-08-20,Collision,IN,E-Portal,437.68,3625.78,Moderate,30,No,No,15.6,19.4,34.9,Partial Payment,,ADJ-126,7,,
IS-CLM-2025002483,2025-07-01,Comprehensive,WA,Phone,435.95,3320.02,Simple,69,Yes,Yes,43.6,9.3,53.0,Partial Payment,,ADJ-140,2,,
IS-CLM-2025002484,2025-09-20,Property Damage,PA,Phone,516.66,3282.01,Simple,54,No,No,13.3,7.0,20.3,Paid in Full,,ADJ-145,1,3.0,
IS-CLM-2025002485,2025-07-12,Comprehensive,WA,E-Portal,340.32,1834.96,Simple,74,No,Yes,3.0,3.8,6.8,Paid in Full,,ADJ-132,5,,
IS-CLM-2025002486,2025-10-24,Bodily Injury,NY,Fax/EDI,1177.03,28286.56,Complex,51,Yes,Yes,12.8,29.8,42.6,Settled,,ADJ-149,11,3.0,
IS-CLM-2025002487,2025-10-31,Collision,WA,E-Portal,394.13,2539.87,Simple,50,No,Yes,70.0,3.5,73.4,Paid in Full,,ADJ-145,2,3.0,
IS-CLM-2025002488,2025-10-19,Collision,CA,Fax/EDI,401.08,5459.49,Simple,68,No,No,16.8,5.3,22.1,Paid in Full,,ADJ-148,2,,
IS-CLM-2025002489,2025-06-16,Property Damage,CA,E-Portal,563.24,7593.87,Moderate,71,Yes,No,67.4,22.6,90.0,Paid in Full,,ADJ-122,6,4.0,
IS-CLM-2025002490,2025-07-19,Collision,NY,E-Portal,492.61,5945.84,Moderate,69,Yes,No,59.5,18.4,77.9,Paid in Full,,ADJ-118,6,,No
IS-CLM-2025002491,2025-07-31,Property Damage,MO,Fax/EDI,269.42,2163.26,Simple,56,No,No,4.5,7.9,12.4,Denied,Policy lapsed,ADJ-140,2,,
IS-CLM-2025002492,2025-10-23,Collision,WA,Fax/EDI,421.82,930.01,Simple,68,No,Yes,108.3,7.2,115.6,Partial Payment,,ADJ-130,4,,
IS-CLM-2025002493,2025-07-29,Collision,IL,E-Portal,309.18,2743.65,Simple,98,No,No,136.3,3.2,139.5,Paid in Full,,ADJ-133,5,,
IS-CLM-2025002494,2025-11-20,Property Damage,OH,E-Portal,394.34,4026.26,Moderate,76,Yes,No,6.2,8.9,15.0,Partial Payment,,ADJ-106,11,2.0,
IS-CLM-2025002495,2025-06-30,Comprehensive,MO,Fax/EDI,433.65,1517.13,Simple,32,No,Yes,46.7,9.5,56.2,Paid in Full,,ADJ-130,1,4.0,
IS-CLM-2025002496,2025-10-20,Comprehensive,NJ,Fax/EDI,1017.95,9496.86,Complex,15,Yes,No,96.6,36.5,133.1,Paid in Full,,ADJ-113,7,,
IS-CLM-2025002497,2025-12-20,Collision,IL,E-Portal,176.12,1038.84,Simple,45,No,No,33.3,10.1,43.4,Paid in Full,,ADJ-107,5,,
IS-CLM-2025002498,2025-12-05,Comprehensive,GA,Phone,596.5,2383.07,Simple,59,No,No,28.4,10.8,39.1,Partial Payment,,ADJ-147,1,3.0,
IS-CLM-2025002499,2025-08-23,Bodily Injury,CA,E-Portal,518.84,4488.68,Moderate,46,No,No,115.3,15.3,130.6,Paid in Full,,ADJ-107,3,2.0,No
IS-CLM-2025002500,2025-11-09,Collision,MI,Fax/EDI,463.29,2459.1,Simple,73,Yes,No,5.4,7.9,13.3,Paid in Full,,ADJ-135,5,2.0,
IS-CLM-2025002501,2025-11-15,Property Damage,NC,Phone,386.74,1856.89,Simple,48,Yes,No,91.8,8.2,99.9,Paid in Full,,ADJ-127,1,5.0,
IS-CLM-2025002502,2025-10-07,Bodily Injury,NY,Fax/EDI,753.82,9045.5,Moderate,22,Yes,No,22.4,15.3,37.6,Denied,Fraud suspected,ADJ-142,6,3.0,
IS-CLM-2025002503,2025-08-16,Bodily Injury,MI,Phone,1287.11,8937.88,Complex,39,Yes,No,61.0,28.1,89.1,Paid in Full,,ADJ-146,18,,
IS-CLM-2025002504,2025-11-27,Liability,AZ,Phone,487.67,9567.56,Moderate,33,No,No,44.6,15.4,60.0,Partial Payment,,ADJ-149,5,,
IS-CLM-2025002505,2025-08-30,Comprehensive,WI,Phone,1232.9,7202.4,Complex,33,Yes,No,56.9,26.6,83.4,Paid in Full,,ADJ-133,14,4.0,Yes
IS-CLM-2025002506,2025-07-12,Bodily Injury,VA,E-Portal,725.43,54841.1,Complex,57,Yes,Yes,25.5,19.7,45.2,Paid in Full,,ADJ-141,15,4.0,
IS-CLM-2025002507,2025-09-22,Comprehensive,NJ,Phone,343.64,4559.1,Simple,65,No,No,98.3,8.1,106.4,Settled,,ADJ-129,3,,No
IS-CLM-2025002508,2025-07-07,Collision,WA,E-Portal,493.02,11603.76,Moderate,29,Yes,Yes,17.9,14.2,32.0,Settled,,ADJ-129,12,,
IS-CLM-2025002509,2025-10-03,Collision,CA,E-Portal,752.2,22133.76,Complex,5,Yes,Yes,34.4,26.3,60.8,Partial Payment,,ADJ-120,15,,
IS-CLM-2025002510,2025-08-05,Bodily Injury,MO,E-Portal,301.55,4312.56,Simple,99,No,No,3.0,7.1,10.1,Paid in Full,,ADJ-105,5,4.0,
IS-CLM-2025002511,2025-11-03,Bodily Injury,IN,Phone,426.52,3584.61,Simple,53,Yes,Yes,76.1,6.8,82.9,Partial Payment,,ADJ-130,5,,
IS-CLM-2025002512,2025-08-27,Comprehensive,OH,Phone,832.68,13339.96,Complex,10,Yes,Yes,8.0,43.1,51.1,Paid in Full,,ADJ-107,11,4.0,
IS-CLM-2025002513,2025-10-28,Property Damage,MO,Fax/EDI,389.86,2188.88,Simple,51,No,Yes,6.0,3.7,9.7,Settled,,ADJ-141,5,,
IS-CLM-2025002514,2025-06-03,Comprehensive,VA,Phone,482.63,687.17,Simple,43,Yes,No,312.3,4.9,317.2,Denied,Coverage exclusion,ADJ-111,4,1.0,
IS-CLM-2025002515,2025-09-26,Collision,TX,Phone,421.72,1251.24,Simple,67,No,Yes,17.8,4.2,22.1,Paid in Full,,ADJ-135,2,4.0,
IS-CLM-2025002516,2025-08-04,Bodily Injury,MI,E-Portal,372.58,2812.27,Simple,75,No,No,15.7,4.5,20.3,Paid in Full,,ADJ-135,5,3.0,
IS-CLM-2025002517,2025-11-18,Liability,TX,E-Portal,666.07,27939.65,Complex,17,Yes,No,204.6,33.4,238.0,Paid in Full,,ADJ-140,14,,
IS-CLM-2025002518,2025-08-07,Bodily Injury,NY,Fax/EDI,435.61,6896.78,Simple,86,No,No,51.4,3.5,54.9,Partial Payment,,ADJ-101,2,,
IS-CLM-2025002519,2025-09-23,Property Damage,MI,E-Portal,307.01,3027.84,Simple,77,Yes,No,116.8,4.9,121.7,Settled,,ADJ-144,3,,
IS-CLM-2025002520,2025-12-12,Liability,AZ,Fax/EDI,1092.17,15378.75,Complex,72,Yes,No,46.9,28.7,75.6,Paid in Full,,ADJ-102,10,3.0,
IS-CLM-2025002521,2025-06-25,Bodily Injury,MO,E-Portal,458.54,15859.24,Moderate,52,Yes,No,208.1,15.3,223.4,Settled,,ADJ-143,7,3.0,No
IS-CLM-2025002522,2025-10-24,Liability,TX,E-Portal,296.23,6133.19,Simple,35,No,Yes,28.0,5.6,33.7,Settled,,ADJ-108,5,4.0,
IS-CLM-2025002523,2025-09-15,Comprehensive,TX,E-Portal,206.52,2882.77,Simple,80,No,No,32.8,8.3,41.1,Paid in Full,,ADJ-108,1,4.0,
IS-CLM-2025002524,2025-08-15,Property Damage,NJ,Phone,418.67,2657.39,Simple,42,No,No,3.0,4.6,7.6,Paid in Full,,ADJ-103,4,4.0,No
IS-CLM-2025002525,2025-11-18,Bodily Injury,VA,Phone,623.66,10160.76,Moderate,50,Yes,Yes,28.5,14.9,43.4,Settled,,ADJ-124,5,3.0,
IS-CLM-2025002526,2025-06-10,Comprehensive,AZ,Fax/EDI,688.59,2979.94,Moderate,83,Yes,No,32.0,37.9,69.9,Paid in Full,,ADJ-139,9,,
IS-CLM-2025002527,2025-07-06,Comprehensive,VA,Fax/EDI,719.97,6138.26,Moderate,40,No,No,157.5,17.4,174.9,Paid in Full,,ADJ-112,4,,
IS-CLM-2025002528,2025-08-24,Comprehensive,GA,Fax/EDI,438.94,848.45,Simple,83,No,No,34.4,5.9,40.3,Paid in Full,,ADJ-129,1,3.0,
IS-CLM-2025002529,2025-08-18,Bodily Injury,MA,E-Portal,880.93,24111.56,Complex,30,Yes,Yes,8.0,35.0,43.0,Partial Payment,,ADJ-121,10,4.0,
IS-CLM-2025002530,2025-11-01,Liability,TN,E-Portal,338.1,7730.51,Moderate,27,Yes,No,59.5,15.7,75.2,Denied,Policy lapsed,ADJ-121,3,3.0,
IS-CLM-2025002531,2025-06-21,Collision,PA,Phone,426.45,1985.11,Simple,68,No,No,17.1,6.8,23.9,Partial Payment,,ADJ-111,5,3.0,
IS-CLM-2025002532,2025-12-07,Property Damage,GA,Phone,596.5,1138.9,Simple,58,No,No,3.0,7.2,10.2,Paid in Full,,ADJ-105,4,3.0,
IS-CLM-2025002533,2025-12-17,Property Damage,PA,Phone,461.74,1717.68,Simple,97,No,No,30.2,8.7,38.9,Paid in Full,,ADJ-150,3,3.0,
IS-CLM-2025002534,2025-10-18,Collision,GA,E-Portal,527.97,3888.96,Moderate,51,Yes,No,62.0,10.1,72.2,Paid in Full,,ADJ-121,11,4.0,
IS-CLM-2025002535,2025-07-17,Collision,WI,Phone,509.08,797.82,Simple,48,Yes,No,69.9,9.6,79.5,Denied,Policy lapsed,ADJ-121,1,1.0,
IS-CLM-2025002536,2025-10-07,Comprehensive,VA,Phone,817.57,21461.36,Moderate,65,Yes,Yes,14.8,16.7,31.5,Paid in Full,,ADJ-104,8,,
IS-CLM-2025002537,2025-10-14,Collision,TX,Fax/EDI,239.27,2048.41,Simple,67,No,No,71.9,3.7,75.5,Paid in Full,,ADJ-118,4,3.0,
IS-CLM-2025002538,2025-09-02,Liability,OH,E-Portal,525.26,3590.06,Moderate,38,Yes,No,5.6,6.4,11.9,Settled,,ADJ-134,7,2.0,
IS-CLM-2025002539,2025-12-20,Collision,MD,Phone,503.48,1932.18,Simple,49,No,No,17.6,14.7,32.3,Paid in Full,,ADJ-137,4,4.0,
IS-CLM-2025002540,2025-08-14,Comprehensive,WA,Fax/EDI,406.42,1940.47,Simple,76,No,No,20.1,14.5,34.5,Partial Payment,,ADJ-115,2,3.0,
IS-CLM-2025002541,2025-07-26,Comprehensive,TN,Phone,354.36,973.08,Simple,99,Yes,No,52.0,14.1,66.1,Partial Payment,,ADJ-134,5,,
IS-CLM-2025002542,2025-09-18,Collision,TX,Fax/EDI,442.08,1297.47,Simple,69,No,No,24.1,14.2,38.4,Partial Payment,,ADJ-136,1,3.0,
IS-CLM-2025002543,2025-07-15,Comprehensive,MA,E-Portal,236.31,2237.03,Simple,99,No,No,87.9,3.8,91.7,Paid in Full,,ADJ-136,4,4.0,
IS-CLM-2025002544,2025-11-23,Comprehensive,FL,Phone,462.07,1438.83,Simple,70,Yes,No,9.1,6.4,15.5,Settled,,ADJ-127,3,,
IS-CLM-2025002545,2025-07-25,Comprehensive,VA,Phone,769.45,7827.6,Moderate,33,Yes,No,55.6,10.3,65.9,Denied,Fraud suspected,ADJ-104,4,1.0,
IS-CLM-2025002546,2025-06-28,Property Damage,MI,Fax/EDI,477.36,2520.08,Simple,42,No,No,101.9,6.3,108.2,Partial Payment,,ADJ-125,4,3.0,
IS-CLM-2025002547,2025-10-01,Collision,MD,Phone,888.38,6086.63,Moderate,28,No,No,13.2,27.7,40.9,Paid in Full,,ADJ-126,12,,
IS-CLM-2025002548,2025-08-19,Comprehensive,GA,E-Portal,369.7,3920.98,Simple,60,No,No,35.4,4.1,39.5,Paid in Full,,ADJ-137,3,,
IS-CLM-2025002549,2025-11-09,Comprehensive,TN,Phone,424.79,1188.35,Simple,76,No,No,55.6,1.7,57.3,Paid in Full,,ADJ-138,1,,
IS-CLM-2025002550,2025-06-29,Collision,TX,Fax/EDI,530.59,3253.49,Moderate,28,Yes,No,6.8,29.6,36.5,Paid in Full,,ADJ-135,6,,
IS-CLM-2025002551,2025-11-23,Comprehensive,VA,E-Portal,389.71,1917.38,Simple,62,No,No,51.8,3.4,55.2,Paid in Full,,ADJ-127,5,3.0,
IS-CLM-2025002552,2025-08-13,Collision,IL,Fax/EDI,494.01,1289.88,Simple,41,No,No,19.7,4.9,24.7,Partial Payment,,ADJ-133,5,2.0,
IS-CLM-2025002553,2025-12-10,Collision,WA,E-Portal,246.57,2626.52,Simple,77,No,No,43.6,7.5,51.1,Settled,,ADJ-124,4,2.0,
IS-CLM-2025002554,2025-11-29,Comprehensive,WI,E-Portal,341.35,874.43,Simple,65,No,No,20.9,3.0,23.9,Paid in Full,,ADJ-138,1,3.0,
IS-CLM-2025002555,2025-06-19,Bodily Injury,MD,Fax/EDI,566.3,4871.24,Moderate,40,Yes,No,59.7,18.5,78.2,Partial Payment,,ADJ-143,4,,
IS-CLM-2025002556,2025-08-16,Liability,IN,Fax/EDI,552.69,2809.62,Simple,77,No,No,33.3,3.7,37.0,Paid in Full,,ADJ-106,4,4.0,
IS-CLM-2025002557,2025-08-24,Collision,WI,E-Portal,303.92,4216.09,Simple,42,No,No,40.7,2.2,42.9,Denied,Filing deadline missed,ADJ-118,2,1.0,
IS-CLM-2025002558,2025-12-12,Collision,IL,E-Portal,256.84,1243.46,Simple,56,No,No,63.6,6.0,69.6,Partial Payment,,ADJ-106,2,,
IS-CLM-2025002559,2025-11-11,Comprehensive,CA,Phone,474.71,3290.41,Simple,55,No,No,74.6,4.5,79.1,Denied,Pre-existing damage,ADJ-135,1,,
IS-CLM-2025002560,2025-10-26,Comprehensive,GA,E-Portal,298.41,1719.27,Simple,64,No,No,43.1,9.5,52.6,Paid in Full,,ADJ-106,3,,
IS-CLM-2025002561,2025-08-26,Comprehensive,WI,E-Portal,592.15,4036.38,Moderate,70,Yes,No,39.8,11.0,50.8,Partial Payment,,ADJ-147,12,,
IS-CLM-2025002562,2025-07-13,Property Damage,NY,Phone,429.19,2925.29,Simple,46,No,No,44.0,5.9,49.9,Paid in Full,,ADJ-110,5,,
IS-CLM-2025002563,2025-09-17,Property Damage,WI,Fax/EDI,721.23,14495.58,Moderate,96,No,No,126.1,17.1,143.1,Paid in Full,,ADJ-143,8,,
IS-CLM-2025002564,2025-10-16,Collision,CA,Phone,860.26,8088.02,Moderate,55,Yes,No,5.0,25.1,30.2,Denied,Pre-existing damage,ADJ-143,8,1.0,
IS-CLM-2025002565,2025-11-20,Comprehensive,AZ,E-Portal,272.28,1211.5,Simple,63,Yes,No,3.0,10.8,13.8,Denied,Pre-existing damage,ADJ-101,2,,
IS-CLM-2025002566,2025-10-15,Property Damage,PA,E-Portal,470.81,6131.65,Moderate,42,No,No,62.0,26.2,88.2,Partial Payment,,ADJ-142,8,4.0,
IS-CLM-2025002567,2025-08-02,Collision,TN,Fax/EDI,468.28,2568.85,Simple,28,No,No,8.2,5.4,13.5,Paid in Full,,ADJ-107,5,,
IS-CLM-2025002568,2025-06-11,Collision,NJ,Phone,1206.68,16871.4,Complex,13,Yes,Yes,113.0,44.2,157.2,Pending Review,,ADJ-146,12,,
IS-CLM-2025002569,2025-06-18,Comprehensive,VA,Phone,397.56,2391.49,Simple,85,No,No,27.3,10.8,38.0,Partial Payment,,ADJ-114,4,,
IS-CLM-2025002570,2025-07-06,Property Damage,MD,Fax/EDI,1152.47,19739.29,Complex,24,Yes,Yes,12.7,43.8,56.5,Settled,,ADJ-126,14,4.0,
IS-CLM-2025002571,2025-08-30,Comprehensive,GA,E-Portal,275.04,3785.82,Simple,6,Yes,No,111.3,5.1,116.4,Paid in Full,,ADJ-122,5,3.0,
IS-CLM-2025002572,2025-12-10,Liability,TN,Fax/EDI,685.56,6636.97,Moderate,59,No,Yes,14.1,9.6,23.7,Denied,Policy lapsed,ADJ-122,9,,
IS-CLM-2025002573,2025-08-01,Liability,WI,Fax/EDI,406.16,2441.38,Simple,53,No,No,29.1,5.2,34.3,Partial Payment,,ADJ-107,4,1.0,
IS-CLM-2025002574,2025-09-09,Collision,WA,E-Portal,345.16,1016.83,Simple,49,No,No,25.5,3.6,29.1,Denied,Exceeded policy limit,ADJ-130,1,,
IS-CLM-2025002575,2025-10-18,Collision,WA,E-Portal,326.87,2352.97,Simple,24,No,Yes,185.7,3.8,189.6,Partial Payment,,ADJ-116,3,4.0,
IS-CLM-2025002576,2025-06-22,Bodily Injury,AZ,Fax/EDI,1117.25,85000.0,Complex,17,Yes,No,15.7,48.3,64.0,Denied,Insufficient documentation,ADJ-103,6,,
IS-CLM-2025002577,2025-11-26,Property Damage,MD,E-Portal,556.13,10460.02,Complex,39,Yes,Yes,23.5,30.2,53.8,Partial Payment,,ADJ-122,13,,
IS-CLM-2025002578,2025-11-10,Collision,NJ,Phone,679.41,10609.92,Moderate,28,Yes,Yes,10.6,25.0,35.6,Partial Payment,,ADJ-108,3,3.0,
IS-CLM-2025002579,2025-10-22,Collision,MO,Fax/EDI,679.95,14505.61,Moderate,10,No,Yes,5.0,20.7,25.7,Partial Payment,,ADJ-127,6,1.0,
IS-CLM-2025002580,2025-10-09,Collision,NY,Fax/EDI,461.55,689.75,Simple,34,No,No,42.1,5.0,47.1,Paid in Full,,ADJ-108,5,,
IS-CLM-2025002581,2025-07-29,Collision,WI,E-Portal,234.15,2212.83,Simple,99,No,No,127.9,3.0,130.8,Paid in Full,,ADJ-103,4,4.0,
IS-CLM-2025002582,2025-08-06,Liability,WA,E-Portal,688.39,21273.48,Complex,42,Yes,Yes,26.4,35.4,61.8,Partial Payment,,ADJ-133,13,,
IS-CLM-2025002583,2025-08-11,Property Damage,WA,E-Portal,418.62,3104.42,Simple,98,No,No,73.4,9.7,83.0,Paid in Full,,ADJ-123,1,,
IS-CLM-2025002584,2025-07-31,Bodily Injury,VA,E-Portal,459.39,8871.11,Moderate,54,No,No,91.4,17.3,108.7,Paid in Full,,ADJ-132,4,4.0,
IS-CLM-2025002585,2025-07-21,Bodily Injury,CA,Phone,673.78,2262.7,Moderate,42,Yes,No,11.1,19.5,30.7,Paid in Full,,ADJ-136,4,,
IS-CLM-2025002586,2025-12-11,Bodily Injury,AZ,Phone,1203.68,20948.63,Complex,57,Yes,No,173.8,31.4,205.3,Partial Payment,,ADJ-103,8,3.0,
IS-CLM-2025002587,2025-07-24,Comprehensive,WI,Phone,984.95,12374.28,Complex,41,Yes,No,27.5,51.3,78.8,Pending Review,,ADJ-136,12,,Yes
IS-CLM-2025002588,2025-12-09,Property Damage,MI,Phone,389.95,2160.4,Simple,99,No,No,42.1,4.4,46.5,Settled,,ADJ-126,3,,
IS-CLM-2025002589,2025-09-24,Collision,CA,Phone,538.57,7787.99,Simple,91,Yes,No,3.0,3.5,6.5,Paid in Full,,ADJ-139,1,,
IS-CLM-2025002590,2025-06-29,Bodily Injury,MI,E-Portal,523.58,6898.73,Moderate,14,No,No,70.1,24.6,94.7,Settled,,ADJ-102,5,2.0,
IS-CLM-2025002591,2025-09-10,Collision,PA,Phone,376.31,1949.78,Simple,78,No,No,3.0,4.2,7.2,Paid in Full,,ADJ-117,1,,No
IS-CLM-2025002592,2025-07-14,Comprehensive,GA,Phone,691.46,9376.12,Moderate,44,Yes,No,78.6,22.4,101.0,Partial Payment,,ADJ-123,10,2.0,
IS-CLM-2025002593,2025-06-02,Collision,NC,Fax/EDI,317.92,1335.77,Simple,84,Yes,No,44.5,8.2,52.7,Paid in Full,,ADJ-145,5,,
IS-CLM-2025002594,2025-08-09,Liability,NY,Fax/EDI,698.61,4797.56,Moderate,21,Yes,No,17.6,21.7,39.3,Paid in Full,,ADJ-150,6,,
IS-CLM-2025002595,2025-11-12,Collision,FL,Phone,420.65,765.37,Simple,71,No,No,40.7,2.0,42.7,Paid in Full,,ADJ-141,2,3.0,
IS-CLM-2025002596,2025-08-10,Collision,MO,Fax/EDI,430.31,2225.91,Simple,20,Yes,No,13.1,11.2,24.3,Settled,,ADJ-110,4,,No
IS-CLM-2025002597,2025-10-26,Bodily Injury,TN,Phone,836.82,13207.84,Moderate,59,Yes,No,30.9,7.5,38.4,Paid in Full,,ADJ-120,5,3.0,
IS-CLM-2025002598,2025-06-04,Comprehensive,NC,E-Portal,307.37,2047.7,Simple,64,No,Yes,22.0,6.1,28.2,Paid in Full,,ADJ-107,1,3.0,
IS-CLM-2025002599,2025-11-07,Collision,TX,E-Portal,208.95,597.22,Simple,65,No,No,5.8,3.7,9.5,Settled,,ADJ-114,1,3.0,
IS-CLM-2025002600,2025-07-09,Liability,MO,E-Portal,561.83,6880.32,Moderate,26,No,No,36.6,9.4,46.0,Paid in Full,,ADJ-110,3,4.0,
IS-CLM-2025002601,2025-08-25,Comprehensive,GA,Fax/EDI,381.76,2881.88,Simple,72,No,No,130.3,3.5,133.8,Denied,Coverage exclusion,ADJ-137,3,2.0,
IS-CLM-2025002602,2025-10-18,Collision,WI,Fax/EDI,1113.09,10324.18,Complex,5,Yes,Yes,129.0,28.3,157.3,Paid in Full,,ADJ-107,12,3.0,Yes
IS-CLM-2025002603,2025-08-25,Comprehensive,WI,Fax/EDI,942.07,11296.93,Complex,52,Yes,No,66.2,31.7,97.9,Denied,Fraud suspected,ADJ-113,17,,
IS-CLM-2025002604,2025-11-15,Bodily Injury,MD,E-Portal,500.77,3205.7,Moderate,92,Yes,No,47.4,28.1,75.5,Settled,,ADJ-125,12,4.0,
IS-CLM-2025002605,2025-10-09,Collision,MA,Fax/EDI,377.28,422.32,Simple,82,No,No,3.0,4.2,7.2,Paid in Full,,ADJ-112,1,3.0,
IS-CLM-2025002606,2025-12-28,Comprehensive,NC,E-Portal,221.92,1920.22,Simple,60,No,No,38.3,2.9,41.1,Paid in Full,,ADJ-108,4,3.0,
IS-CLM-2025002607,2025-07-13,Collision,MO,Phone,375.77,1103.85,Simple,73,No,Yes,14.1,6.0,20.2,Paid in Full,,ADJ-117,3,2.0,
IS-CLM-2025002608,2025-06-14,Comprehensive,PA,Fax/EDI,513.64,1250.32,Simple,32,No,No,209.4,3.4,212.7,Settled,,ADJ-109,2,3.0,
IS-CLM-2025002609,2025-06-24,Comprehensive,AZ,E-Portal,298.68,900.56,Simple,61,No,Yes,5.6,3.5,9.1,Paid in Full,,ADJ-106,2,,
IS-CLM-2025002610,2025-11-18,Comprehensive,CA,Phone,418.78,1078.15,Simple,60,No,No,92.6,7.5,100.0,Paid in Full,,ADJ-131,2,4.0,
IS-CLM-2025002611,2025-06-06,Comprehensive,OH,E-Portal,545.86,5211.72,Moderate,60,Yes,No,11.9,8.5,20.5,Denied,Filing deadline missed,ADJ-107,6,,
IS-CLM-2025002612,2025-09-29,Collision,TN,Phone,394.7,2181.9,Simple,31,No,No,18.3,4.7,23.1,Paid in Full,,ADJ-144,2,4.0,
IS-CLM-2025002613,2025-08-28,Property Damage,MI,E-Portal,559.29,7697.7,Moderate,26,Yes,No,70.6,6.8,77.4,Paid in Full,,ADJ-109,4,4.0,
IS-CLM-2025002614,2025-11-18,Comprehensive,NY,E-Portal,326.94,3141.48,Simple,39,No,No,75.1,3.4,78.5,Denied,Pre-existing damage,ADJ-106,2,,
IS-CLM-2025002615,2025-10-17,Comprehensive,AZ,E-Portal,615.08,14630.77,Moderate,72,Yes,No,30.7,10.6,41.4,Denied,Pre-existing damage,ADJ-127,7,1.0,
IS-CLM-2025002616,2025-09-18,Bodily Injury,IN,Fax/EDI,900.73,29104.65,Complex,24,Yes,No,309.4,51.9,361.3,Paid in Full,,ADJ-101,13,4.0,
IS-CLM-2025002617,2025-08-19,Comprehensive,MD,E-Portal,565.95,6646.22,Moderate,40,Yes,No,48.8,13.4,62.2,Partial Payment,,ADJ-143,11,,
IS-CLM-2025002618,2025-10-23,Bodily Injury,NY,E-Portal,467.96,10259.57,Moderate,60,Yes,Yes,56.5,13.9,70.3,Paid in Full,,ADJ-137,5,4.0,
IS-CLM-2025002619,2025-08-16,Collision,TX,E-Portal,762.75,11470.51,Complex,71,Yes,No,15.9,26.4,42.4,Paid in Full,,ADJ-150,8,4.0,
IS-CLM-2025002620,2025-12-04,Collision,PA,E-Portal,850.98,36232.89,Complex,5,Yes,Yes,8.0,59.0,67.0,Partial Payment,,ADJ-118,13,3.0,
IS-CLM-2025002621,2025-09-20,Collision,NC,E-Portal,306.42,1023.04,Simple,80,No,Yes,166.6,6.5,173.1,Partial Payment,,ADJ-137,5,2.0,
IS-CLM-2025002622,2025-08-10,Collision,TN,Phone,404.66,898.25,Simple,57,No,Yes,3.8,7.6,11.4,Paid in Full,,ADJ-111,2,,
IS-CLM-2025002623,2025-10-04,Bodily Injury,PA,Fax/EDI,353.35,3395.25,Simple,26,No,No,15.1,7.8,22.9,Paid in Full,,ADJ-114,2,4.0,
IS-CLM-2025002624,2025-06-06,Collision,CA,E-Portal,462.52,5852.31,Moderate,10,Yes,No,19.4,11.8,31.2,Partial Payment,,ADJ-148,9,2.0,
IS-CLM-2025002625,2025-10-30,Property Damage,NY,E-Portal,274.96,7166.08,Simple,47,Yes,No,37.1,8.8,45.9,Paid in Full,,ADJ-150,5,,
IS-CLM-2025002626,2025-07-02,Bodily Injury,NC,E-Portal,474.02,17468.64,Moderate,75,Yes,No,6.0,15.5,21.5,Partial Payment,,ADJ-106,9,4.0,
IS-CLM-2025002627,2025-12-07,Property Damage,PA,Fax/EDI,731.62,3191.68,Moderate,47,Yes,No,26.6,43.2,69.8,Paid in Full,,ADJ-130,12,,
IS-CLM-2025002628,2025-12-15,Collision,WI,Phone,545.69,1738.7,Simple,62,No,No,3.8,5.7,9.5,Paid in Full,,ADJ-135,3,3.0,
IS-CLM-2025002629,2025-06-22,Comprehensive,MO,E-Portal,225.44,1446.35,Simple,65,No,Yes,55.0,3.0,58.0,Partial Payment,,ADJ-102,5,,
IS-CLM-2025002630,2025-10-29,Property Damage,IN,Phone,419.4,7056.19,Simple,50,No,No,3.0,5.9,8.9,Settled,,ADJ-147,2,,
IS-CLM-2025002631,2025-06-22,Collision,NY,E-Portal,461.23,3577.14,Moderate,94,Yes,No,33.2,8.3,41.4,Settled,,ADJ-139,11,,
IS-CLM-2025002632,2025-11-25,Collision,NC,Phone,407.49,4339.86,Simple,75,Yes,No,7.0,2.7,9.7,Paid in Full,,ADJ-110,1,5.0,
IS-CLM-2025002633,2025-08-06,Collision,CA,Fax/EDI,402.9,2124.14,Simple,41,No,No,7.8,1.7,9.6,Settled,,ADJ-127,4,3.0,
IS-CLM-2025002634,2025-08-22,Comprehensive,AZ,E-Portal,215.35,1799.63,Simple,68,No,No,46.5,2.0,48.4,Denied,Fraud suspected,ADJ-118,4,1.0,
IS-CLM-2025002635,2025-07-08,Collision,TX,Phone,464.5,2688.35,Simple,51,Yes,No,16.6,3.7,20.3,Settled,,ADJ-109,5,,
IS-CLM-2025002636,2025-11-24,Property Damage,IN,E-Portal,394.39,4219.55,Simple,77,Yes,No,28.9,1.6,30.5,Paid in Full,,ADJ-150,3,,
IS-CLM-2025002637,2025-07-09,Liability,AZ,E-Portal,311.87,2583.47,Simple,63,No,Yes,37.1,6.8,43.9,Denied,Exceeded policy limit,ADJ-121,2,2.0,
IS-CLM-2025002638,2025-12-20,Bodily Injury,MI,E-Portal,355.45,1404.19,Simple,63,No,No,38.7,21.5,60.2,Paid in Full,,ADJ-115,3,,
IS-CLM-2025002639,2025-06-05,Collision,CA,Phone,624.71,2632.51,Simple,99,Yes,No,5.2,2.8,8.0,Paid in Full,,ADJ-150,5,,
IS-CLM-2025002640,2025-10-20,Property Damage,VA,Phone,419.25,3093.92,Simple,59,No,No,39.7,4.1,43.8,Paid in Full,,ADJ-141,2,,
IS-CLM-2025002641,2025-08-23,Collision,MI,E-Portal,582.76,7704.04,Moderate,87,Yes,No,34.5,11.7,46.2,Denied,Exceeded policy limit,ADJ-108,3,4.0,
IS-CLM-2025002642,2025-11-02,Bodily Injury,IL,E-Portal,565.26,19032.87,Complex,27,Yes,Yes,8.0,48.2,56.2,Settled,,ADJ-104,6,4.0,
IS-CLM-2025002643,2025-08-02,Bodily Injury,IN,E-Portal,278.76,5786.16,Simple,49,Yes,No,3.0,10.5,13.5,Paid in Full,,ADJ-112,2,,
IS-CLM-2025002644,2025-07-03,Property Damage,WI,E-Portal,707.0,12745.15,Complex,33,Yes,No,37.8,28.6,66.4,Settled,,ADJ-109,5,,
IS-CLM-2025002645,2025-08-07,Comprehensive,MO,Phone,708.66,12921.81,Moderate,50,Yes,No,66.7,11.1,77.8,Settled,,ADJ-121,6,,No
IS-CLM-2025002646,2025-12-15,Collision,NC,Phone,439.56,1084.55,Simple,67,No,No,58.2,5.2,63.3,Paid in Full,,ADJ-112,2,,
IS-CLM-2025002647,2025-09-16,Property Damage,GA,E-Portal,434.3,13143.71,Moderate,68,Yes,Yes,41.6,13.1,54.7,Denied,Coverage exclusion,ADJ-107,12,2.0,
IS-CLM-2025002648,2025-07-31,Bodily Injury,CA,Phone,1194.15,15869.34,Complex,18,Yes,Yes,9.1,56.9,66.0,Paid in Full,,ADJ-114,16,4.0,
IS-CLM-2025002649,2025-07-09,Property Damage,NC,Fax/EDI,298.37,1620.62,Simple,47,No,No,10.3,6.4,16.7,Denied,Exceeded policy limit,ADJ-135,2,5.0,
IS-CLM-2025002650,2025-08-21,Collision,NY,Fax/EDI,250.8,2016.86,Simple,83,Yes,No,22.6,11.8,34.4,Paid in Full,,ADJ-112,4,4.0,No
IS-CLM-2025002651,2025-06-01,Comprehensive,IN,Fax/EDI,353.7,1336.1,Simple,56,No,No,19.9,5.1,25.0,Paid in Full,,ADJ-145,4,,
IS-CLM-2025002652,2025-07-04,Collision,NC,Phone,846.86,15199.56,Complex,35,No,No,105.1,30.1,135.2,Settled,,ADJ-127,18,3.0,
IS-CLM-2025002653,2025-10-09,Bodily Injury,NC,E-Portal,754.16,41353.13,Complex,15,Yes,Yes,250.6,30.2,280.7,Paid in Full,,ADJ-111,14,4.0,
IS-CLM-2025002654,2025-07-24,Property Damage,MI,Phone,570.76,1575.74,Simple,88,No,No,63.6,3.8,67.4,Paid in Full,,ADJ-133,3,4.0,
IS-CLM-2025002655,2025-10-02,Comprehensive,NJ,E-Portal,454.18,5258.2,Moderate,54,Yes,No,45.5,15.6,61.2,Denied,Filing deadline missed,ADJ-114,7,2.0,
IS-CLM-2025002656,2025-12-03,Liability,TN,E-Portal,384.86,1521.4,Simple,25,No,No,250.4,6.5,256.9,Paid in Full,,ADJ-110,1,4.0,
IS-CLM-2025002657,2025-11-11,Collision,TN,Phone,573.79,859.37,Simple,60,No,Yes,10.3,5.6,15.9,Paid in Full,,ADJ-117,5,,
IS-CLM-2025002658,2025-06-05,Collision,AZ,E-Portal,268.83,1912.42,Simple,66,No,No,103.2,4.3,107.5,Paid in Full,,ADJ-150,1,4.0,
IS-CLM-2025002659,2025-11-29,Collision,WA,Fax/EDI,395.24,2381.78,Simple,78,No,No,79.0,8.6,87.7,Partial Payment,,ADJ-130,2,1.0,
IS-CLM-2025002660,2025-11-19,Collision,TN,Phone,834.66,6723.62,Moderate,48,Yes,Yes,24.3,27.3,51.6,Denied,Pre-existing damage,ADJ-133,5,,
IS-CLM-2025002661,2025-10-14,Bodily Injury,IN,E-Portal,170.14,7124.05,Simple,41,No,No,18.7,7.1,25.8,Settled,,ADJ-126,3,,
IS-CLM-2025002662,2025-06-05,Comprehensive,MI,Phone,664.43,9965.86,Moderate,53,No,No,5.0,19.5,24.5,Denied,Policy lapsed,ADJ-106,5,,
IS-CLM-2025002663,2025-09-03,Collision,NJ,Phone,286.47,2212.37,Simple,45,No,No,102.9,6.8,109.6,Paid in Full,,ADJ-147,2,2.0,
IS-CLM-2025002664,2025-06-08,Bodily Injury,NY,Phone,1045.9,23561.99,Complex,16,Yes,Yes,12.7,69.6,82.3,Denied,Fraud suspected,ADJ-128,5,,
IS-CLM-2025002665,2025-08-01,Bodily Injury,MA,E-Portal,590.96,10447.86,Moderate,36,Yes,Yes,96.6,19.5,116.1,Denied,Exceeded policy limit,ADJ-104,3,3.0,No
IS-CLM-2025002666,2025-06-16,Comprehensive,OH,E-Portal,349.1,6442.39,Moderate,59,Yes,No,23.2,6.8,29.9,Denied,Fraud suspected,ADJ-104,4,1.0,
IS-CLM-2025002667,2025-08-10,Bodily Injury,TX,Phone,647.72,4292.67,Moderate,40,Yes,No,21.3,13.4,34.7,Partial Payment,,ADJ-108,6,2.0,
IS-CLM-2025002668,2025-11-24,Liability,MA,Fax/EDI,1043.09,30328.42,Complex,44,Yes,Yes,63.9,48.4,112.2,Denied,Insufficient documentation,ADJ-136,11,2.0,
IS-CLM-2025002669,2025-12-09,Comprehensive,NY,Phone,506.04,419.02,Simple,79,No,No,77.2,6.6,83.8,Denied,Policy lapsed,ADJ-149,3,,
IS-CLM-2025002670,2025-11-05,Collision,TX,Fax/EDI,434.44,1649.02,Simple,99,No,Yes,42.9,4.9,47.8,Paid in Full,,ADJ-141,4,,
IS-CLM-2025002671,2025-08-24,Bodily Injury,MI,Phone,813.25,4947.43,Moderate,5,No,No,19.9,28.2,48.1,Partial Payment,,ADJ-129,8,3.0,
IS-CLM-2025002672,2025-10-14,Property Damage,IL,Phone,428.1,2559.28,Simple,62,Yes,No,18.7,4.6,23.3,Paid in Full,,ADJ-136,5,,
IS-CLM-2025002673,2025-09-22,Collision,IN,E-Portal,248.69,3403.88,Simple,99,No,No,39.1,10.0,49.1,Denied,Fraud suspected,ADJ-146,2,3.0,
IS-CLM-2025002674,2025-09-15,Property Damage,NY,Phone,368.8,2140.7,Simple,75,No,No,27.8,12.9,40.7,Paid in Full,,ADJ-150,5,4.0,
IS-CLM-2025002675,2025-07-10,Collision,PA,E-Portal,444.43,6876.66,Moderate,96,No,No,46.6,6.0,52.6,Paid in Full,,ADJ-138,9,4.0,
IS-CLM-2025002676,2025-10-04,Liability,NY,Phone,721.57,14811.71,Moderate,32,Yes,Yes,121.4,17.3,138.8,Paid in Full,,ADJ-103,10,,
IS-CLM-2025002677,2025-10-22,Collision,NY,E-Portal,567.57,11202.16,Moderate,40,Yes,Yes,45.3,20.7,66.0,Partial Payment,,ADJ-136,3,,
IS-CLM-2025002678,2025-12-01,Liability,MO,E-Portal,647.86,17311.27,Complex,48,Yes,No,8.0,42.0,50.0,Paid in Full,,ADJ-101,7,,
IS-CLM-2025002679,2025-11-19,Collision,NJ,Phone,532.63,1731.62,Simple,58,No,No,11.2,5.3,16.5,Partial Payment,,ADJ-126,2,4.0,
IS-CLM-2025002680,2025-07-02,Bodily Injury,AZ,E-Portal,593.47,16580.64,Complex,18,Yes,No,52.4,31.6,84.0,Denied,Insufficient documentation,ADJ-136,10,,
IS-CLM-2025002681,2025-08-06,Comprehensive,AZ,E-Portal,947.26,43846.05,Complex,13,Yes,No,14.8,56.1,70.9,Paid in Full,,ADJ-123,6,5.0,
IS-CLM-2025002682,2025-11-24,Collision,NY,Fax/EDI,355.55,2948.32,Simple,45,No,No,86.5,9.6,96.1,Partial Payment,,ADJ-124,2,3.0,
IS-CLM-2025002683,2025-06-15,Bodily Injury,NY,E-Portal,527.55,3207.88,Moderate,86,No,No,51.6,7.4,59.0,Partial Payment,,ADJ-125,4,4.0,
IS-CLM-2025002684,2025-06-03,Comprehensive,OH,Fax/EDI,676.02,8098.5,Moderate,41,Yes,No,23.0,15.9,38.9,Paid in Full,,ADJ-142,11,,
IS-CLM-2025002685,2025-12-18,Bodily Injury,IL,E-Portal,239.5,6070.37,Simple,70,No,No,8.4,5.8,14.2,Partial Payment,,ADJ-108,5,3.0,
IS-CLM-2025002686,2025-07-27,Collision,WI,Phone,437.41,4122.24,Simple,14,No,Yes,18.1,5.7,23.8,Denied,Policy lapsed,ADJ-120,1,,
IS-CLM-2025002687,2025-11-01,Property Damage,FL,Phone,392.26,3461.45,Simple,58,No,No,24.7,7.9,32.6,Denied,Policy lapsed,ADJ-107,3,,
IS-CLM-2025002688,2025-09-05,Comprehensive,MA,E-Portal,278.15,488.89,Simple,20,No,No,78.9,4.7,83.6,Settled,,ADJ-125,3,4.0,
IS-CLM-2025002689,2025-12-21,Collision,GA,E-Portal,717.22,5899.27,Complex,55,Yes,No,122.8,32.1,154.9,Settled,,ADJ-122,8,4.0,
IS-CLM-2025002690,2025-06-24,Comprehensive,FL,Phone,661.49,7336.47,Moderate,13,No,No,23.7,9.0,32.7,Paid in Full,,ADJ-118,10,4.0,
IS-CLM-2025002691,2025-12-14,Collision,PA,E-Portal,460.25,4999.5,Moderate,61,No,No,5.0,18.9,23.9,Paid in Full,,ADJ-128,4,4.0,
IS-CLM-2025002692,2025-08-03,Liability,MO,E-Portal,322.89,3945.85,Simple,85,No,Yes,73.5,3.9,77.4,Partial Payment,,ADJ-135,1,,
IS-CLM-2025002693,2025-10-05,Property Damage,VA,Phone,955.07,3498.06,Moderate,40,Yes,No,215.1,49.1,264.3,Settled,,ADJ-149,12,4.0,
IS-CLM-2025002694,2025-06-26,Comprehensive,VA,E-Portal,279.28,1805.08,Simple,73,Yes,No,3.9,4.5,8.4,Paid in Full,,ADJ-141,1,,No
IS-CLM-2025002695,2025-12-25,Liability,WA,Fax/EDI,751.02,2979.07,Moderate,30,Yes,Yes,84.8,15.9,100.7,Paid in Full,,ADJ-119,9,,
IS-CLM-2025002696,2025-09-03,Bodily Injury,NC,E-Portal,506.29,22583.85,Moderate,35,Yes,No,7.7,7.7,15.3,Paid in Full,,ADJ-129,4,3.0,
IS-CLM-2025002697,2025-07-23,Collision,TX,Fax/EDI,414.24,2318.23,Simple,42,No,No,46.4,3.7,50.0,Partial Payment,,ADJ-149,4,3.0,
IS-CLM-2025002698,2025-11-12,Comprehensive,GA,Phone,698.54,4235.91,Moderate,39,No,No,19.2,19.8,39.0,Denied,Exceeded policy limit,ADJ-121,7,,No
IS-CLM-2025002699,2025-10-14,Bodily Injury,CA,Fax/EDI,394.82,2359.31,Simple,24,No,No,49.0,7.1,56.2,Paid in Full,,ADJ-105,3,3.0,
IS-CLM-2025002700,2025-08-23,Liability,MD,Fax/EDI,909.2,8927.07,Complex,26,Yes,No,25.6,26.3,51.8,Paid in Full,,ADJ-112,10,4.0,
IS-CLM-2025002701,2025-12-10,Collision,AZ,Phone,393.54,1623.6,Simple,76,No,No,58.1,1.9,60.0,Paid in Full,,ADJ-136,5,,
IS-CLM-2025002702,2025-06-12,Property Damage,MD,E-Portal,305.29,3176.27,Simple,39,No,No,30.6,5.6,36.2,Paid in Full,,ADJ-142,4,,
IS-CLM-2025002703,2025-07-07,Comprehensive,MA,E-Portal,265.7,2376.53,Simple,48,No,No,92.6,5.4,97.9,Partial Payment,,ADJ-122,2,,
IS-CLM-2025002704,2025-09-11,Comprehensive,MA,E-Portal,287.61,2852.39,Simple,80,Yes,No,85.3,3.0,88.3,Paid in Full,,ADJ-114,5,3.0,No
IS-CLM-2025002705,2025-10-08,Comprehensive,MA,Fax/EDI,403.4,3184.85,Simple,64,No,No,35.3,7.0,42.3,Paid in Full,,ADJ-102,3,3.0,
IS-CLM-2025002706,2025-10-12,Bodily Injury,AZ,Phone,934.9,14198.03,Complex,35,Yes,No,118.9,20.1,139.0,Partial Payment,,ADJ-124,17,4.0,
IS-CLM-2025002707,2025-06-02,Collision,MI,Phone,638.44,17856.06,Moderate,80,Yes,Yes,5.0,10.3,15.3,Paid in Full,,ADJ-139,5,4.0,
IS-CLM-2025002708,2025-10-26,Collision,TN,E-Portal,192.21,2868.07,Simple,79,No,No,80.7,2.6,83.3,Paid in Full,,ADJ-128,3,,No
IS-CLM-2025002709,2025-08-20,Comprehensive,OH,Phone,352.89,4208.92,Simple,63,No,No,31.9,4.7,36.7,Paid in Full,,ADJ-104,4,5.0,
IS-CLM-2025002710,2025-09-27,Property Damage,MA,E-Portal,529.46,14248.61,Complex,50,Yes,Yes,20.1,54.2,74.3,Denied,Pre-existing damage,ADJ-105,14,,
IS-CLM-2025002711,2025-06-08,Bodily Injury,GA,E-Portal,562.62,11081.21,Moderate,24,Yes,Yes,24.5,11.6,36.1,Settled,,ADJ-112,10,2.0,
IS-CLM-2025002712,2025-09-12,Property Damage,PA,E-Portal,639.35,15564.07,Complex,58,Yes,Yes,81.6,58.7,140.3,Settled,,ADJ-112,7,,
IS-CLM-2025002713,2025-07-08,Collision,MA,Phone,420.4,2003.55,Simple,63,Yes,No,35.5,8.9,44.4,Paid in Full,,ADJ-124,4,3.0,
IS-CLM-2025002714,2025-07-01,Property Damage,MA,Fax/EDI,388.24,2254.17,Simple,47,Yes,No,20.5,3.6,24.2,Partial Payment,,ADJ-140,5,2.0,
IS-CLM-2025002715,2025-08-13,Collision,NC,Fax/EDI,699.17,7816.81,Moderate,46,Yes,Yes,37.6,25.0,62.6,Paid in Full,,ADJ-112,4,,
IS-CLM-2025002716,2025-10-27,Bodily Injury,CA,Phone,907.94,15619.91,Complex,45,Yes,Yes,8.0,27.0,35.0,Partial Payment,,ADJ-102,7,,
IS-CLM-2025002717,2025-10-24,Comprehensive,MO,E-Portal,301.2,1156.06,Simple,99,No,Yes,162.1,5.0,167.1,Paid in Full,,ADJ-105,1,2.0,
IS-CLM-2025002718,2025-06-07,Liability,FL,E-Portal,496.27,7076.24,Moderate,40,No,No,45.3,6.4,51.7,Settled,,ADJ-114,4,3.0,
IS-CLM-2025002719,2025-07-20,Collision,MD,E-Portal,508.18,6065.02,Moderate,85,Yes,No,114.0,44.1,158.1,Paid in Full,,ADJ-101,3,4.0,
IS-CLM-2025002720,2025-07-21,Collision,OH,E-Portal,623.22,11144.05,Complex,33,Yes,Yes,61.0,20.2,81.2,Partial Payment,,ADJ-118,11,1.0,
IS-CLM-2025002721,2025-06-29,Comprehensive,MD,Phone,721.89,8748.51,Moderate,44,Yes,No,49.1,14.3,63.4,Paid in Full,,ADJ-116,11,4.0,
IS-CLM-2025002722,2025-07-27,Bodily Injury,WI,E-Portal,590.97,12025.31,Complex,48,Yes,Yes,80.6,31.8,112.3,Paid in Full,,ADJ-123,14,,
IS-CLM-2025002723,2025-12-27,Collision,MO,E-Portal,375.62,991.97,Simple,89,No,Yes,6.8,9.7,16.5,Denied,Fraud suspected,ADJ-130,2,,
IS-CLM-2025002724,2025-10-05,Bodily Injury,IL,E-Portal,625.09,26476.97,Complex,15,Yes,Yes,55.5,27.6,83.1,Paid in Full,,ADJ-108,18,4.0,
IS-CLM-2025002725,2025-08-29,Property Damage,TX,Fax/EDI,657.44,11835.83,Moderate,56,No,Yes,21.2,39.9,61.1,Paid in Full,,ADJ-128,9,2.0,
IS-CLM-2025002726,2025-11-13,Comprehensive,VA,Phone,428.87,1237.86,Simple,72,No,No,27.5,5.2,32.7,Paid in Full,,ADJ-142,3,5.0,
IS-CLM-2025002727,2025-07-23,Comprehensive,WI,Fax/EDI,1082.94,27674.41,Complex,29,Yes,Yes,98.1,52.8,150.9,Denied,Filing deadline missed,ADJ-147,5,3.0,
IS-CLM-2025002728,2025-10-18,Bodily Injury,TN,Phone,1168.48,19545.55,Complex,40,Yes,No,16.6,44.2,60.8,Denied,Filing deadline missed,ADJ-102,7,2.0,
IS-CLM-2025002729,2025-06-03,Liability,NY,Fax/EDI,574.91,3409.95,Moderate,26,No,No,88.2,47.1,135.3,Denied,Coverage exclusion,ADJ-111,5,,
IS-CLM-2025002730,2025-09-04,Comprehensive,NJ,Phone,320.6,1083.84,Simple,58,No,No,14.2,8.1,22.3,Paid in Full,,ADJ-117,5,4.0,
IS-CLM-2025002731,2025-06-09,Collision,WI,Fax/EDI,348.23,751.29,Simple,70,No,Yes,161.2,11.4,172.6,Denied,Policy lapsed,ADJ-112,1,,
IS-CLM-2025002732,2025-08-02,Bodily Injury,MI,Fax/EDI,334.93,3322.53,Simple,63,No,No,64.7,5.1,69.9,Paid in Full,,ADJ-122,3,,
IS-CLM-2025002733,2025-06-16,Collision,NY,E-Portal,301.15,1078.16,Simple,68,No,No,40.8,14.0,54.8,Settled,,ADJ-119,3,,
IS-CLM-2025002734,2025-11-22,Bodily Injury,TX,E-Portal,420.29,7925.74,Moderate,49,Yes,No,8.4,12.3,20.7,Paid in Full,,ADJ-136,7,,Yes
IS-CLM-2025002735,2025-07-24,Comprehensive,WA,Fax/EDI,381.86,2774.71,Simple,87,No,Yes,79.5,4.4,84.0,Paid in Full,,ADJ-116,4,,
IS-CLM-2025002736,2025-10-30,Collision,TN,E-Portal,393.05,2331.19,Simple,55,No,No,43.1,5.3,48.4,Paid in Full,,ADJ-135,2,5.0,
IS-CLM-2025002737,2025-12-19,Bodily Injury,NC,Phone,645.55,4807.39,Moderate,5,Yes,Yes,42.7,23.5,66.3,Partial Payment,,ADJ-150,8,,
IS-CLM-2025002738,2025-09-09,Property Damage,VA,E-Portal,580.1,2567.63,Moderate,71,Yes,No,18.1,12.5,30.6,Settled,,ADJ-104,4,3.0,
IS-CLM-2025002739,2025-10-06,Property Damage,AZ,Phone,421.52,3567.32,Simple,47,No,No,40.0,9.5,49.5,Paid in Full,,ADJ-111,1,,
IS-CLM-2025002740,2025-09-07,Comprehensive,IL,E-Portal,335.4,1527.39,Simple,64,No,No,20.7,3.0,23.7,Paid in Full,,ADJ-137,2,,
IS-CLM-2025002741,2025-08-27,Comprehensive,WA,E-Portal,438.21,17241.27,Moderate,72,Yes,No,56.2,17.6,73.8,Settled,,ADJ-105,6,2.0,
IS-CLM-2025002742,2025-09-04,Property Damage,GA,E-Portal,301.23,3152.09,Simple,60,Yes,No,63.6,6.9,70.4,Settled,,ADJ-118,4,4.0,
IS-CLM-2025002743,2025-11-18,Collision,IN,E-Portal,364.35,1315.83,Simple,65,No,No,31.5,4.2,35.7,Partial Payment,,ADJ-110,1,,
IS-CLM-2025002744,2025-09-17,Bodily Injury,NY,Phone,486.46,2784.71,Simple,69,No,No,30.0,6.8,36.8,Partial Payment,,ADJ-137,5,3.0,
IS-CLM-2025002745,2025-12-07,Bodily Injury,MO,Phone,779.5,19751.26,Moderate,56,Yes,Yes,53.3,14.0,67.3,Partial Payment,,ADJ-111,4,2.0,
IS-CLM-2025002746,2025-11-24,Property Damage,GA,Phone,1459.41,36634.85,Complex,30,Yes,Yes,426.6,45.6,472.2,Paid in Full,,ADJ-118,8,,
IS-CLM-2025002747,2025-07-06,Property Damage,NY,Phone,1141.86,8940.74,Complex,9,Yes,No,51.1,34.5,85.6,Denied,Pre-existing damage,ADJ-104,13,,
IS-CLM-2025002748,2025-10-03,Collision,WI,Fax/EDI,689.55,6311.89,Moderate,32,Yes,No,285.4,9.5,294.9,Paid in Full,,ADJ-124,7,,
IS-CLM-2025002749,2025-07-10,Bodily Injury,FL,Phone,624.03,1915.76,Simple,56,No,No,28.6,9.0,37.5,Partial Payment,,ADJ-141,3,,
IS-CLM-2025002750,2025-10-17,Bodily Injury,NY,Fax/EDI,815.92,39557.87,Complex,20,Yes,Yes,119.2,80.4,199.6,Partial Payment,,ADJ-120,17,4.0,
IS-CLM-2025002751,2025-10-05,Liability,TX,E-Portal,274.14,7938.33,Simple,81,No,Yes,45.9,6.0,51.9,Partial Payment,,ADJ-114,2,,
IS-CLM-2025002752,2025-10-29,Bodily Injury,WI,Fax/EDI,247.42,3573.71,Simple,75,No,No,16.9,6.3,23.2,Denied,Pre-existing damage,ADJ-104,2,1.0,
IS-CLM-2025002753,2025-12-01,Bodily Injury,MO,Fax/EDI,371.52,3961.35,Simple,65,No,No,16.3,10.2,26.4,Partial Payment,,ADJ-122,5,,
IS-CLM-2025002754,2025-08-31,Comprehensive,IN,Fax/EDI,407.73,2270.14,Simple,99,No,No,96.1,6.1,102.2,Paid in Full,,ADJ-121,4,,
IS-CLM-2025002755,2025-10-01,Bodily Injury,PA,Fax/EDI,950.02,27508.23,Complex,28,Yes,Yes,21.2,61.5,82.7,Settled,,ADJ-118,11,3.0,Yes
IS-CLM-2025002756,2025-11-16,Collision,WI,Fax/EDI,389.5,789.81,Simple,74,No,No,18.3,8.0,26.3,Partial Payment,,ADJ-141,3,,
IS-CLM-2025002757,2025-06-21,Collision,WI,E-Portal,282.35,2415.37,Simple,39,No,No,11.6,8.0,19.6,Paid in Full,,ADJ-101,1,4.0,
IS-CLM-2025002758,2025-08-30,Collision,AZ,Phone,492.99,504.35,Simple,61,No,Yes,12.8,2.4,15.2,Paid in Full,,ADJ-127,2,3.0,
IS-CLM-2025002759,2025-08-04,Collision,IL,E-Portal,569.69,9617.26,Moderate,56,Yes,No,17.1,3.2,20.3,Paid in Full,,ADJ-111,6,,
IS-CLM-2025002760,2025-06-23,Comprehensive,NJ,Phone,428.45,1579.22,Simple,36,Yes,No,5.3,2.4,7.7,Paid in Full,,ADJ-101,5,,
IS-CLM-2025002761,2025-09-15,Collision,AZ,E-Portal,277.96,2038.18,Simple,30,No,No,5.7,3.0,8.6,Paid in Full,,ADJ-101,3,,
IS-CLM-2025002762,2025-08-27,Collision,TX,Fax/EDI,671.77,6716.49,Moderate,35,Yes,Yes,67.3,15.5,82.8,Paid in Full,,ADJ-119,3,5.0,
IS-CLM-2025002763,2025-07-30,Bodily Injury,WA,Fax/EDI,895.98,14582.99,Complex,67,Yes,Yes,8.0,44.0,52.0,Paid in Full,,ADJ-149,8,4.0,
IS-CLM-2025002764,2025-07-16,Collision,PA,E-Portal,358.11,1266.09,Simple,67,No,No,26.3,7.7,34.0,Denied,Fraud suspected,ADJ-115,4,,
IS-CLM-2025002765,2025-11-25,Collision,TX,Fax/EDI,305.54,2762.67,Simple,68,Yes,No,44.0,9.2,53.2,Denied,Exceeded policy limit,ADJ-103,3,3.0,
IS-CLM-2025002766,2025-09-11,Comprehensive,NY,E-Portal,258.22,1307.59,Simple,48,No,No,13.9,6.5,20.4,Partial Payment,,ADJ-104,4,,
IS-CLM-2025002767,2025-07-04,Bodily Injury,AZ,E-Portal,735.03,13241.23,Complex,9,Yes,No,22.6,12.2,34.7,Settled,,ADJ-101,14,3.0,
IS-CLM-2025002768,2025-09-27,Liability,IL,Fax/EDI,404.57,3624.75,Simple,79,No,No,20.9,5.7,26.6,Settled,,ADJ-128,2,,
IS-CLM-2025002769,2025-11-20,Liability,NY,Phone,444.51,4433.95,Simple,62,No,No,21.4,5.8,27.2,Denied,Exceeded policy limit,ADJ-108,1,,
IS-CLM-2025002770,2025-12-20,Bodily Injury,WA,Fax/EDI,1113.91,26120.53,Complex,24,Yes,Yes,30.3,31.7,62.0,Settled,,ADJ-113,16,4.0,
IS-CLM-2025002771,2025-08-29,Collision,NC,Fax/EDI,377.61,3510.67,Simple,68,No,Yes,3.6,6.0,9.6,Partial Payment,,ADJ-112,4,3.0,
IS-CLM-2025002772,2025-09-08,Collision,IN,E-Portal,469.42,6089.42,Moderate,68,No,No,16.2,13.1,29.3,Pending Review,,ADJ-128,6,,No
IS-CLM-2025002773,2025-11-02,Comprehensive,NJ,E-Portal,341.24,924.35,Simple,36,No,No,20.6,6.7,27.3,Denied,Exceeded policy limit,ADJ-105,4,2.0,
IS-CLM-2025002774,2025-08-27,Bodily Injury,NY,Phone,324.14,4617.27,Simple,59,No,No,26.4,4.1,30.6,Paid in Full,,ADJ-132,5,,
IS-CLM-2025002775,2025-07-19,Collision,IL,Fax/EDI,676.67,8310.48,Moderate,39,Yes,No,16.4,13.0,29.4,Pending Review,,ADJ-119,11,,
IS-CLM-2025002776,2025-08-18,Collision,NC,Phone,708.05,19344.33,Moderate,69,Yes,Yes,63.9,12.2,76.1,Settled,,ADJ-123,9,,
IS-CLM-2025002777,2025-12-21,Liability,OH,Phone,483.75,1221.59,Simple,49,No,No,14.5,5.2,19.7,Paid in Full,,ADJ-137,1,4.0,No
IS-CLM-2025002778,2025-08-15,Bodily Injury,MO,Fax/EDI,609.02,14783.09,Moderate,25,Yes,Yes,54.9,13.7,68.6,Paid in Full,,ADJ-136,12,4.0,
IS-CLM-2025002779,2025-11-24,Liability,MD,E-Portal,708.18,15796.48,Complex,18,Yes,Yes,8.0,11.8,19.8,Partial Payment,,ADJ-118,6,,
IS-CLM-2025002780,2025-06-01,Bodily Injury,WA,E-Portal,802.78,29777.38,Complex,30,Yes,No,31.8,33.9,65.7,Pending Review,,ADJ-131,16,,
IS-CLM-2025002781,2025-07-15,Collision,FL,Phone,759.97,7706.34,Moderate,32,Yes,No,89.1,11.5,100.6,Denied,Fraud suspected,ADJ-139,3,,
IS-CLM-2025002782,2025-06-09,Collision,WI,Fax/EDI,389.15,1918.37,Simple,50,No,No,42.1,5.0,47.1,Denied,Insufficient documentation,ADJ-120,4,,
IS-CLM-2025002783,2025-11-10,Comprehensive,TN,E-Portal,267.52,1003.79,Simple,32,No,No,17.0,4.1,21.1,Paid in Full,,ADJ-134,3,5.0,
IS-CLM-2025002784,2025-09-26,Collision,TX,Fax/EDI,500.4,2883.26,Simple,84,No,No,108.4,3.2,111.7,Settled,,ADJ-142,3,,
IS-CLM-2025002785,2025-08-05,Bodily Injury,TN,E-Portal,833.5,10888.02,Complex,25,Yes,No,8.0,31.1,39.1,Settled,,ADJ-126,13,,
IS-CLM-2025002786,2025-12-18,Collision,FL,E-Portal,296.46,837.98,Simple,52,No,No,34.0,5.6,39.6,Paid in Full,,ADJ-134,3,,No
IS-CLM-2025002787,2025-12-09,Collision,WA,E-Portal,245.38,1354.86,Simple,90,No,No,3.3,3.3,6.6,Denied,Exceeded policy limit,ADJ-111,5,,
IS-CLM-2025002788,2025-06-03,Property Damage,IN,Fax/EDI,453.09,1956.45,Simple,61,Yes,No,104.8,7.2,112.0,Paid in Full,,ADJ-136,4,3.0,
IS-CLM-2025002789,2025-07-31,Property Damage,MI,Fax/EDI,540.21,3666.23,Simple,51,No,No,15.0,5.5,20.5,Paid in Full,,ADJ-103,2,,Yes
IS-CLM-2025002790,2025-09-22,Collision,NC,E-Portal,278.87,1910.72,Simple,74,No,Yes,69.4,4.9,74.3,Paid in Full,,ADJ-131,4,,
IS-CLM-2025002791,2025-06-06,Collision,AZ,Phone,509.97,4335.36,Simple,65,No,No,7.1,7.0,14.1,Denied,Fraud suspected,ADJ-112,2,3.0,
IS-CLM-2025002792,2025-09-30,Property Damage,WI,Fax/EDI,415.28,803.83,Simple,26,No,No,10.0,3.8,13.8,Partial Payment,,ADJ-129,5,,
IS-CLM-2025002793,2025-09-19,Bodily Injury,VA,Phone,498.74,2797.75,Simple,71,No,No,21.4,3.5,24.9,Paid in Full,,ADJ-103,4,4.0,
IS-CLM-2025002794,2025-07-23,Bodily Injury,WI,E-Portal,344.46,2625.7,Simple,71,No,No,43.6,5.2,48.8,Partial Payment,,ADJ-145,5,,
IS-CLM-2025002795,2025-10-07,Liability,MA,Fax/EDI,1135.8,30258.91,Complex,25,Yes,Yes,68.0,63.7,131.7,Paid in Full,,ADJ-141,10,,
IS-CLM-2025002796,2025-11-19,Bodily Injury,NJ,Fax/EDI,831.98,12798.37,Moderate,6,Yes,Yes,40.3,15.6,55.8,Paid in Full,,ADJ-130,3,3.0,
IS-CLM-2025002797,2025-10-22,Property Damage,TN,Phone,658.48,6546.55,Moderate,62,No,No,67.7,13.1,80.8,Settled,,ADJ-147,10,4.0,
IS-CLM-2025002798,2025-09-09,Comprehensive,OH,Phone,362.38,1989.0,Simple,84,Yes,No,3.0,8.4,11.4,Settled,,ADJ-149,2,4.0,
IS-CLM-2025002799,2025-11-21,Liability,CA,Fax/EDI,923.68,8395.72,Complex,24,No,No,8.0,122.4,130.4,Denied,Policy lapsed,ADJ-150,18,4.0,
IS-CLM-2025002800,2025-11-05,Bodily Injury,FL,Phone,817.15,11082.31,Moderate,44,Yes,Yes,8.2,44.3,52.5,Partial Payment,,ADJ-111,10,2.0,
IS-CLM-2025002801,2025-07-10,Collision,TN,E-Portal,281.13,3021.31,Simple,29,No,No,20.4,5.0,25.4,Paid in Full,,ADJ-115,4,4.0,
IS-CLM-2025002802,2025-12-06,Liability,CA,E-Portal,683.23,22187.61,Complex,25,Yes,Yes,8.0,14.9,22.9,Partial Payment,,ADJ-117,7,4.0,
IS-CLM-2025002803,2025-08-14,Property Damage,IL,E-Portal,363.84,2409.7,Simple,70,No,No,21.3,8.6,30.0,Paid in Full,,ADJ-143,2,,
IS-CLM-2025002804,2025-06-23,Liability,GA,Fax/EDI,938.75,27748.99,Complex,6,Yes,Yes,124.0,12.8,136.9,Paid in Full,,ADJ-139,16,3.0,
IS-CLM-2025002805,2025-08-12,Property Damage,MI,E-Portal,335.02,1441.41,Simple,34,No,No,68.0,5.4,73.4,Paid in Full,,ADJ-102,4,4.0,
IS-CLM-2025002806,2025-06-17,Comprehensive,WA,E-Portal,296.83,2894.18,Simple,71,No,No,45.3,5.3,50.6,Paid in Full,,ADJ-139,5,4.0,
IS-CLM-2025002807,2025-08-09,Bodily Injury,GA,Fax/EDI,350.48,3205.56,Simple,34,No,No,16.6,5.0,21.6,Partial Payment,,ADJ-143,2,,
IS-CLM-2025002808,2025-11-26,Comprehensive,PA,E-Portal,657.87,2976.43,Moderate,12,No,No,33.4,16.0,49.4,Settled,,ADJ-105,10,,
IS-CLM-2025002809,2025-06-29,Comprehensive,TN,E-Portal,436.14,3219.21,Simple,99,No,No,48.8,6.9,55.8,Denied,Insufficient documentation,ADJ-142,3,,
IS-CLM-2025002810,2025-11-21,Bodily Injury,NY,Phone,938.36,11898.05,Complex,24,Yes,Yes,120.6,51.4,172.0,Paid in Full,,ADJ-149,17,,
IS-CLM-2025002811,2025-06-14,Collision,NY,E-Portal,294.36,1036.14,Simple,61,No,No,60.8,6.9,67.6,Denied,Fraud suspected,ADJ-147,2,,
IS-CLM-2025002812,2025-11-15,Comprehensive,IN,Fax/EDI,551.82,2519.45,Simple,29,No,Yes,10.1,5.0,15.1,Paid in Full,,ADJ-131,1,,
IS-CLM-2025002813,2025-07-10,Collision,TN,E-Portal,415.37,13346.58,Moderate,30,Yes,Yes,95.5,21.2,116.7,Partial Payment,,ADJ-133,11,3.0,
IS-CLM-2025002814,2025-11-11,Bodily Injury,FL,Phone,1293.42,33455.63,Complex,40,Yes,Yes,186.0,40.5,226.5,Denied,Fraud suspected,ADJ-127,13,1.0,
IS-CLM-2025002815,2025-12-15,Bodily Injury,NJ,Phone,822.7,6449.26,Moderate,30,No,No,150.7,29.0,179.7,Denied,Coverage exclusion,ADJ-143,3,3.0,No
IS-CLM-2025002816,2025-10-11,Bodily Injury,IN,Fax/EDI,356.9,4130.26,Simple,71,No,No,138.5,11.0,149.5,Denied,Policy lapsed,ADJ-130,3,2.0,
IS-CLM-2025002817,2025-09-16,Collision,MO,Fax/EDI,403.38,1981.37,Simple,99,No,No,63.6,11.6,75.2,Paid in Full,,ADJ-125,1,4.0,
IS-CLM-2025002818,2025-09-29,Comprehensive,AZ,E-Portal,903.53,7615.48,Complex,31,Yes,Yes,71.8,23.1,94.9,Settled,,ADJ-102,8,,
IS-CLM-2025002819,2025-09-25,Collision,TX,Fax/EDI,322.93,1003.74,Simple,81,No,No,55.8,6.0,61.8,Partial Payment,,ADJ-144,3,3.0,
IS-CLM-2025002820,2025-07-26,Comprehensive,VA,Phone,714.18,5914.62,Moderate,41,Yes,No,26.7,17.1,43.8,Paid in Full,,ADJ-142,7,4.0,
IS-CLM-2025002821,2025-10-12,Comprehensive,MA,E-Portal,300.32,840.8,Simple,89,Yes,No,3.1,7.3,10.5,Denied,Insufficient documentation,ADJ-119,2,2.0,
IS-CLM-2025002822,2025-11-16,Bodily Injury,MI,Phone,1177.51,66025.77,Complex,16,Yes,Yes,40.6,77.8,118.4,Partial Payment,,ADJ-110,8,3.0,Yes
IS-CLM-2025002823,2025-08-03,Property Damage,CA,Phone,454.03,2706.16,Simple,86,No,No,40.3,2.6,42.9,Paid in Full,,ADJ-126,1,2.0,
IS-CLM-2025002824,2025-09-05,Collision,MD,Phone,512.8,1536.94,Simple,94,No,No,6.5,13.6,20.1,Partial Payment,,ADJ-121,2,,No
IS-CLM-2025002825,2025-11-24,Comprehensive,NJ,E-Portal,373.74,1483.14,Simple,22,No,No,7.7,6.1,13.8,Paid in Full,,ADJ-117,5,,
IS-CLM-2025002826,2025-11-27,Comprehensive,MO,Fax/EDI,402.49,4342.36,Simple,34,No,Yes,42.7,9.2,51.9,Paid in Full,,ADJ-102,2,,
IS-CLM-2025002827,2025-11-27,Property Damage,NC,E-Portal,296.65,2874.61,Simple,79,No,Yes,206.2,11.0,217.2,Paid in Full,,ADJ-146,5,4.0,
IS-CLM-2025002828,2025-10-06,Comprehensive,GA,Fax/EDI,561.16,5785.32,Moderate,26,Yes,No,32.2,16.3,48.5,Settled,,ADJ-127,5,,
IS-CLM-2025002829,2025-07-03,Comprehensive,GA,Phone,1019.27,14041.6,Complex,43,Yes,Yes,88.1,54.1,142.2,Settled,,ADJ-139,17,,
IS-CLM-2025002830,2025-10-14,Collision,TN,Phone,847.61,8899.61,Moderate,57,Yes,No,80.0,15.4,95.4,Pending Review,,ADJ-132,5,,
IS-CLM-2025002831,2025-06-13,Liability,NC,Phone,1189.1,24798.24,Complex,19,Yes,No,18.6,44.8,63.4,Paid in Full,,ADJ-137,14,4.0,
IS-CLM-2025002832,2025-09-07,Comprehensive,TN,Phone,713.44,8471.0,Moderate,42,No,No,36.2,12.2,48.5,Denied,Fraud suspected,ADJ-112,6,,
IS-CLM-2025002833,2025-09-05,Property Damage,WA,Phone,386.96,2231.06,Simple,48,No,No,71.1,2.6,73.7,Paid in Full,,ADJ-110,5,,
IS-CLM-2025002834,2025-11-02,Collision,MO,Phone,449.38,3357.93,Simple,68,No,No,31.0,18.9,49.9,Paid in Full,,ADJ-126,5,4.0,
IS-CLM-2025002835,2025-11-29,Property Damage,MA,Phone,782.56,4318.18,Moderate,62,Yes,No,125.9,47.4,173.3,Settled,,ADJ-128,3,4.0,
IS-CLM-2025002836,2025-08-03,Collision,NC,E-Portal,307.75,3703.56,Simple,46,Yes,No,21.3,3.0,24.3,Paid in Full,,ADJ-139,2,3.0,
IS-CLM-2025002837,2025-07-22,Comprehensive,WA,E-Portal,556.87,8524.8,Moderate,34,Yes,Yes,15.4,10.4,25.8,Paid in Full,,ADJ-109,9,3.0,
IS-CLM-2025002838,2025-06-02,Comprehensive,FL,E-Portal,300.66,1882.64,Simple,72,Yes,No,23.3,9.2,32.5,Paid in Full,,ADJ-145,4,,No
IS-CLM-2025002839,2025-07-08,Liability,WA,E-Portal,258.32,2238.76,Simple,91,No,No,20.6,5.2,25.8,Partial Payment,,ADJ-142,2,,
IS-CLM-2025002840,2025-08-12,Collision,WI,Fax/EDI,433.9,864.7,Simple,41,Yes,No,79.5,15.0,94.5,Paid in Full,,ADJ-132,3,5.0,
IS-CLM-2025002841,2025-11-10,Liability,MO,E-Portal,379.34,7093.06,Moderate,30,Yes,No,27.5,22.0,49.5,Pending Review,,ADJ-121,9,,
IS-CLM-2025002842,2025-12-08,Property Damage,PA,Phone,428.17,5041.65,Simple,52,Yes,No,45.6,7.7,53.3,Paid in Full,,ADJ-146,2,4.0,
IS-CLM-2025002843,2025-07-17,Collision,GA,E-Portal,596.01,5406.01,Moderate,44,Yes,No,60.0,9.4,69.4,Paid in Full,,ADJ-132,9,4.0,
IS-CLM-2025002844,2025-12-22,Bodily Injury,NY,E-Portal,727.1,9117.38,Complex,37,Yes,No,8.0,35.7,43.7,Paid in Full,,ADJ-126,7,,
IS-CLM-2025002845,2025-10-24,Property Damage,MO,E-Portal,189.2,1937.14,Simple,71,No,No,102.6,20.0,122.6,Denied,Pre-existing damage,ADJ-135,2,,
IS-CLM-2025002846,2025-06-22,Liability,MA,Phone,412.06,1485.54,Simple,63,No,No,7.9,2.5,10.4,Partial Payment,,ADJ-129,5,1.0,
IS-CLM-2025002847,2025-06-26,Comprehensive,IN,Phone,512.51,945.53,Simple,72,No,No,13.7,7.2,20.9,Paid in Full,,ADJ-142,3,,
IS-CLM-2025002848,2025-06-02,Collision,NJ,Phone,504.47,1201.81,Simple,58,No,No,8.2,5.5,13.7,Paid in Full,,ADJ-108,2,4.0,
IS-CLM-2025002849,2025-06-19,Property Damage,OH,Fax/EDI,545.09,1983.73,Simple,83,No,No,3.0,9.7,12.7,Paid in Full,,ADJ-107,1,4.0,
IS-CLM-2025002850,2025-10-04,Comprehensive,MA,Phone,521.38,1754.67,Simple,99,Yes,No,52.8,6.9,59.7,Partial Payment,,ADJ-123,1,2.0,
IS-CLM-2025002851,2025-06-23,Bodily Injury,WI,E-Portal,328.77,2171.55,Simple,62,Yes,No,20.5,14.3,34.8,Paid in Full,,ADJ-140,5,4.0,
IS-CLM-2025002852,2025-06-19,Bodily Injury,WI,Fax/EDI,927.99,42852.02,Complex,44,Yes,Yes,116.4,31.8,148.3,Partial Payment,,ADJ-120,16,3.0,
IS-CLM-2025002853,2025-08-15,Bodily Injury,NJ,E-Portal,527.86,39669.43,Complex,21,Yes,Yes,36.2,24.9,61.1,Partial Payment,,ADJ-101,17,4.0,
IS-CLM-2025002854,2025-09-19,Collision,CA,Phone,420.32,404.84,Simple,51,No,No,3.0,7.7,10.7,Paid in Full,,ADJ-109,2,3.0,
IS-CLM-2025002855,2025-06-17,Comprehensive,CA,E-Portal,239.43,3917.57,Simple,76,No,No,13.6,10.7,24.3,Paid in Full,,ADJ-150,5,4.0,
IS-CLM-2025002856,2025-09-29,Property Damage,TX,Phone,753.98,11524.25,Complex,37,Yes,No,8.0,63.9,71.9,Settled,,ADJ-106,12,,
IS-CLM-2025002857,2025-11-16,Bodily Injury,IL,E-Portal,657.2,29597.03,Complex,54,Yes,Yes,45.3,48.5,93.8,Settled,,ADJ-123,11,3.0,
IS-CLM-2025002858,2025-08-05,Collision,TX,E-Portal,571.86,5500.91,Moderate,61,Yes,Yes,133.4,16.2,149.6,Denied,Fraud suspected,ADJ-123,11,,
IS-CLM-2025002859,2025-12-04,Collision,NY,Fax/EDI,537.61,3470.12,Simple,71,No,No,3.0,12.5,15.5,Partial Payment,,ADJ-146,5,2.0,
IS-CLM-2025002860,2025-09-02,Liability,GA,Phone,926.52,4017.26,Moderate,48,Yes,No,76.7,40.8,117.5,Denied,Insufficient documentation,ADJ-132,10,2.0,
IS-CLM-2025002861,2025-08-12,Comprehensive,CA,Phone,1062.84,12883.01,Complex,26,Yes,Yes,160.6,36.4,196.9,Paid in Full,,ADJ-146,9,4.0,
IS-CLM-2025002862,2025-08-19,Collision,NY,Phone,820.24,5002.32,Moderate,58,No,No,5.1,14.6,19.7,Paid in Full,,ADJ-116,12,,
IS-CLM-2025002863,2025-11-30,Comprehensive,MO,E-Portal,292.93,1333.3,Simple,5,No,Yes,17.1,6.5,23.6,Partial Payment,,ADJ-125,4,,
IS-CLM-2025002864,2025-12-14,Property Damage,TX,Fax/EDI,644.78,3793.79,Moderate,48,Yes,No,6.4,13.4,19.8,Paid in Full,,ADJ-144,7,,
IS-CLM-2025002865,2025-11-25,Collision,CA,E-Portal,460.88,9287.09,Moderate,11,Yes,No,9.0,26.7,35.7,Paid in Full,,ADJ-126,8,4.0,
IS-CLM-2025002866,2025-11-26,Property Damage,VA,E-Portal,473.87,5779.45,Moderate,60,Yes,No,10.2,12.4,22.6,Paid in Full,,ADJ-146,12,4.0,
IS-CLM-2025002867,2025-07-23,Collision,GA,Fax/EDI,763.58,6055.82,Moderate,58,Yes,No,31.7,26.1,57.8,Paid in Full,,ADJ-113,12,,
IS-CLM-2025002868,2025-08-16,Collision,NC,Fax/EDI,319.08,1828.09,Simple,79,No,Yes,98.1,4.1,102.2,Partial Payment,,ADJ-150,4,3.0,
IS-CLM-2025002869,2025-10-08,Collision,WA,Phone,344.55,3962.72,Simple,74,No,Yes,97.7,7.2,104.9,Paid in Full,,ADJ-144,1,3.0,
IS-CLM-2025002870,2025-11-05,Bodily Injury,FL,E-Portal,331.53,15949.23,Moderate,58,Yes,Yes,86.6,30.5,117.0,Paid in Full,,ADJ-119,6,4.0,
IS-CLM-2025002871,2025-07-22,Liability,PA,Phone,503.31,2099.76,Simple,66,No,No,33.9,3.8,37.7,Paid in Full,,ADJ-135,3,4.0,
IS-CLM-2025002872,2025-10-22,Collision,TX,E-Portal,832.38,12152.52,Complex,6,Yes,No,18.4,11.2,29.7,Pending Review,,ADJ-108,14,,
IS-CLM-2025002873,2025-06-09,Comprehensive,NJ,Phone,1025.22,23648.03,Complex,47,Yes,Yes,63.2,18.8,82.0,Paid in Full,,ADJ-111,7,3.0,
IS-CLM-2025002874,2025-07-28,Bodily Injury,WA,Phone,463.21,4563.69,Simple,61,No,No,104.1,13.6,117.7,Partial Payment,,ADJ-124,3,4.0,
IS-CLM-2025002875,2025-12-03,Collision,TX,Fax/EDI,852.56,6913.8,Complex,5,Yes,No,38.3,62.6,100.9,Denied,Policy lapsed,ADJ-113,6,1.0,
IS-CLM-2025002876,2025-06-17,Collision,NJ,Fax/EDI,434.6,1753.43,Simple,49,Yes,No,17.7,6.5,24.3,Denied,Filing deadline missed,ADJ-147,2,3.0,No
IS-CLM-2025002877,2025-09-16,Bodily Injury,MA,Fax/EDI,1345.81,25949.5,Complex,5,No,Yes,126.1,50.5,176.6,Denied,Exceeded policy limit,ADJ-112,8,2.0,
IS-CLM-2025002878,2025-12-12,Bodily Injury,WI,E-Portal,644.3,53345.01,Complex,5,Yes,Yes,213.7,34.3,248.0,Settled,,ADJ-148,11,4.0,
IS-CLM-2025002879,2025-10-15,Bodily Injury,NJ,E-Portal,475.76,25713.86,Moderate,54,Yes,Yes,177.9,24.7,202.6,Paid in Full,,ADJ-129,3,4.0,
IS-CLM-2025002880,2025-09-08,Liability,IN,Phone,659.99,7507.42,Moderate,43,Yes,No,73.6,17.3,90.9,Paid in Full,,ADJ-103,9,3.0,
IS-CLM-2025002881,2025-09-20,Bodily Injury,CA,E-Portal,472.15,8304.97,Moderate,9,Yes,No,5.0,25.0,30.0,Paid in Full,,ADJ-142,4,,
IS-CLM-2025002882,2025-09-18,Bodily Injury,NC,Fax/EDI,733.25,33909.05,Moderate,64,Yes,No,5.0,19.2,24.2,Denied,Coverage exclusion,ADJ-138,3,1.0,No
IS-CLM-2025002883,2025-07-13,Collision,TX,Fax/EDI,656.57,4486.52,Moderate,43,Yes,Yes,37.5,9.1,46.7,Denied,Filing deadline missed,ADJ-139,7,1.0,
IS-CLM-2025002884,2025-11-24,Bodily Injury,OH,E-Portal,447.2,14604.34,Moderate,73,Yes,Yes,99.3,15.4,114.7,Paid in Full,,ADJ-130,12,4.0,Yes
IS-CLM-2025002885,2025-06-29,Comprehensive,WI,E-Portal,358.88,2372.98,Simple,78,No,Yes,80.0,6.7,86.6,Paid in Full,,ADJ-146,5,4.0,
IS-CLM-2025002886,2025-07-05,Collision,MD,Fax/EDI,1180.47,22420.65,Complex,32,Yes,Yes,21.2,21.2,42.4,Denied,Filing deadline missed,ADJ-143,10,3.0,
IS-CLM-2025002887,2025-08-09,Comprehensive,WI,E-Portal,356.57,3348.06,Moderate,22,Yes,No,22.8,9.7,32.5,Paid in Full,,ADJ-139,7,,
IS-CLM-2025002888,2025-08-24,Comprehensive,GA,Fax/EDI,451.27,1101.36,Simple,35,Yes,No,116.1,3.4,119.5,Paid in Full,,ADJ-136,1,,
IS-CLM-2025002889,2025-10-31,Bodily Injury,AZ,Phone,500.45,3333.89,Simple,63,No,No,17.2,5.1,22.3,Paid in Full,,ADJ-119,3,3.0,
IS-CLM-2025002890,2025-09-12,Bodily Injury,IL,E-Portal,767.21,62216.04,Complex,9,Yes,Yes,88.1,26.3,114.4,Paid in Full,,ADJ-110,6,4.0,
IS-CLM-2025002891,2025-10-05,Bodily Injury,TX,E-Portal,407.66,7546.49,Moderate,69,Yes,No,62.1,25.5,87.6,Partial Payment,,ADJ-127,4,,
IS-CLM-2025002892,2025-07-06,Liability,NJ,Phone,719.18,5455.26,Moderate,7,Yes,No,40.8,20.9,61.8,Paid in Full,,ADJ-129,5,,
IS-CLM-2025002893,2025-09-12,Property Damage,CA,Fax/EDI,474.64,1646.37,Simple,89,No,No,56.8,9.3,66.0,Paid in Full,,ADJ-133,3,3.0,
IS-CLM-2025002894,2025-09-04,Collision,OH,Phone,568.9,11669.29,Moderate,22,Yes,Yes,6.6,18.8,25.4,Denied,Insufficient documentation,ADJ-141,4,3.0,Yes
IS-CLM-2025002895,2025-12-25,Comprehensive,NY,E-Portal,240.01,6179.28,Simple,92,Yes,No,96.8,4.9,101.7,Paid in Full,,ADJ-137,1,4.0,
IS-CLM-2025002896,2025-07-16,Property Damage,NC,E-Portal,292.19,4754.64,Simple,61,No,No,22.9,5.4,28.3,Partial Payment,,ADJ-137,3,3.0,
IS-CLM-2025002897,2025-09-05,Comprehensive,NC,E-Portal,272.48,2207.15,Simple,69,No,No,6.8,9.9,16.7,Denied,Pre-existing damage,ADJ-130,5,1.0,
IS-CLM-2025002898,2025-12-03,Comprehensive,MD,Fax/EDI,437.93,1177.79,Simple,82,No,No,8.9,4.0,12.8,Paid in Full,,ADJ-134,5,3.0,
IS-CLM-2025002899,2025-09-20,Collision,NJ,Fax/EDI,797.47,11449.92,Moderate,37,Yes,Yes,19.6,24.9,44.5,Denied,Filing deadline missed,ADJ-125,4,2.0,
IS-CLM-2025002900,2025-07-20,Comprehensive,VA,E-Portal,489.91,6224.23,Moderate,44,Yes,No,224.1,10.2,234.2,Paid in Full,,ADJ-136,10,4.0,
IS-CLM-2025002901,2025-06-02,Comprehensive,MI,Fax/EDI,421.36,3341.26,Simple,84,Yes,No,69.2,7.8,77.0,Denied,Policy lapsed,ADJ-148,4,,Yes
IS-CLM-2025002902,2025-12-23,Collision,FL,E-Portal,719.45,13463.89,Complex,30,Yes,Yes,41.8,34.1,76.0,Paid in Full,,ADJ-142,6,4.0,
IS-CLM-2025002903,2025-07-12,Bodily Injury,CA,Fax/EDI,681.94,10492.05,Moderate,52,Yes,Yes,5.0,17.8,22.8,Settled,,ADJ-113,5,,
IS-CLM-2025002904,2025-11-02,Comprehensive,MA,E-Portal,275.47,2609.5,Simple,78,No,No,21.0,7.4,28.4,Paid in Full,,ADJ-126,3,3.0,
IS-CLM-2025002905,2025-07-18,Comprehensive,MO,Fax/EDI,563.38,2120.69,Simple,64,No,No,10.5,10.1,20.7,Denied,Pre-existing damage,ADJ-130,4,,
IS-CLM-2025002906,2025-10-30,Collision,IL,Fax/EDI,326.07,1780.4,Simple,32,No,No,3.0,5.9,8.9,Paid in Full,,ADJ-140,2,2.0,
IS-CLM-2025002907,2025-10-15,Collision,VA,Phone,635.11,5120.04,Moderate,77,Yes,No,8.1,26.9,35.1,Partial Payment,,ADJ-112,3,2.0,Yes
IS-CLM-2025002908,2025-08-04,Collision,CA,E-Portal,837.17,8008.37,Complex,47,Yes,No,13.7,28.3,42.0,Denied,Policy lapsed,ADJ-134,9,2.0,
IS-CLM-2025002909,2025-07-25,Collision,NJ,E-Portal,864.36,33927.04,Complex,29,Yes,Yes,56.8,12.2,69.0,Denied,Policy lapsed,ADJ-139,5,,
IS-CLM-2025002910,2025-10-02,Bodily Injury,VA,Phone,999.85,23582.21,Complex,9,Yes,Yes,81.2,30.2,111.4,Pending Review,,ADJ-118,16,,
IS-CLM-2025002911,2025-09-08,Bodily Injury,TX,Fax/EDI,1098.84,8952.43,Complex,56,Yes,No,10.7,17.3,28.0,Pending Review,,ADJ-140,6,,
IS-CLM-2025002912,2025-07-27,Collision,NY,E-Portal,278.14,1958.26,Simple,80,No,No,5.8,4.8,10.6,Paid in Full,,ADJ-116,2,,
IS-CLM-2025002913,2025-07-18,Comprehensive,TN,E-Portal,293.58,4123.4,Simple,73,No,No,3.0,3.7,6.7,Denied,Policy lapsed,ADJ-130,4,2.0,
IS-CLM-2025002914,2025-06-20,Comprehensive,TN,Phone,363.65,4989.0,Simple,56,No,No,70.7,5.4,76.1,Paid in Full,,ADJ-126,3,,
IS-CLM-2025002915,2025-06-08,Comprehensive,MD,Phone,680.05,14391.42,Moderate,57,Yes,Yes,96.3,10.6,106.9,Settled,,ADJ-103,8,,
IS-CLM-2025002916,2025-07-14,Bodily Injury,WA,E-Portal,191.35,4759.12,Simple,96,No,Yes,11.8,5.8,17.6,Paid in Full,,ADJ-103,4,,
IS-CLM-2025002917,2025-08-16,Comprehensive,TX,E-Portal,330.9,566.46,Simple,40,No,No,31.8,10.9,42.7,Partial Payment,,ADJ-131,3,3.0,
IS-CLM-2025002918,2025-09-18,Comprehensive,MD,E-Portal,339.8,1585.39,Simple,37,No,No,129.6,7.3,136.9,Paid in Full,,ADJ-128,2,3.0,
IS-CLM-2025002919,2025-06-11,Liability,GA,E-Portal,703.76,19107.57,Complex,60,Yes,Yes,114.4,9.8,124.1,Settled,,ADJ-123,15,,
IS-CLM-2025002920,2025-12-25,Bodily Injury,AZ,E-Portal,740.49,55575.77,Complex,48,Yes,No,157.8,44.0,201.8,Settled,,ADJ-119,14,3.0,
IS-CLM-2025002921,2025-08-20,Collision,WA,E-Portal,246.53,2157.27,Simple,88,No,No,4.1,8.4,12.5,Denied,Policy lapsed,ADJ-145,5,,
IS-CLM-2025002922,2025-12-09,Liability,WI,E-Portal,209.23,2062.98,Simple,36,No,No,46.1,2.4,48.5,Paid in Full,,ADJ-105,3,3.0,
IS-CLM-2025002923,2025-11-28,Comprehensive,IN,E-Portal,219.69,2774.6,Simple,65,No,No,43.7,5.6,49.3,Settled,,ADJ-121,1,,
IS-CLM-2025002924,2025-10-31,Comprehensive,OH,E-Portal,240.03,5026.49,Simple,53,No,No,51.4,5.8,57.2,Paid in Full,,ADJ-114,2,3.0,
IS-CLM-2025002925,2025-07-27,Comprehensive,WI,Fax/EDI,395.37,2692.83,Simple,36,No,No,50.7,11.7,62.3,Denied,Policy lapsed,ADJ-138,5,,
IS-CLM-2025002926,2025-06-20,Collision,NY,Phone,656.81,11937.82,Moderate,86,Yes,Yes,5.0,10.9,15.9,Partial Payment,,ADJ-115,7,3.0,
IS-CLM-2025002927,2025-11-27,Collision,FL,Fax/EDI,426.16,7520.17,Moderate,45,Yes,No,292.2,24.3,316.5,Paid in Full,,ADJ-111,5,,
IS-CLM-2025002928,2025-12-27,Property Damage,WI,Phone,449.84,3119.48,Simple,74,No,No,9.0,3.6,12.5,Paid in Full,,ADJ-112,2,3.0,
IS-CLM-2025002929,2025-12-01,Collision,MD,E-Portal,247.6,3913.97,Simple,78,No,No,77.6,3.5,81.1,Paid in Full,,ADJ-133,5,3.0,
IS-CLM-2025002930,2025-07-03,Bodily Injury,OH,E-Portal,462.42,15764.35,Moderate,42,Yes,Yes,40.5,14.1,54.6,Pending Review,,ADJ-104,8,,
IS-CLM-2025002931,2025-08-14,Collision,FL,Phone,362.72,845.5,Simple,48,Yes,No,20.3,8.2,28.5,Paid in Full,,ADJ-147,2,,No
IS-CLM-2025002932,2025-08-05,Comprehensive,WI,E-Portal,270.75,3080.45,Simple,73,No,No,14.3,3.7,18.0,Denied,Fraud suspected,ADJ-118,4,1.0,
IS-CLM-2025002933,2025-11-21,Liability,VA,E-Portal,340.88,5799.48,Moderate,66,No,No,166.4,17.3,183.7,Pending Review,,ADJ-137,9,,
IS-CLM-2025002934,2025-11-21,Comprehensive,MO,E-Portal,397.86,7773.11,Moderate,35,Yes,No,36.3,13.0,49.4,Paid in Full,,ADJ-110,6,4.0,
IS-CLM-2025002935,2025-07-01,Property Damage,TX,Fax/EDI,305.22,1579.67,Simple,81,Yes,No,21.9,3.6,25.5,Paid in Full,,ADJ-125,4,4.0,
IS-CLM-2025002936,2025-06-26,Collision,TN,Phone,542.22,2280.4,Simple,85,No,No,65.4,6.8,72.2,Paid in Full,,ADJ-127,3,3.0,
IS-CLM-2025002937,2025-11-18,Liability,IN,Phone,375.83,3916.93,Simple,99,No,No,13.8,5.0,18.8,Partial Payment,,ADJ-132,3,4.0,
IS-CLM-2025002938,2025-07-15,Liability,NC,Phone,481.49,1559.11,Simple,99,No,No,14.6,4.4,19.0,Denied,Exceeded policy limit,ADJ-122,5,,
IS-CLM-2025002939,2025-09-15,Property Damage,IN,Phone,457.21,1969.33,Simple,87,No,Yes,24.3,2.3,26.5,Paid in Full,,ADJ-125,3,3.0,Yes
IS-CLM-2025002940,2025-06-28,Bodily Injury,PA,Phone,787.77,45756.98,Complex,46,Yes,Yes,8.0,24.2,32.2,Paid in Full,,ADJ-105,17,3.0,
IS-CLM-2025002941,2025-11-04,Bodily Injury,MA,Fax/EDI,622.71,13401.08,Moderate,25,Yes,Yes,95.4,34.5,129.8,Denied,Pre-existing damage,ADJ-113,6,1.0,
IS-CLM-2025002942,2025-10-15,Comprehensive,TN,Fax/EDI,432.57,5912.31,Simple,72,No,No,44.3,4.0,48.4,Partial Payment,,ADJ-103,1,4.0,
IS-CLM-2025002943,2025-08-02,Comprehensive,TN,Fax/EDI,587.0,6526.2,Moderate,12,No,No,60.6,10.6,71.2,Paid in Full,,ADJ-110,6,4.0,
IS-CLM-2025002944,2025-09-14,Bodily Injury,TX,E-Portal,622.74,43940.0,Complex,41,Yes,Yes,15.9,30.6,46.5,Pending Review,,ADJ-140,16,,
IS-CLM-2025002945,2025-06-08,Comprehensive,WA,E-Portal,249.93,882.37,Simple,39,No,Yes,27.6,21.0,48.6,Paid in Full,,ADJ-138,1,3.0,
IS-CLM-2025002946,2025-09-19,Property Damage,FL,Fax/EDI,390.27,4947.6,Simple,70,No,No,50.8,3.8,54.6,Settled,,ADJ-137,4,4.0,
IS-CLM-2025002947,2025-08-09,Liability,VA,Phone,341.36,1737.79,Simple,36,No,No,36.2,5.3,41.4,Paid in Full,,ADJ-124,4,,
IS-CLM-2025002948,2025-10-13,Liability,CA,Fax/EDI,721.27,4174.45,Moderate,50,No,No,66.1,16.3,82.3,Paid in Full,,ADJ-123,9,,
IS-CLM-2025002949,2025-10-04,Bodily Injury,NJ,Fax/EDI,566.44,2399.65,Moderate,55,No,No,102.8,15.3,118.0,Partial Payment,,ADJ-121,10,,
IS-CLM-2025002950,2025-07-28,Collision,WI,Phone,376.47,1500.73,Simple,62,Yes,No,7.5,4.2,11.6,Partial Payment,,ADJ-149,5,4.0,
IS-CLM-2025002951,2025-11-16,Property Damage,TN,Fax/EDI,591.9,4428.45,Moderate,74,Yes,No,32.6,36.0,68.6,Paid in Full,,ADJ-103,6,,
IS-CLM-2025002952,2025-08-30,Liability,IN,E-Portal,442.84,9355.58,Moderate,38,No,Yes,46.1,24.9,71.0,Partial Payment,,ADJ-102,10,2.0,
IS-CLM-2025002953,2025-08-19,Comprehensive,PA,E-Portal,351.19,1278.39,Simple,33,No,No,83.4,1.1,84.5,Partial Payment,,ADJ-130,4,3.0,
IS-CLM-2025002954,2025-09-20,Comprehensive,MD,Fax/EDI,461.46,2708.08,Simple,72,No,No,92.9,10.4,103.4,Paid in Full,,ADJ-143,3,4.0,
IS-CLM-2025002955,2025-09-17,Collision,NC,Phone,609.55,6322.78,Moderate,49,No,Yes,106.2,10.9,117.1,Denied,Policy lapsed,ADJ-134,5,,
IS-CLM-2025002956,2025-08-21,Comprehensive,IN,Fax/EDI,789.37,8724.91,Moderate,5,No,Yes,63.0,21.1,84.1,Partial Payment,,ADJ-137,9,1.0,
IS-CLM-2025002957,2025-11-13,Comprehensive,GA,Phone,695.14,12125.4,Moderate,51,No,Yes,15.5,22.9,38.4,Settled,,ADJ-142,8,,
IS-CLM-2025002958,2025-09-05,Comprehensive,WA,Phone,762.85,4878.09,Moderate,34,Yes,No,68.2,24.7,92.8,Partial Payment,,ADJ-134,6,2.0,
IS-CLM-2025002959,2025-09-22,Liability,OH,E-Portal,274.53,4166.32,Simple,62,No,No,147.2,6.6,153.8,Partial Payment,,ADJ-138,2,,
IS-CLM-2025002960,2025-11-12,Comprehensive,FL,Fax/EDI,327.43,2996.24,Simple,42,No,No,3.0,5.1,8.1,Denied,Pre-existing damage,ADJ-149,1,1.0,
IS-CLM-2025002961,2025-10-07,Liability,PA,E-Portal,638.43,15728.48,Moderate,47,Yes,Yes,29.4,7.8,37.2,Partial Payment,,ADJ-124,8,3.0,
IS-CLM-2025002962,2025-09-15,Collision,WA,E-Portal,227.18,1621.32,Simple,43,No,No,3.0,6.4,9.4,Paid in Full,,ADJ-116,2,4.0,
IS-CLM-2025002963,2025-07-07,Collision,GA,E-Portal,168.16,869.61,Simple,58,Yes,No,95.6,5.2,100.9,Denied,Fraud suspected,ADJ-102,2,,
IS-CLM-2025002964,2025-07-29,Liability,MA,Phone,317.25,2050.25,Simple,41,No,No,38.9,8.0,46.8,Paid in Full,,ADJ-149,4,4.0,Yes
IS-CLM-2025002965,2025-08-09,Bodily Injury,MO,Fax/EDI,1217.98,51922.82,Complex,5,Yes,No,9.2,42.5,51.7,Partial Payment,,ADJ-130,12,3.0,
IS-CLM-2025002966,2025-11-28,Bodily Injury,NC,Phone,355.64,2029.42,Simple,63,No,No,3.0,11.1,14.1,Paid in Full,,ADJ-138,5,4.0,
IS-CLM-2025002967,2025-12-27,Liability,MO,Fax/EDI,346.2,681.08,Simple,88,No,No,4.9,4.6,9.5,Paid in Full,,ADJ-130,5,3.0,
IS-CLM-2025002968,2025-10-28,Property Damage,FL,E-Portal,240.26,700.58,Simple,74,No,No,3.3,2.4,5.7,Paid in Full,,ADJ-120,3,3.0,
IS-CLM-2025002969,2025-11-03,Collision,AZ,E-Portal,245.09,3911.94,Simple,51,No,No,58.0,7.6,65.6,Denied,Filing deadline missed,ADJ-129,4,2.0,
IS-CLM-2025002970,2025-06-06,Bodily Injury,PA,Fax/EDI,1073.27,40493.22,Complex,27,Yes,Yes,37.1,41.2,78.4,Denied,Policy lapsed,ADJ-116,14,1.0,
IS-CLM-2025002971,2025-06-28,Comprehensive,IL,Phone,462.75,2631.52,Simple,38,No,No,59.7,5.4,65.2,Paid in Full,,ADJ-141,3,,
IS-CLM-2025002972,2025-10-19,Property Damage,MO,E-Portal,382.41,1382.72,Simple,95,No,No,14.7,8.5,23.2,Partial Payment,,ADJ-125,1,3.0,
IS-CLM-2025002973,2025-07-05,Bodily Injury,CA,E-Portal,624.61,38268.79,Complex,5,Yes,Yes,178.2,62.3,240.5,Partial Payment,,ADJ-125,16,,
IS-CLM-2025002974,2025-10-31,Collision,TX,Phone,322.56,699.81,Simple,33,Yes,Yes,72.1,8.7,80.8,Paid in Full,,ADJ-150,2,4.0,
IS-CLM-2025002975,2025-07-07,Collision,AZ,Fax/EDI,934.73,11622.69,Complex,29,Yes,No,42.6,88.8,131.4,Denied,Insufficient documentation,ADJ-128,15,2.0,
IS-CLM-2025002976,2025-09-25,Collision,TX,Fax/EDI,688.43,7367.36,Moderate,94,Yes,No,41.3,25.7,67.0,Paid in Full,,ADJ-133,12,3.0,
IS-CLM-2025002977,2025-10-11,Comprehensive,GA,E-Portal,476.67,6036.49,Moderate,54,Yes,No,72.5,7.8,80.3,Denied,Exceeded policy limit,ADJ-101,10,1.0,
IS-CLM-2025002978,2025-12-07,Liability,NY,E-Portal,506.74,6513.97,Moderate,55,No,No,13.5,31.7,45.2,Denied,Policy lapsed,ADJ-107,8,3.0,
IS-CLM-2025002979,2025-11-09,Collision,TX,Fax/EDI,586.19,5461.1,Moderate,43,No,No,6.7,55.4,62.1,Paid in Full,,ADJ-123,5,,No
IS-CLM-2025002980,2025-10-13,Property Damage,MA,E-Portal,359.53,2957.59,Simple,54,No,No,35.3,16.8,52.1,Partial Payment,,ADJ-134,3,,
IS-CLM-2025002981,2025-08-11,Liability,NC,E-Portal,275.49,3240.27,Simple,36,No,Yes,19.0,5.3,24.3,Paid in Full,,ADJ-105,3,4.0,
IS-CLM-2025002982,2025-10-02,Bodily Injury,TX,E-Portal,502.56,9126.55,Moderate,44,No,No,72.7,30.0,102.8,Denied,Policy lapsed,ADJ-121,3,2.0,
IS-CLM-2025002983,2025-10-16,Collision,MD,Phone,444.09,828.76,Simple,58,No,No,3.0,3.4,6.4,Settled,,ADJ-150,5,,
IS-CLM-2025002984,2025-12-08,Bodily Injury,TX,Phone,654.24,24353.77,Moderate,64,Yes,No,107.4,13.5,120.9,Settled,,ADJ-135,3,,
IS-CLM-2025002985,2025-07-07,Collision,GA,E-Portal,140.0,1506.86,Simple,84,No,No,13.2,3.1,16.3,Denied,Filing deadline missed,ADJ-123,4,3.0,
IS-CLM-2025002986,2025-08-07,Bodily Injury,TN,Phone,485.16,2089.57,Simple,89,No,No,85.6,5.8,91.5,Settled,,ADJ-115,4,,
IS-CLM-2025002987,2025-09-18,Property Damage,NJ,Fax/EDI,977.7,25641.2,Complex,51,Yes,Yes,16.7,45.0,61.7,Paid in Full,,ADJ-109,14,4.0,
IS-CLM-2025002988,2025-07-26,Comprehensive,MA,Phone,554.5,1105.94,Simple,99,No,No,58.4,5.6,64.0,Paid in Full,,ADJ-138,4,4.0,
IS-CLM-2025002989,2025-11-28,Property Damage,IL,E-Portal,257.31,1588.35,Simple,63,No,No,12.5,3.4,15.9,Paid in Full,,ADJ-129,2,3.0,
IS-CLM-2025002990,2025-09-09,Bodily Injury,MO,E-Portal,901.95,69950.34,Complex,24,Yes,No,19.2,39.8,59.0,Denied,Fraud suspected,ADJ-122,13,1.0,Yes
IS-CLM-2025002991,2025-11-28,Bodily Injury,NJ,E-Portal,926.13,27839.02,Complex,20,No,Yes,45.4,26.1,71.5,Settled,,ADJ-112,9,5.0,No
IS-CLM-2025002992,2025-12-06,Property Damage,MI,Fax/EDI,462.4,1889.6,Simple,91,No,No,10.4,5.5,15.9,Paid in Full,,ADJ-116,5,5.0,No
IS-CLM-2025002993,2025-09-08,Bodily Injury,CA,Fax/EDI,637.95,48959.36,Complex,49,Yes,Yes,137.8,78.8,216.6,Denied,Pre-existing damage,ADJ-125,18,3.0,
IS-CLM-2025002994,2025-08-05,Comprehensive,AZ,Phone,486.56,3105.44,Simple,76,Yes,No,77.2,9.4,86.6,Paid in Full,,ADJ-135,3,,
IS-CLM-2025002995,2025-11-08,Bodily Injury,MA,Phone,956.7,18574.81,Complex,41,Yes,Yes,251.7,16.7,268.4,Pending Review,,ADJ-108,11,,
IS-CLM-2025002996,2025-06-01,Collision,VA,E-Portal,281.83,3593.93,Simple,42,No,No,13.0,5.5,18.5,Paid in Full,,ADJ-143,1,4.0,
IS-CLM-2025002997,2025-10-20,Bodily Injury,FL,Fax/EDI,594.24,7119.74,Moderate,30,No,No,5.0,23.2,28.2,Denied,Coverage exclusion,ADJ-115,7,,
IS-CLM-2025002998,2025-11-18,Collision,MA,Fax/EDI,409.57,2330.31,Simple,44,No,No,27.2,7.9,35.0,Paid in Full,,ADJ-117,5,4.0,
IS-CLM-2025002999,2025-10-03,Collision,MD,E-Portal,250.93,3306.82,Simple,79,No,No,26.6,3.9,30.5,Paid in Full,,ADJ-147,2,5.0,
IS-CLM-2025003000,2025-08-13,Comprehensive,GA,E-Portal,772.24,8855.33,Complex,85,Yes,No,8.0,48.4,56.4,Settled,,ADJ-110,11,,
IS-CLM-2025003001,2025-11-10,Comprehensive,MI,E-Portal,239.54,1177.95,Simple,85,No,No,3.0,4.5,7.5,Paid in Full,,ADJ-142,5,5.0,No
IS-CLM-2025003002,2025-12-27,Collision,IL,Phone,523.07,1418.93,Simple,95,No,No,31.2,4.7,36.0,Paid in Full,,ADJ-130,1,4.0,
IS-CLM-2025003003,2025-09-05,Bodily Injury,TN,E-Portal,877.6,25783.28,Complex,50,No,No,110.2,18.7,128.9,Partial Payment,,ADJ-148,11,,Yes
IS-CLM-2025003004,2025-08-11,Collision,IL,Fax/EDI,742.58,16675.46,Moderate,36,No,Yes,48.9,14.8,63.7,Paid in Full,,ADJ-109,5,,
IS-CLM-2025003005,2025-07-27,Bodily Injury,NC,E-Portal,614.66,9800.06,Moderate,93,Yes,No,5.0,10.8,15.8,Paid in Full,,ADJ-147,10,,
IS-CLM-2025003006,2025-10-20,Collision,GA,Phone,494.6,2157.75,Simple,99,No,No,3.0,3.7,6.7,Denied,Coverage exclusion,ADJ-107,4,,
IS-CLM-2025003007,2025-11-05,Comprehensive,FL,E-Portal,254.26,2588.05,Simple,61,No,No,50.4,3.1,53.5,Paid in Full,,ADJ-126,1,4.0,
IS-CLM-2025003008,2025-06-07,Liability,WA,E-Portal,860.58,9268.9,Complex,27,Yes,No,42.9,16.1,58.9,Denied,Coverage exclusion,ADJ-126,10,1.0,
IS-CLM-2025003009,2025-08-18,Collision,PA,Fax/EDI,491.19,3968.27,Simple,47,No,No,114.2,3.8,118.0,Settled,,ADJ-136,4,3.0,
IS-CLM-2025003010,2025-12-10,Collision,PA,E-Portal,408.7,6505.43,Moderate,50,Yes,No,7.8,28.2,36.1,Paid in Full,,ADJ-149,8,,
IS-CLM-2025003011,2025-11-12,Property Damage,AZ,Phone,489.65,8838.84,Moderate,25,No,Yes,7.1,21.2,28.3,Denied,Pre-existing damage,ADJ-112,10,,
IS-CLM-2025003012,2025-09-05,Property Damage,NC,Phone,445.61,2812.0,Simple,83,No,Yes,14.1,4.1,18.2,Settled,,ADJ-136,3,3.0,
IS-CLM-2025003013,2025-07-16,Collision,VA,Phone,522.93,2444.83,Simple,25,No,No,7.9,5.6,13.5,Paid in Full,,ADJ-118,3,,
IS-CLM-2025003014,2025-08-05,Bodily Injury,MO,Phone,1052.56,20785.85,Complex,27,Yes,Yes,69.7,41.2,111.0,Denied,Fraud suspected,ADJ-101,9,4.0,Yes
IS-CLM-2025003015,2025-08-01,Comprehensive,GA,E-Portal,367.43,5783.53,Moderate,34,Yes,No,50.2,8.2,58.4,Paid in Full,,ADJ-148,4,4.0,
IS-CLM-2025003016,2025-10-02,Collision,NJ,Phone,412.71,1495.23,Simple,35,No,No,37.7,9.7,47.5,Denied,Coverage exclusion,ADJ-117,5,3.0,
IS-CLM-2025003017,2025-10-11,Collision,MD,Phone,562.33,6876.5,Simple,53,No,No,73.7,2.8,76.6,Paid in Full,,ADJ-145,1,4.0,
IS-CLM-2025003018,2025-10-28,Comprehensive,VA,Phone,676.38,6281.68,Moderate,31,Yes,No,78.2,10.2,88.4,Settled,,ADJ-128,4,2.0,
IS-CLM-2025003019,2025-06-14,Comprehensive,IN,Fax/EDI,1174.51,19923.8,Complex,16,Yes,No,59.6,36.6,96.2,Partial Payment,,ADJ-135,12,,
IS-CLM-2025003020,2025-06-22,Comprehensive,NJ,Phone,576.52,1273.09,Simple,62,Yes,No,126.7,3.0,129.7,Denied,Coverage exclusion,ADJ-117,2,3.0,
IS-CLM-2025003021,2025-10-15,Liability,TN,E-Portal,325.12,1571.06,Simple,29,Yes,No,22.2,5.5,27.7,Paid in Full,,ADJ-136,1,3.0,
IS-CLM-2025003022,2025-06-25,Bodily Injury,TX,Phone,679.76,11089.57,Moderate,6,Yes,No,49.9,7.8,57.7,Partial Payment,,ADJ-109,8,,
IS-CLM-2025003023,2025-06-14,Collision,TN,E-Portal,393.86,2871.36,Simple,82,No,No,80.6,7.6,88.2,Paid in Full,,ADJ-138,2,4.0,
IS-CLM-2025003024,2025-12-25,Collision,FL,Phone,445.78,1359.97,Simple,82,No,No,10.0,3.2,13.2,Settled,,ADJ-113,1,4.0,
IS-CLM-2025003025,2025-06-14,Comprehensive,IL,Phone,492.56,2425.37,Simple,85,No,No,48.4,6.4,54.8,Paid in Full,,ADJ-122,3,,
IS-CLM-2025003026,2025-06-05,Bodily Injury,VA,E-Portal,679.89,12376.02,Complex,31,Yes,Yes,82.4,37.5,120.0,Denied,Coverage exclusion,ADJ-107,9,,
IS-CLM-2025003027,2025-06-07,Collision,AZ,Fax/EDI,694.08,7296.14,Moderate,6,Yes,Yes,189.2,47.7,236.9,Partial Payment,,ADJ-148,12,2.0,
IS-CLM-2025003028,2025-06-05,Bodily Injury,NY,Phone,763.5,74953.73,Complex,30,Yes,Yes,72.3,40.8,113.0,Pending Review,,ADJ-114,18,,
IS-CLM-2025003029,2025-07-07,Bodily Injury,PA,Phone,1026.97,40482.5,Complex,5,Yes,Yes,44.0,22.9,66.9,Paid in Full,,ADJ-121,8,,
IS-CLM-2025003030,2025-10-29,Collision,PA,E-Portal,448.94,3216.97,Moderate,23,Yes,No,5.0,42.4,47.4,Settled,,ADJ-109,3,4.0,
IS-CLM-2025003031,2025-11-17,Property Damage,WA,E-Portal,305.51,2124.64,Simple,64,No,Yes,9.8,2.8,12.6,Denied,Policy lapsed,ADJ-120,2,3.0,
IS-CLM-2025003032,2025-06-26,Comprehensive,OH,E-Portal,255.63,3826.78,Simple,96,Yes,No,29.5,4.4,34.0,Paid in Full,,ADJ-125,1,,
IS-CLM-2025003033,2025-07-11,Comprehensive,GA,Phone,403.5,2051.28,Simple,71,No,No,3.0,8.3,11.3,Denied,Exceeded policy limit,ADJ-144,3,4.0,
IS-CLM-2025003034,2025-07-26,Comprehensive,NJ,Phone,739.81,6077.5,Moderate,30,Yes,No,22.5,11.2,33.7,Settled,,ADJ-120,12,4.0,
IS-CLM-2025003035,2025-12-21,Liability,CA,Phone,721.16,3149.6,Moderate,23,Yes,No,26.9,24.5,51.4,Paid in Full,,ADJ-113,7,3.0,
IS-CLM-2025003036,2025-06-14,Liability,WI,E-Portal,761.15,39864.59,Complex,37,Yes,No,149.6,19.3,168.9,Paid in Full,,ADJ-131,15,,
IS-CLM-2025003037,2025-12-28,Collision,GA,E-Portal,262.43,2201.0,Simple,79,No,No,83.2,2.8,86.0,Partial Payment,,ADJ-124,2,,No
IS-CLM-2025003038,2025-07-30,Collision,MI,Phone,369.8,829.74,Simple,67,No,No,6.0,6.0,12.1,Paid in Full,,ADJ-112,4,,
IS-CLM-2025003039,2025-09-12,Comprehensive,MI,Fax/EDI,784.79,6877.18,Complex,18,Yes,No,16.8,136.8,153.6,Denied,Exceeded policy limit,ADJ-149,11,,
IS-CLM-2025003040,2025-09-03,Comprehensive,GA,Phone,559.42,3364.63,Simple,99,No,No,26.0,5.7,31.6,Paid in Full,,ADJ-127,4,3.0,
IS-CLM-2025003041,2025-08-08,Collision,MA,Phone,420.1,1181.44,Simple,99,No,No,11.9,5.1,17.0,Denied,Pre-existing damage,ADJ-138,3,1.0,
IS-CLM-2025003042,2025-09-22,Collision,NC,Phone,1439.58,7874.86,Complex,42,Yes,No,62.5,48.0,110.5,Settled,,ADJ-122,8,4.0,
IS-CLM-2025003043,2025-11-26,Liability,TN,Phone,899.72,6825.6,Moderate,65,No,No,95.2,23.2,118.4,Denied,Filing deadline missed,ADJ-110,7,4.0,
IS-CLM-2025003044,2025-11-29,Collision,AZ,Phone,786.94,12823.45,Moderate,58,Yes,No,5.0,32.7,37.7,Denied,Filing deadline missed,ADJ-111,10,,
IS-CLM-2025003045,2025-11-26,Property Damage,TN,Phone,745.79,6996.41,Moderate,53,No,Yes,149.7,33.9,183.5,Settled,,ADJ-118,6,,
IS-CLM-2025003046,2025-08-13,Property Damage,TN,Phone,395.3,1360.41,Simple,99,No,No,11.8,6.7,18.5,Settled,,ADJ-102,4,,
IS-CLM-2025003047,2025-09-09,Bodily Injury,MO,Phone,588.43,18884.12,Moderate,79,Yes,No,41.0,40.1,81.1,Paid in Full,,ADJ-149,11,,
IS-CLM-2025003048,2025-06-20,Collision,TN,Phone,711.15,3334.34,Moderate,75,Yes,Yes,30.3,11.8,42.1,Paid in Full,,ADJ-126,11,,
IS-CLM-2025003049,2025-11-25,Bodily Injury,MD,E-Portal,473.08,12796.68,Moderate,21,Yes,Yes,176.3,7.2,183.6,Paid in Full,,ADJ-131,5,4.0,No
IS-CLM-2025003050,2025-09-29,Collision,IL,Phone,1462.23,25557.25,Complex,13,Yes,Yes,65.7,89.6,155.3,Paid in Full,,ADJ-118,13,,
IS-CLM-2025003051,2025-12-26,Comprehensive,MA,Phone,892.71,3411.14,Moderate,16,No,No,13.2,24.0,37.2,Denied,Policy lapsed,ADJ-125,7,2.0,
IS-CLM-2025003052,2025-07-01,Comprehensive,PA,E-Portal,635.41,17140.12,Complex,48,No,Yes,191.8,57.8,249.6,Settled,,ADJ-113,14,,
IS-CLM-2025003053,2025-12-18,Comprehensive,MD,E-Portal,276.73,2047.96,Simple,80,No,No,33.9,6.3,40.2,Partial Payment,,ADJ-110,5,,
IS-CLM-2025003054,2025-11-10,Comprehensive,IL,Fax/EDI,273.13,1793.62,Simple,81,No,No,9.9,8.9,18.8,Paid in Full,,ADJ-126,2,,
IS-CLM-2025003055,2025-07-19,Comprehensive,WA,Phone,394.76,5536.2,Simple,56,No,No,12.7,5.2,17.9,Partial Payment,,ADJ-141,3,1.0,
IS-CLM-2025003056,2025-09-10,Comprehensive,WI,E-Portal,175.41,2864.55,Simple,54,No,No,8.2,1.7,9.9,Paid in Full,,ADJ-112,4,,
IS-CLM-2025003057,2025-09-07,Collision,NJ,Phone,1007.99,3292.99,Moderate,56,Yes,No,28.4,22.4,50.9,Pending Review,,ADJ-144,3,,
IS-CLM-2025003058,2025-10-19,Collision,GA,E-Portal,325.76,3305.82,Simple,24,No,No,16.1,3.6,19.7,Paid in Full,,ADJ-107,4,4.0,
IS-CLM-2025003059,2025-08-29,Bodily Injury,WI,Fax/EDI,686.42,7199.67,Moderate,41,No,No,10.1,28.0,38.1,Partial Payment,,ADJ-147,12,2.0,
IS-CLM-2025003060,2025-12-11,Bodily Injury,FL,E-Portal,728.44,21075.26,Complex,10,Yes,Yes,8.0,63.1,71.1,Denied,Policy lapsed,ADJ-131,15,2.0,
IS-CLM-2025003061,2025-10-02,Property Damage,OH,Fax/EDI,378.96,1207.57,Simple,61,No,No,44.6,8.2,52.8,Partial Payment,,ADJ-119,1,,No
IS-CLM-2025003062,2025-10-18,Property Damage,NC,Fax/EDI,558.91,3130.37,Simple,42,No,No,14.4,5.6,20.0,Paid in Full,,ADJ-114,1,3.0,
IS-CLM-2025003063,2025-08-04,Collision,MO,Phone,886.47,11321.52,Complex,5,Yes,No,58.1,51.9,110.0,Partial Payment,,ADJ-138,15,,
IS-CLM-2025003064,2025-12-15,Comprehensive,CA,Phone,571.38,5864.74,Moderate,41,No,No,7.3,21.3,28.6,Paid in Full,,ADJ-103,5,5.0,
IS-CLM-2025003065,2025-09-15,Property Damage,TN,E-Portal,450.87,4624.21,Moderate,8,Yes,Yes,275.2,13.7,289.0,Partial Payment,,ADJ-105,12,,
IS-CLM-2025003066,2025-08-03,Bodily Injury,NJ,E-Portal,451.34,12112.04,Moderate,92,Yes,Yes,25.6,10.0,35.6,Pending Review,,ADJ-148,8,,
IS-CLM-2025003067,2025-08-06,Collision,PA,E-Portal,322.04,1962.13,Simple,66,No,No,100.9,3.2,104.1,Paid in Full,,ADJ-128,1,,
IS-CLM-2025003068,2025-10-23,Collision,NY,Fax/EDI,590.86,6964.93,Moderate,67,No,No,86.8,30.1,116.9,Settled,,ADJ-114,11,4.0,
IS-CLM-2025003069,2025-06-21,Comprehensive,VA,Phone,414.26,1678.12,Simple,78,Yes,No,3.0,13.3,16.3,Paid in Full,,ADJ-106,4,4.0,No
IS-CLM-2025003070,2025-07-05,Property Damage,NY,Phone,418.89,2783.16,Simple,81,No,No,32.6,4.9,37.5,Paid in Full,,ADJ-102,2,3.0,
IS-CLM-2025003071,2025-09-27,Bodily Injury,CA,Phone,981.38,20886.99,Complex,11,Yes,Yes,8.0,26.9,34.9,Pending Review,,ADJ-142,6,,
IS-CLM-2025003072,2025-07-01,Bodily Injury,PA,Fax/EDI,636.71,3517.11,Moderate,32,Yes,No,16.3,7.3,23.6,Settled,,ADJ-121,5,,
IS-CLM-2025003073,2025-11-26,Liability,FL,E-Portal,405.88,10621.39,Moderate,56,Yes,Yes,137.6,20.5,158.1,Paid in Full,,ADJ-131,11,3.0,
IS-CLM-2025003074,2025-09-06,Comprehensive,NJ,Phone,732.31,4916.68,Moderate,66,Yes,No,106.1,24.2,130.3,Denied,Fraud suspected,ADJ-106,3,,
IS-CLM-2025003075,2025-10-06,Liability,NJ,Fax/EDI,777.42,13354.73,Complex,35,Yes,Yes,13.1,57.3,70.4,Paid in Full,,ADJ-108,17,4.0,
IS-CLM-2025003076,2025-08-13,Bodily Injury,IL,Fax/EDI,676.05,8770.02,Moderate,59,Yes,No,12.6,11.1,23.7,Paid in Full,,ADJ-104,4,,
IS-CLM-2025003077,2025-06-22,Collision,VA,Fax/EDI,468.95,1368.98,Simple,69,Yes,No,30.2,4.7,34.9,Settled,,ADJ-128,2,4.0,
IS-CLM-2025003078,2025-09-13,Collision,MO,Phone,606.89,5321.95,Moderate,32,Yes,No,48.3,14.2,62.6,Pending Review,,ADJ-149,10,,
IS-CLM-2025003079,2025-06-20,Bodily Injury,CA,Phone,368.18,3717.83,Simple,70,No,No,33.8,2.0,35.8,Partial Payment,,ADJ-105,4,3.0,No
IS-CLM-2025003080,2025-10-31,Collision,WA,Fax/EDI,481.17,2689.26,Simple,63,No,No,28.1,3.9,32.0,Paid in Full,,ADJ-139,3,4.0,
IS-CLM-2025003081,2025-11-01,Comprehensive,GA,Fax/EDI,543.51,1080.09,Simple,35,Yes,No,39.5,7.3,46.8,Partial Payment,,ADJ-141,3,4.0,
IS-CLM-2025003082,2025-08-29,Collision,AZ,E-Portal,794.58,36387.14,Complex,29,Yes,No,78.8,40.9,119.7,Paid in Full,,ADJ-112,12,,
IS-CLM-2025003083,2025-06-23,Bodily Injury,MD,Fax/EDI,868.04,85000.0,Complex,12,Yes,Yes,240.6,33.6,274.2,Settled,,ADJ-124,11,4.0,
IS-CLM-2025003084,2025-08-06,Collision,AZ,E-Portal,326.88,706.44,Simple,73,No,Yes,4.5,6.1,10.6,Partial Payment,,ADJ-142,3,3.0,
IS-CLM-2025003085,2025-07-27,Bodily Injury,CA,E-Portal,462.12,17955.78,Moderate,64,Yes,Yes,22.0,9.1,31.1,Paid in Full,,ADJ-127,5,2.0,
IS-CLM-2025003086,2025-12-19,Bodily Injury,IN,E-Portal,803.81,34206.72,Complex,22,Yes,Yes,49.1,23.7,72.8,Pending Review,,ADJ-141,18,,
IS-CLM-2025003087,2025-10-17,Comprehensive,WA,Phone,773.9,2739.05,Moderate,35,No,Yes,36.4,22.1,58.5,Partial Payment,,ADJ-109,11,2.0,
IS-CLM-2025003088,2025-09-29,Property Damage,TN,Fax/EDI,769.32,8387.84,Moderate,53,Yes,No,25.8,43.8,69.6,Partial Payment,,ADJ-143,5,2.0,
IS-CLM-2025003089,2025-07-07,Collision,MO,Fax/EDI,449.54,1364.77,Simple,80,No,Yes,186.8,6.6,193.5,Denied,Fraud suspected,ADJ-121,2,3.0,
IS-CLM-2025003090,2025-08-31,Property Damage,WA,E-Portal,323.05,3245.74,Simple,31,No,Yes,89.1,9.4,98.5,Paid in Full,,ADJ-147,5,2.0,
IS-CLM-2025003091,2025-11-02,Collision,NY,E-Portal,335.29,689.27,Simple,51,No,No,18.3,6.5,24.8,Paid in Full,,ADJ-108,2,4.0,
IS-CLM-2025003092,2025-06-08,Collision,VA,E-Portal,291.06,2642.84,Simple,20,No,No,76.4,3.0,79.4,Paid in Full,,ADJ-110,2,,
IS-CLM-2025003093,2025-10-14,Collision,WI,Fax/EDI,369.4,736.38,Simple,78,Yes,Yes,28.3,4.9,33.2,Denied,Filing deadline missed,ADJ-145,3,,
IS-CLM-2025003094,2025-10-21,Bodily Injury,TX,Phone,726.35,9616.19,Moderate,61,Yes,Yes,39.7,18.1,57.8,Paid in Full,,ADJ-135,3,,
IS-CLM-2025003095,2025-06-07,Comprehensive,NJ,E-Portal,251.48,5731.48,Simple,58,No,No,41.8,4.2,46.1,Paid in Full,,ADJ-122,2,4.0,
IS-CLM-2025003096,2025-11-04,Liability,VA,Phone,387.44,7001.25,Simple,99,Yes,No,35.2,9.9,45.1,Denied,Pre-existing damage,ADJ-107,3,3.0,
IS-CLM-2025003097,2025-10-21,Liability,TN,E-Portal,619.62,7293.23,Complex,10,Yes,No,191.2,9.5,200.7,Denied,Policy lapsed,ADJ-112,6,,
IS-CLM-2025003098,2025-11-20,Collision,MO,E-Portal,438.75,1392.3,Simple,87,No,No,38.6,2.2,40.9,Denied,Pre-existing damage,ADJ-136,1,,
IS-CLM-2025003099,2025-07-29,Collision,MD,E-Portal,483.48,7727.36,Moderate,8,No,No,21.8,5.0,26.8,Pending Review,,ADJ-107,6,,
IS-CLM-2025003100,2025-11-06,Comprehensive,MD,Phone,855.38,6970.36,Moderate,84,No,No,46.3,32.9,79.2,Paid in Full,,ADJ-147,9,4.0,
IS-CLM-2025003101,2025-06-04,Liability,VA,Phone,985.51,16592.65,Complex,59,Yes,Yes,69.3,24.4,93.6,Paid in Full,,ADJ-132,17,3.0,No
IS-CLM-2025003102,2025-10-25,Bodily Injury,NJ,Fax/EDI,594.73,3861.38,Simple,72,Yes,No,14.7,6.0,20.7,Paid in Full,,ADJ-112,5,,
IS-CLM-2025003103,2025-06-01,Collision,TN,Phone,619.86,2629.94,Simple,94,No,No,6.4,7.1,13.6,Settled,,ADJ-123,2,3.0,No
IS-CLM-2025003104,2025-12-23,Liability,MO,Fax/EDI,332.6,2710.07,Simple,87,No,No,11.1,7.1,18.2,Paid in Full,,ADJ-127,4,3.0,
IS-CLM-2025003105,2025-09-24,Comprehensive,NC,E-Portal,996.01,44852.72,Complex,5,Yes,No,17.3,14.3,31.5,Paid in Full,,ADJ-129,11,4.0,
IS-CLM-2025003106,2025-07-28,Collision,TN,E-Portal,287.63,2983.61,Simple,75,Yes,No,17.5,6.4,23.8,Partial Payment,,ADJ-109,3,3.0,No
IS-CLM-2025003107,2025-06-06,Collision,IN,Fax/EDI,329.49,1825.99,Simple,55,No,No,50.9,7.7,58.6,Partial Payment,,ADJ-141,5,,
IS-CLM-2025003108,2025-08-15,Bodily Injury,NC,Fax/EDI,335.9,9546.36,Simple,59,No,No,23.6,10.1,33.6,Partial Payment,,ADJ-121,1,4.0,No
IS-CLM-2025003109,2025-11-20,Comprehensive,IL,Phone,496.93,1640.9,Simple,96,Yes,No,99.5,7.3,106.8,Paid in Full,,ADJ-114,3,3.0,
IS-CLM-2025003110,2025-12-14,Comprehensive,TX,Phone,1121.72,4199.01,Complex,9,Yes,Yes,159.6,36.2,195.7,Settled,,ADJ-122,10,2.0,
IS-CLM-2025003111,2025-09-10,Liability,WA,Phone,387.3,3292.12,Simple,85,No,No,77.7,8.2,85.9,Paid in Full,,ADJ-138,1,4.0,
IS-CLM-2025003112,2025-10-06,Bodily Injury,WI,Fax/EDI,1007.41,19789.84,Complex,48,Yes,No,26.1,104.5,130.5,Partial Payment,,ADJ-104,8,,Yes
IS-CLM-2025003113,2025-07-25,Property Damage,GA,E-Portal,487.33,10785.55,Moderate,34,Yes,Yes,108.7,15.2,123.9,Paid in Full,,ADJ-139,7,4.0,
IS-CLM-2025003114,2025-07-27,Liability,FL,Fax/EDI,1089.88,16680.52,Complex,17,Yes,Yes,48.1,25.1,73.1,Denied,Fraud suspected,ADJ-125,8,1.0,
IS-CLM-2025003115,2025-06-06,Collision,PA,Phone,514.84,2762.67,Simple,99,No,No,56.8,4.7,61.5,Paid in Full,,ADJ-145,5,,No
IS-CLM-2025003116,2025-09-22,Collision,IL,Phone,991.54,7007.06,Moderate,55,No,No,23.4,19.6,42.9,Paid in Full,,ADJ-109,3,4.0,
IS-CLM-2025003117,2025-09-13,Property Damage,MD,E-Portal,274.01,3185.46,Simple,45,No,No,288.9,3.0,291.9,Paid in Full,,ADJ-123,2,4.0,
IS-CLM-2025003118,2025-09-12,Comprehensive,AZ,E-Portal,407.36,6543.52,Moderate,29,Yes,Yes,30.3,14.2,44.5,Paid in Full,,ADJ-115,5,,
IS-CLM-2025003119,2025-12-10,Comprehensive,TX,E-Portal,546.46,6761.67,Moderate,14,Yes,Yes,38.6,10.4,49.0,Paid in Full,,ADJ-103,7,3.0,
IS-CLM-2025003120,2025-12-28,Collision,MI,Phone,619.43,8041.59,Moderate,58,Yes,No,5.0,15.8,20.8,Denied,Fraud suspected,ADJ-104,4,3.0,
IS-CLM-2025003121,2025-11-12,Collision,GA,Phone,428.47,3589.53,Simple,65,No,No,54.8,1.2,56.0,Paid in Full,,ADJ-132,1,,
IS-CLM-2025003122,2025-06-01,Comprehensive,TX,E-Portal,523.38,4269.04,Moderate,20,Yes,No,18.0,19.4,37.4,Partial Payment,,ADJ-107,9,4.0,
IS-CLM-2025003123,2025-08-27,Bodily Injury,AZ,E-Portal,906.01,33293.57,Complex,14,Yes,Yes,58.4,34.1,92.5,Partial Payment,,ADJ-148,10,4.0,
IS-CLM-2025003124,2025-11-01,Bodily Injury,NJ,Phone,1077.98,40186.22,Complex,24,Yes,Yes,69.7,75.0,144.7,Paid in Full,,ADJ-110,8,3.0,
IS-CLM-2025003125,2025-12-21,Collision,MI,Phone,335.56,1256.49,Simple,68,No,No,83.7,3.5,87.2,Paid in Full,,ADJ-115,1,,
IS-CLM-2025003126,2025-11-14,Collision,MD,Phone,632.29,5663.7,Moderate,50,No,No,62.4,17.1,79.4,Pending Review,,ADJ-119,8,,
IS-CLM-2025003127,2025-09-21,Comprehensive,NJ,Fax/EDI,370.52,2239.71,Simple,32,No,No,46.7,3.5,50.3,Paid in Full,,ADJ-108,5,2.0,
IS-CLM-2025003128,2025-12-11,Property Damage,MI,E-Portal,237.07,3341.08,Simple,75,No,No,10.2,6.4,16.6,Paid in Full,,ADJ-106,4,,
IS-CLM-2025003129,2025-09-18,Collision,TN,Phone,736.27,3000.39,Moderate,34,Yes,No,49.5,14.1,63.6,Paid in Full,,ADJ-142,9,4.0,
IS-CLM-2025003130,2025-06-07,Collision,WI,Phone,383.93,1368.88,Simple,87,Yes,No,9.1,4.2,13.3,Paid in Full,,ADJ-136,1,4.0,
IS-CLM-2025003131,2025-06-19,Bodily Injury,WA,E-Portal,810.51,37876.52,Complex,24,Yes,No,8.0,34.2,42.2,Pending Review,,ADJ-141,13,,
IS-CLM-2025003132,2025-09-22,Property Damage,CA,Fax/EDI,499.01,2266.32,Simple,38,No,No,52.3,7.2,59.5,Paid in Full,,ADJ-114,3,4.0,
IS-CLM-2025003133,2025-07-09,Collision,OH,Fax/EDI,448.27,2797.3,Simple,84,Yes,No,16.9,4.6,21.5,Denied,Policy lapsed,ADJ-105,2,2.0,
IS-CLM-2025003134,2025-11-10,Bodily Injury,IN,Phone,1123.07,18154.46,Complex,33,Yes,Yes,227.6,73.8,301.4,Paid in Full,,ADJ-132,6,2.0,
IS-CLM-2025003135,2025-07-09,Liability,WA,E-Portal,219.75,1941.52,Simple,60,Yes,No,104.5,7.0,111.5,Paid in Full,,ADJ-130,3,,
IS-CLM-2025003136,2025-08-02,Property Damage,WI,Phone,343.06,825.15,Simple,45,No,No,8.7,3.3,12.0,Paid in Full,,ADJ-145,1,3.0,
IS-CLM-2025003137,2025-08-06,Bodily Injury,TN,Fax/EDI,551.88,24961.79,Moderate,42,Yes,No,27.4,11.5,38.9,Paid in Full,,ADJ-140,6,4.0,Yes
IS-CLM-2025003138,2025-10-01,Comprehensive,MO,Fax/EDI,239.66,2495.2,Simple,40,Yes,Yes,5.6,6.1,11.7,Paid in Full,,ADJ-144,4,3.0,No
IS-CLM-2025003139,2025-10-24,Collision,FL,Fax/EDI,858.35,10977.85,Complex,8,Yes,Yes,31.5,108.4,140.0,Denied,Fraud suspected,ADJ-109,5,2.0,
IS-CLM-2025003140,2025-12-17,Liability,NC,E-Portal,542.12,6820.8,Complex,34,Yes,No,88.2,36.4,124.5,Settled,,ADJ-145,11,3.0,Yes
IS-CLM-2025003141,2025-07-18,Property Damage,TN,Fax/EDI,536.9,4299.68,Simple,69,No,Yes,71.3,10.2,81.5,Denied,Filing deadline missed,ADJ-110,4,1.0,
IS-CLM-2025003142,2025-08-11,Collision,VA,Phone,391.08,1986.44,Simple,65,No,No,82.8,10.5,93.3,Denied,Policy lapsed,ADJ-132,3,,No
IS-CLM-2025003143,2025-08-20,Property Damage,AZ,Fax/EDI,587.82,5049.41,Moderate,61,No,No,9.2,11.6,20.8,Paid in Full,,ADJ-119,12,4.0,
IS-CLM-2025003144,2025-07-13,Property Damage,NC,E-Portal,256.97,3421.64,Simple,32,No,No,4.1,1.8,5.9,Paid in Full,,ADJ-102,3,4.0,
IS-CLM-2025003145,2025-07-06,Bodily Injury,VA,Phone,1089.8,38357.98,Complex,25,Yes,Yes,41.2,55.6,96.8,Paid in Full,,ADJ-127,10,4.0,
IS-CLM-2025003146,2025-08-25,Liability,NY,Phone,938.74,37683.04,Complex,33,Yes,Yes,111.6,26.4,137.9,Settled,,ADJ-109,17,4.0,
IS-CLM-2025003147,2025-09-15,Bodily Injury,MA,E-Portal,545.21,9965.81,Moderate,5,No,No,57.2,14.8,72.1,Settled,,ADJ-145,3,,
IS-CLM-2025003148,2025-10-28,Collision,OH,E-Portal,286.27,12032.48,Simple,62,No,Yes,35.2,6.7,41.9,Denied,Coverage exclusion,ADJ-109,5,3.0,
IS-CLM-2025003149,2025-09-20,Property Damage,MI,E-Portal,182.62,1343.47,Simple,65,No,No,13.0,5.0,18.0,Denied,Filing deadline missed,ADJ-132,4,2.0,
IS-CLM-2025003150,2025-11-24,Collision,CA,Fax/EDI,811.01,5331.92,Moderate,96,Yes,No,85.8,14.7,100.4,Settled,,ADJ-137,10,,
IS-CLM-2025003151,2025-07-06,Collision,MI,Fax/EDI,1055.91,6307.92,Complex,34,Yes,No,119.0,76.5,195.5,Settled,,ADJ-130,5,4.0,
IS-CLM-2025003152,2025-11-14,Comprehensive,WA,Fax/EDI,432.89,1139.3,Simple,62,Yes,No,6.8,3.4,10.1,Partial Payment,,ADJ-110,2,3.0,
IS-CLM-2025003153,2025-11-13,Bodily Injury,PA,E-Portal,601.54,21946.12,Complex,63,Yes,Yes,36.6,19.7,56.4,Paid in Full,,ADJ-118,10,3.0,
IS-CLM-2025003154,2025-09-10,Comprehensive,MA,Phone,424.9,2594.69,Simple,54,No,No,22.9,11.3,34.2,Paid in Full,,ADJ-113,4,,
IS-CLM-2025003155,2025-11-19,Liability,PA,Fax/EDI,1217.28,31050.3,Complex,6,Yes,Yes,12.9,32.5,45.4,Partial Payment,,ADJ-128,8,3.0,
IS-CLM-2025003156,2025-06-18,Comprehensive,PA,Phone,387.71,1626.11,Simple,98,No,No,5.0,14.0,19.0,Paid in Full,,ADJ-104,5,3.0,
IS-CLM-2025003157,2025-08-08,Property Damage,PA,Phone,362.64,1056.51,Simple,60,No,No,58.4,5.3,63.7,Partial Payment,,ADJ-135,2,1.0,
IS-CLM-2025003158,2025-12-10,Collision,OH,E-Portal,268.12,1942.48,Simple,47,No,No,28.1,8.9,37.0,Settled,,ADJ-102,5,3.0,
IS-CLM-2025003159,2025-11-24,Collision,MO,Phone,669.93,6606.45,Moderate,36,Yes,Yes,148.7,24.9,173.7,Paid in Full,,ADJ-114,9,4.0,
IS-CLM-2025003160,2025-08-25,Collision,NC,E-Portal,356.21,1460.82,Simple,61,No,No,49.7,5.7,55.3,Partial Payment,,ADJ-109,1,2.0,
IS-CLM-2025003161,2025-09-03,Liability,TN,Fax/EDI,585.95,6215.51,Moderate,61,No,Yes,5.0,20.4,25.4,Denied,Pre-existing damage,ADJ-117,12,4.0,
IS-CLM-2025003162,2025-06-24,Property Damage,WI,E-Portal,374.47,2183.88,Simple,59,No,No,10.3,9.3,19.5,Paid in Full,,ADJ-101,1,4.0,No
IS-CLM-2025003163,2025-08-24,Comprehensive,NJ,Phone,409.3,4632.67,Simple,35,No,No,14.5,5.5,20.0,Paid in Full,,ADJ-134,1,2.0,
IS-CLM-2025003164,2025-06-13,Comprehensive,OH,E-Portal,324.65,951.91,Simple,91,No,No,12.1,4.1,16.2,Paid in Full,,ADJ-149,1,3.0,No
IS-CLM-2025003165,2025-11-11,Comprehensive,FL,E-Portal,247.79,834.44,Simple,56,No,No,3.0,1.1,4.1,Paid in Full,,ADJ-126,4,,
IS-CLM-2025003166,2025-08-27,Collision,FL,Phone,456.11,1271.26,Simple,66,No,No,3.0,6.3,9.3,Partial Payment,,ADJ-141,1,2.0,
IS-CLM-2025003167,2025-11-13,Comprehensive,OH,E-Portal,239.24,2564.54,Simple,30,No,No,3.0,6.5,9.5,Denied,Coverage exclusion,ADJ-113,1,,No
IS-CLM-2025003168,2025-06-04,Bodily Injury,NY,Fax/EDI,717.13,6040.9,Moderate,64,Yes,No,96.0,9.4,105.4,Paid in Full,,ADJ-119,10,4.0,
IS-CLM-2025003169,2025-12-26,Comprehensive,MD,Fax/EDI,415.23,3366.29,Simple,99,Yes,No,25.3,4.7,30.0,Paid in Full,,ADJ-139,1,4.0,
IS-CLM-2025003170,2025-09-27,Property Damage,NY,Fax/EDI,346.49,3226.17,Simple,61,No,No,3.8,4.0,7.8,Partial Payment,,ADJ-142,2,4.0,
IS-CLM-2025003171,2025-06-27,Bodily Injury,TN,Phone,435.62,3177.49,Simple,43,No,No,26.3,9.1,35.3,Paid in Full,,ADJ-134,4,4.0,No
IS-CLM-2025003172,2025-10-24,Comprehensive,WI,Fax/EDI,684.37,6618.59,Moderate,26,No,No,32.0,5.4,37.4,Denied,Fraud suspected,ADJ-134,6,,
IS-CLM-2025003173,2025-07-11,Collision,TN,Fax/EDI,551.33,878.31,Simple,99,Yes,Yes,10.8,6.0,16.9,Paid in Full,,ADJ-135,2,4.0,
IS-CLM-2025003174,2025-08-05,Collision,MI,Phone,601.69,5594.6,Simple,96,Yes,No,57.5,5.1,62.5,Paid in Full,,ADJ-121,4,,
IS-CLM-2025003175,2025-10-18,Collision,MI,E-Portal,328.76,3227.82,Simple,76,No,No,22.7,3.8,26.5,Denied,Fraud suspected,ADJ-142,5,,No
IS-CLM-2025003176,2025-10-09,Property Damage,IL,E-Portal,424.48,5594.45,Moderate,30,Yes,No,5.0,8.5,13.5,Paid in Full,,ADJ-107,10,,
IS-CLM-2025003177,2025-11-27,Collision,MA,E-Portal,505.63,7511.38,Moderate,41,Yes,No,18.7,8.5,27.3,Paid in Full,,ADJ-135,7,,
IS-CLM-2025003178,2025-09-18,Collision,MO,E-Portal,543.51,4757.03,Moderate,52,No,No,6.1,6.9,13.0,Denied,Pre-existing damage,ADJ-101,5,,
IS-CLM-2025003179,2025-08-27,Liability,OH,Fax/EDI,350.18,2629.83,Simple,41,No,No,21.5,12.0,33.5,Paid in Full,,ADJ-149,4,4.0,
IS-CLM-2025003180,2025-10-22,Collision,GA,Phone,447.36,1990.04,Simple,40,Yes,No,22.9,2.6,25.6,Paid in Full,,ADJ-148,1,3.0,
IS-CLM-2025003181,2025-07-03,Collision,IN,Fax/EDI,345.45,3454.03,Simple,93,No,Yes,24.0,8.8,32.7,Partial Payment,,ADJ-135,4,,
IS-CLM-2025003182,2025-06-02,Collision,MO,E-Portal,714.27,8215.64,Complex,46,Yes,No,47.6,28.2,75.8,Denied,Insufficient documentation,ADJ-141,12,,
IS-CLM-2025003183,2025-07-28,Comprehensive,MO,Fax/EDI,514.77,2136.81,Simple,99,No,No,77.2,8.7,85.9,Denied,Pre-existing damage,ADJ-130,1,3.0,
IS-CLM-2025003184,2025-12-12,Comprehensive,IN,E-Portal,307.81,998.72,Simple,84,No,No,82.3,11.2,93.6,Paid in Full,,ADJ-133,4,2.0,
IS-CLM-2025003185,2025-12-17,Property Damage,WA,Fax/EDI,611.82,6719.91,Moderate,61,No,Yes,18.7,20.9,39.6,Paid in Full,,ADJ-110,7,4.0,
IS-CLM-2025003186,2025-08-15,Comprehensive,NJ,Phone,469.5,1466.76,Simple,88,No,No,6.8,3.0,9.8,Paid in Full,,ADJ-123,4,,
IS-CLM-2025003187,2025-11-25,Property Damage,MD,Phone,368.93,1789.51,Simple,39,Yes,No,27.6,6.2,33.8,Paid in Full,,ADJ-146,4,,
IS-CLM-2025003188,2025-11-21,Comprehensive,WI,E-Portal,281.32,4169.87,Simple,47,No,No,14.8,5.8,20.6,Paid in Full,,ADJ-128,3,,
IS-CLM-2025003189,2025-09-12,Bodily Injury,MD,Phone,1155.46,36839.56,Complex,30,Yes,Yes,28.3,39.8,68.1,Paid in Full,,ADJ-144,11,5.0,
IS-CLM-2025003190,2025-07-31,Comprehensive,OH,Fax/EDI,772.78,20004.54,Complex,69,Yes,Yes,129.6,50.4,180.0,Partial Payment,,ADJ-146,10,3.0,
IS-CLM-2025003191,2025-12-28,Liability,NJ,E-Portal,523.55,3771.61,Moderate,54,No,No,11.1,13.2,24.4,Paid in Full,,ADJ-146,8,3.0,
IS-CLM-2025003192,2025-09-26,Liability,WA,E-Portal,568.7,6486.83,Moderate,33,No,Yes,49.0,16.1,65.1,Paid in Full,,ADJ-105,7,4.0,No
IS-CLM-2025003193,2025-11-07,Bodily Injury,CA,Fax/EDI,842.44,11266.45,Complex,20,Yes,Yes,32.4,25.6,57.9,Settled,,ADJ-143,8,3.0,
IS-CLM-2025003194,2025-12-13,Bodily Injury,NY,Fax/EDI,670.22,40499.81,Complex,22,Yes,Yes,23.3,44.4,67.6,Denied,Coverage exclusion,ADJ-122,5,,
IS-CLM-2025003195,2025-06-25,Liability,TX,E-Portal,754.02,14066.15,Complex,60,Yes,Yes,190.3,15.9,206.3,Paid in Full,,ADJ-133,5,4.0,
IS-CLM-2025003196,2025-08-29,Bodily Injury,MO,Fax/EDI,459.24,7258.06,Simple,34,No,No,9.3,3.9,13.2,Paid in Full,,ADJ-122,5,4.0,
IS-CLM-2025003197,2025-10-21,Bodily Injury,OH,Phone,734.21,5509.28,Moderate,54,Yes,No,115.6,11.4,127.0,Paid in Full,,ADJ-114,8,4.0,Yes
IS-CLM-2025003198,2025-06-23,Bodily Injury,WA,E-Portal,487.81,33299.74,Moderate,48,Yes,No,61.2,21.3,82.6,Paid in Full,,ADJ-117,9,3.0,
IS-CLM-2025003199,2025-11-29,Property Damage,IN,E-Portal,368.95,6093.68,Simple,58,No,Yes,129.0,4.3,133.3,Partial Payment,,ADJ-116,2,1.0,
IS-CLM-2025003200,2025-07-24,Liability,FL,Phone,290.7,4461.49,Simple,36,No,No,3.0,4.6,7.6,Partial Payment,,ADJ-143,4,4.0,No
IS-CLM-2025003201,2025-07-08,Collision,IN,Phone,468.68,2407.46,Simple,84,No,No,65.3,3.9,69.2,Denied,Fraud suspected,ADJ-147,4,,
IS-CLM-2025003202,2025-08-14,Collision,CA,E-Portal,461.36,10160.38,Moderate,10,Yes,Yes,44.6,11.5,56.1,Settled,,ADJ-143,5,4.0,
IS-CLM-2025003203,2025-09-09,Property Damage,TX,Phone,701.05,6257.94,Moderate,43,No,No,27.2,13.0,40.2,Paid in Full,,ADJ-138,3,4.0,
IS-CLM-2025003204,2025-08-26,Liability,NC,E-Portal,301.62,6421.38,Simple,97,Yes,No,28.1,2.5,30.7,Paid in Full,,ADJ-142,2,,
IS-CLM-2025003205,2025-11-13,Collision,OH,E-Portal,321.82,747.5,Simple,53,No,No,13.5,4.5,17.9,Paid in Full,,ADJ-142,2,4.0,
IS-CLM-2025003206,2025-11-30,Collision,OH,E-Portal,267.24,3273.16,Simple,56,Yes,No,5.6,6.1,11.7,Partial Payment,,ADJ-147,1,3.0,
IS-CLM-2025003207,2025-10-13,Collision,WA,Phone,458.34,2496.39,Simple,47,Yes,No,7.2,8.5,15.7,Denied,Coverage exclusion,ADJ-120,5,,
IS-CLM-2025003208,2025-07-15,Comprehensive,IN,E-Portal,400.06,3058.94,Simple,58,No,No,20.2,11.9,32.1,Paid in Full,,ADJ-105,3,5.0,
IS-CLM-2025003209,2025-11-01,Bodily Injury,IL,Phone,1150.24,16686.81,Complex,62,Yes,Yes,8.0,34.6,42.6,Settled,,ADJ-104,9,,Yes
IS-CLM-2025003210,2025-11-10,Collision,MD,Phone,1388.3,4467.66,Complex,24,Yes,No,31.7,141.2,172.8,Pending Review,,ADJ-126,7,,
IS-CLM-2025003211,2025-11-12,Comprehensive,CA,Phone,662.92,526.26,Simple,79,No,No,25.2,4.8,29.9,Paid in Full,,ADJ-109,4,3.0,
IS-CLM-2025003212,2025-08-29,Property Damage,WI,Phone,799.41,7321.28,Moderate,51,Yes,No,27.4,12.1,39.5,Denied,Filing deadline missed,ADJ-101,8,,
IS-CLM-2025003213,2025-07-27,Collision,FL,E-Portal,223.57,2873.81,Simple,87,No,No,56.0,2.1,58.1,Paid in Full,,ADJ-123,5,,
IS-CLM-2025003214,2025-11-20,Liability,GA,E-Portal,517.34,3365.59,Moderate,48,Yes,No,27.0,12.9,39.9,Paid in Full,,ADJ-139,10,,
IS-CLM-2025003215,2025-08-14,Comprehensive,PA,Phone,519.2,2780.11,Simple,56,No,No,3.0,26.1,29.1,Partial Payment,,ADJ-109,4,,
IS-CLM-2025003216,2025-09-30,Collision,TN,Phone,459.81,946.42,Simple,26,No,No,101.7,5.3,107.0,Partial Payment,,ADJ-126,4,3.0,
IS-CLM-2025003217,2025-11-24,Comprehensive,NY,Phone,1094.04,23196.68,Complex,26,Yes,Yes,33.2,23.4,56.6,Paid in Full,,ADJ-109,15,4.0,
IS-CLM-2025003218,2025-12-25,Comprehensive,OH,Fax/EDI,366.68,1433.65,Simple,47,No,No,32.5,4.1,36.5,Settled,,ADJ-143,3,4.0,
IS-CLM-2025003219,2025-12-04,Liability,AZ,Phone,1172.43,14949.59,Complex,46,Yes,No,58.7,37.4,96.1,Paid in Full,,ADJ-112,14,4.0,
IS-CLM-2025003220,2025-09-17,Liability,TN,Phone,955.71,3860.52,Complex,47,Yes,Yes,88.8,30.0,118.8,Settled,,ADJ-145,16,2.0,
IS-CLM-2025003221,2025-11-12,Bodily Injury,AZ,Fax/EDI,750.28,6237.83,Moderate,5,No,Yes,44.7,38.2,82.9,Paid in Full,,ADJ-142,12,,
IS-CLM-2025003222,2025-11-30,Comprehensive,MO,Phone,698.38,2678.33,Simple,34,Yes,No,34.0,2.8,36.8,Paid in Full,,ADJ-121,5,4.0,
IS-CLM-2025003223,2025-07-05,Collision,VA,Phone,412.72,1151.71,Simple,61,No,No,4.7,3.5,8.2,Denied,Exceeded policy limit,ADJ-121,5,,No
IS-CLM-2025003224,2025-09-06,Liability,NJ,Fax/EDI,832.52,4627.91,Moderate,77,Yes,No,161.6,10.3,171.9,Paid in Full,,ADJ-148,11,4.0,
IS-CLM-2025003225,2025-06-08,Bodily Injury,FL,E-Portal,824.89,81268.0,Complex,27,Yes,Yes,39.5,29.7,69.2,Denied,Pre-existing damage,ADJ-129,6,,
IS-CLM-2025003226,2025-12-17,Comprehensive,AZ,Fax/EDI,707.09,9019.18,Moderate,36,Yes,Yes,33.6,21.8,55.4,Paid in Full,,ADJ-109,12,,
IS-CLM-2025003227,2025-08-30,Bodily Injury,AZ,Phone,1356.16,55163.27,Complex,42,Yes,Yes,56.2,28.3,84.4,Partial Payment,,ADJ-108,18,,
IS-CLM-2025003228,2025-10-13,Liability,TN,E-Portal,515.5,4520.14,Moderate,92,No,Yes,14.9,11.3,26.2,Partial Payment,,ADJ-139,5,4.0,
IS-CLM-2025003229,2025-10-31,Bodily Injury,IL,Fax/EDI,790.66,19307.43,Moderate,63,Yes,Yes,19.6,29.4,49.0,Denied,Exceeded policy limit,ADJ-123,10,,No
IS-CLM-2025003230,2025-11-08,Comprehensive,GA,Fax/EDI,560.8,3652.81,Moderate,58,No,No,28.8,40.5,69.3,Partial Payment,,ADJ-102,4,2.0,
IS-CLM-2025003231,2025-07-09,Collision,VA,E-Portal,345.51,3087.42,Simple,42,Yes,No,14.6,4.9,19.4,Paid in Full,,ADJ-141,1,3.0,
IS-CLM-2025003232,2025-07-14,Comprehensive,WI,Phone,1259.48,18345.6,Complex,43,Yes,No,99.7,12.6,112.2,Partial Payment,,ADJ-110,7,1.0,
IS-CLM-2025003233,2025-07-19,Bodily Injury,TN,Fax/EDI,890.08,6065.4,Complex,41,Yes,Yes,13.9,24.9,38.7,Partial Payment,,ADJ-111,5,2.0,
IS-CLM-2025003234,2025-10-06,Bodily Injury,OH,E-Portal,532.94,7215.28,Moderate,9,No,No,20.8,8.0,28.8,Partial Payment,,ADJ-125,9,2.0,
IS-CLM-2025003235,2025-11-27,Comprehensive,WI,Phone,1232.31,15236.51,Complex,29,Yes,No,8.0,29.2,37.2,Denied,Insufficient documentation,ADJ-102,16,,
IS-CLM-2025003236,2025-10-05,Comprehensive,FL,Fax/EDI,627.18,6827.23,Complex,5,Yes,No,183.5,48.2,231.7,Partial Payment,,ADJ-143,14,4.0,
IS-CLM-2025003237,2025-09-13,Collision,MA,E-Portal,339.35,1234.27,Simple,99,No,No,44.9,4.8,49.7,Paid in Full,,ADJ-132,2,3.0,
IS-CLM-2025003238,2025-08-17,Liability,NC,E-Portal,366.19,1068.24,Simple,63,No,Yes,7.2,2.4,9.6,Partial Payment,,ADJ-125,4,,
IS-CLM-2025003239,2025-10-16,Property Damage,TN,Phone,322.16,2351.08,Simple,78,No,No,100.4,5.1,105.5,Paid in Full,,ADJ-118,5,3.0,
IS-CLM-2025003240,2025-08-15,Comprehensive,MO,E-Portal,343.6,1519.13,Simple,99,No,No,14.5,7.0,21.5,Paid in Full,,ADJ-136,4,,
IS-CLM-2025003241,2025-09-15,Collision,MA,Fax/EDI,747.28,9414.47,Moderate,16,No,No,28.6,14.4,43.0,Partial Payment,,ADJ-134,8,4.0,No
IS-CLM-2025003242,2025-06-08,Property Damage,MD,Phone,427.67,2230.36,Simple,28,No,No,44.3,4.2,48.5,Paid in Full,,ADJ-133,5,4.0,
IS-CLM-2025003243,2025-07-11,Collision,TN,Phone,1346.11,20835.43,Complex,58,Yes,No,8.0,33.9,41.9,Settled,,ADJ-117,9,4.0,
IS-CLM-2025003244,2025-12-04,Property Damage,TN,Phone,446.83,2258.58,Simple,30,No,Yes,84.2,3.2,87.4,Paid in Full,,ADJ-102,3,4.0,
IS-CLM-2025003245,2025-06-16,Comprehensive,MI,Phone,484.1,1422.31,Simple,43,Yes,No,11.0,3.9,14.9,Partial Payment,,ADJ-118,4,2.0,
IS-CLM-2025003246,2025-12-05,Comprehensive,CA,Phone,408.62,3044.93,Simple,60,No,No,41.5,12.4,53.9,Paid in Full,,ADJ-149,5,,
IS-CLM-2025003247,2025-10-24,Property Damage,TX,Fax/EDI,685.66,6886.29,Moderate,20,Yes,No,12.5,38.0,50.5,Settled,,ADJ-110,12,3.0,
IS-CLM-2025003248,2025-11-10,Collision,MI,Fax/EDI,775.65,12242.74,Moderate,72,No,Yes,14.2,22.3,36.5,Partial Payment,,ADJ-136,3,4.0,
IS-CLM-2025003249,2025-07-06,Comprehensive,VA,Phone,797.41,9128.17,Moderate,92,Yes,No,106.0,17.5,123.6,Paid in Full,,ADJ-144,5,,
IS-CLM-2025003250,2025-11-10,Comprehensive,CA,Phone,897.59,8581.29,Complex,39,Yes,No,151.8,16.4,168.1,Denied,Fraud suspected,ADJ-107,9,2.0,
IS-CLM-2025003251,2025-07-29,Bodily Injury,FL,E-Portal,538.49,7828.73,Moderate,60,Yes,No,47.3,17.6,64.9,Paid in Full,,ADJ-144,6,,No
IS-CLM-2025003252,2025-12-10,Property Damage,MA,Phone,427.3,2001.32,Simple,58,No,No,11.6,6.6,18.2,Partial Payment,,ADJ-106,1,3.0,
IS-CLM-2025003253,2025-08-01,Bodily Injury,MI,Phone,1125.09,24680.92,Complex,14,Yes,Yes,9.0,39.4,48.4,Denied,Exceeded policy limit,ADJ-123,7,,No
IS-CLM-2025003254,2025-12-27,Comprehensive,NC,Fax/EDI,223.16,1868.74,Simple,76,No,Yes,77.3,11.2,88.5,Paid in Full,,ADJ-143,3,2.0,
IS-CLM-2025003255,2025-06-14,Liability,IN,Phone,789.6,3318.33,Moderate,76,Yes,No,9.5,22.1,31.6,Paid in Full,,ADJ-123,8,3.0,
IS-CLM-2025003256,2025-06-21,Comprehensive,NC,Fax/EDI,450.64,907.04,Simple,77,No,No,17.1,10.2,27.3,Paid in Full,,ADJ-141,1,4.0,Yes
IS-CLM-2025003257,2025-08-22,Comprehensive,NY,Phone,886.97,5749.48,Moderate,85,No,No,13.0,15.7,28.8,Pending Review,,ADJ-123,8,,
IS-CLM-2025003258,2025-07-27,Bodily Injury,MD,Phone,650.16,9442.84,Moderate,42,No,No,346.1,22.6,368.8,Partial Payment,,ADJ-131,5,4.0,
IS-CLM-2025003259,2025-06-28,Comprehensive,TN,E-Portal,304.57,1148.88,Simple,67,No,Yes,106.0,3.4,109.4,Settled,,ADJ-109,1,,
IS-CLM-2025003260,2025-09-30,Collision,MI,E-Portal,344.01,2316.31,Simple,67,No,No,3.0,3.8,6.8,Partial Payment,,ADJ-148,2,,
IS-CLM-2025003261,2025-08-05,Bodily Injury,NY,E-Portal,718.09,51102.86,Complex,10,Yes,Yes,104.4,28.2,132.6,Denied,Fraud suspected,ADJ-108,13,,
IS-CLM-2025003262,2025-11-15,Liability,MD,E-Portal,435.06,7127.34,Moderate,20,Yes,No,85.5,9.7,95.2,Paid in Full,,ADJ-104,9,4.0,
IS-CLM-2025003263,2025-06-22,Bodily Injury,WA,Fax/EDI,714.61,4615.04,Moderate,57,Yes,Yes,85.9,23.9,109.8,Partial Payment,,ADJ-140,12,2.0,
IS-CLM-2025003264,2025-06-19,Comprehensive,TN,E-Portal,273.69,3192.75,Simple,60,No,Yes,3.0,2.1,5.1,Paid in Full,,ADJ-122,5,,
IS-CLM-2025003265,2025-10-17,Bodily Injury,PA,E-Portal,757.71,37999.85,Complex,25,Yes,Yes,205.7,19.2,224.9,Settled,,ADJ-147,11,3.0,
IS-CLM-2025003266,2025-11-21,Liability,NY,Phone,923.4,7191.03,Complex,27,No,No,11.2,42.2,53.4,Settled,,ADJ-115,18,,No
IS-CLM-2025003267,2025-10-21,Bodily Injury,IN,E-Portal,301.46,5359.64,Simple,82,No,No,27.6,4.3,31.8,Settled,,ADJ-143,3,,
IS-CLM-2025003268,2025-06-15,Comprehensive,PA,E-Portal,368.72,1613.66,Simple,77,No,No,120.3,3.6,123.9,Denied,Filing deadline missed,ADJ-103,2,1.0,
IS-CLM-2025003269,2025-12-19,Comprehensive,GA,Fax/EDI,442.39,1451.52,Simple,48,Yes,No,21.1,3.1,24.2,Paid in Full,,ADJ-124,4,4.0,
IS-CLM-2025003270,2025-07-18,Collision,WA,E-Portal,415.82,2425.34,Simple,41,Yes,No,13.0,4.2,17.2,Partial Payment,,ADJ-148,3,,
IS-CLM-2025003271,2025-07-20,Bodily Injury,FL,E-Portal,887.93,31149.67,Complex,50,Yes,Yes,48.2,37.9,86.1,Partial Payment,,ADJ-116,11,,
IS-CLM-2025003272,2025-09-04,Collision,GA,E-Portal,327.28,2540.37,Simple,63,Yes,No,4.0,7.2,11.3,Settled,,ADJ-142,2,,Yes
IS-CLM-2025003273,2025-10-28,Property Damage,MA,Fax/EDI,758.3,7224.56,Moderate,27,No,No,210.9,7.6,218.5,Partial Payment,,ADJ-102,9,4.0,No
IS-CLM-2025003274,2025-10-28,Bodily Injury,NY,E-Portal,867.38,85000.0,Complex,12,Yes,Yes,68.4,26.1,94.5,Denied,Exceeded policy limit,ADJ-122,17,1.0,
IS-CLM-2025003275,2025-09-24,Comprehensive,OH,Phone,1191.62,7315.67,Complex,35,Yes,No,49.3,17.7,67.1,Settled,,ADJ-110,15,,
IS-CLM-2025003276,2025-12-08,Comprehensive,TX,Fax/EDI,376.09,1951.33,Simple,81,No,Yes,12.9,6.6,19.5,Paid in Full,,ADJ-107,5,4.0,
IS-CLM-2025003277,2025-09-10,Collision,WI,E-Portal,348.89,1098.45,Simple,55,No,No,27.8,5.5,33.2,Paid in Full,,ADJ-128,4,4.0,
IS-CLM-2025003278,2025-06-07,Comprehensive,MI,E-Portal,322.63,2764.89,Simple,49,No,No,72.4,8.1,80.5,Partial Payment,,ADJ-129,3,4.0,No
IS-CLM-2025003279,2025-10-31,Comprehensive,WA,Fax/EDI,481.77,1777.07,Simple,55,Yes,Yes,24.0,11.6,35.6,Denied,Coverage exclusion,ADJ-121,1,3.0,
IS-CLM-2025003280,2025-07-16,Bodily Injury,CA,Fax/EDI,509.07,5616.63,Moderate,48,Yes,No,132.1,32.5,164.6,Paid in Full,,ADJ-116,11,3.0,
IS-CLM-2025003281,2025-11-04,Collision,TX,E-Portal,480.94,5937.46,Moderate,34,No,No,10.7,10.3,20.9,Paid in Full,,ADJ-104,5,3.0,
IS-CLM-2025003282,2025-10-07,Comprehensive,AZ,Fax/EDI,405.13,4274.92,Simple,74,No,No,21.5,9.7,31.2,Partial Payment,,ADJ-118,1,,
IS-CLM-2025003283,2025-12-02,Collision,OH,Fax/EDI,372.65,475.6,Simple,81,No,No,3.0,7.7,10.7,Partial Payment,,ADJ-123,3,,
IS-CLM-2025003284,2025-10-16,Liability,PA,Fax/EDI,423.24,2741.26,Simple,48,No,No,5.8,8.0,13.9,Paid in Full,,ADJ-103,1,,
IS-CLM-2025003285,2025-10-19,Comprehensive,PA,E-Portal,267.55,1752.87,Simple,47,Yes,No,82.2,6.5,88.7,Denied,Filing deadline missed,ADJ-107,2,2.0,
IS-CLM-2025003286,2025-09-05,Comprehensive,TX,Phone,392.11,1579.53,Simple,46,Yes,Yes,14.8,3.1,18.0,Partial Payment,,ADJ-143,5,4.0,
IS-CLM-2025003287,2025-12-21,Comprehensive,GA,Fax/EDI,501.63,1031.2,Simple,91,No,No,126.4,2.9,129.2,Paid in Full,,ADJ-144,1,,
IS-CLM-2025003288,2025-11-20,Collision,AZ,Phone,657.95,4100.03,Moderate,35,No,Yes,17.5,13.5,31.0,Paid in Full,,ADJ-101,6,4.0,
IS-CLM-2025003289,2025-11-21,Liability,FL,E-Portal,551.78,6692.98,Moderate,71,No,No,100.1,11.7,111.9,Partial Payment,,ADJ-148,9,,
IS-CLM-2025003290,2025-09-28,Collision,IN,Phone,410.83,2865.79,Simple,62,No,Yes,51.3,1.9,53.2,Denied,Exceeded policy limit,ADJ-103,1,4.0,
IS-CLM-2025003291,2025-06-21,Bodily Injury,NC,E-Portal,440.35,24147.27,Moderate,48,Yes,No,19.3,22.8,42.1,Partial Payment,,ADJ-101,10,2.0,
IS-CLM-2025003292,2025-08-01,Bodily Injury,NC,Phone,692.06,37967.57,Complex,21,Yes,No,20.4,55.7,76.1,Denied,Insufficient documentation,ADJ-139,10,3.0,Yes
IS-CLM-2025003293,2025-07-26,Comprehensive,MD,E-Portal,438.4,4405.59,Moderate,77,Yes,No,47.4,21.8,69.2,Paid in Full,,ADJ-150,12,,
IS-CLM-2025003294,2025-11-07,Comprehensive,NC,E-Portal,310.64,2980.67,Simple,94,No,No,17.6,10.3,27.8,Paid in Full,,ADJ-139,4,4.0,No
IS-CLM-2025003295,2025-09-10,Comprehensive,MI,E-Portal,197.8,1052.84,Simple,99,No,No,35.7,2.9,38.5,Paid in Full,,ADJ-130,4,4.0,
IS-CLM-2025003296,2025-07-31,Property Damage,MD,Fax/EDI,938.72,12401.52,Complex,19,Yes,Yes,54.2,18.0,72.2,Paid in Full,,ADJ-149,15,3.0,
IS-CLM-2025003297,2025-09-15,Liability,PA,E-Portal,285.32,3341.86,Simple,50,No,No,10.4,6.0,16.5,Partial Payment,,ADJ-107,2,,
IS-CLM-2025003298,2025-12-13,Collision,AZ,Fax/EDI,397.38,2241.91,Simple,39,No,No,16.7,3.6,20.3,Denied,Coverage exclusion,ADJ-132,2,2.0,
IS-CLM-2025003299,2025-07-21,Collision,MO,Fax/EDI,455.5,915.4,Simple,31,No,No,51.3,4.6,55.8,Denied,Pre-existing damage,ADJ-111,2,3.0,No
IS-CLM-2025003300,2025-11-15,Comprehensive,NJ,E-Portal,564.61,20047.61,Moderate,46,No,Yes,5.0,21.1,26.1,Settled,,ADJ-126,9,4.0,
IS-CLM-2025003301,2025-09-17,Collision,OH,E-Portal,633.35,2649.17,Moderate,23,Yes,No,95.4,22.3,117.8,Denied,Coverage exclusion,ADJ-105,10,1.0,
IS-CLM-2025003302,2025-06-25,Bodily Injury,NJ,Phone,520.95,4211.42,Moderate,71,No,No,7.4,9.9,17.3,Pending Review,,ADJ-119,11,,
IS-CLM-2025003303,2025-11-01,Property Damage,AZ,E-Portal,347.7,4039.5,Simple,84,No,Yes,3.0,3.1,6.1,Denied,Exceeded policy limit,ADJ-102,3,2.0,
IS-CLM-2025003304,2025-09-05,Comprehensive,MO,Fax/EDI,391.98,1164.13,Simple,60,No,No,88.8,9.3,98.0,Paid in Full,,ADJ-102,2,5.0,
IS-CLM-2025003305,2025-10-22,Comprehensive,GA,E-Portal,325.44,3429.27,Simple,57,No,No,13.9,6.0,19.9,Partial Payment,,ADJ-139,2,4.0,
IS-CLM-2025003306,2025-07-29,Collision,FL,E-Portal,327.39,2283.89,Simple,36,No,No,10.1,5.3,15.4,Denied,Policy lapsed,ADJ-150,5,1.0,
IS-CLM-2025003307,2025-11-12,Bodily Injury,IL,Fax/EDI,774.3,8373.98,Moderate,43,Yes,No,17.1,32.1,49.2,Paid in Full,,ADJ-115,7,3.0,
IS-CLM-2025003308,2025-08-07,Liability,TX,E-Portal,341.3,3175.85,Simple,99,No,Yes,69.7,6.8,76.4,Paid in Full,,ADJ-135,4,3.0,
IS-CLM-2025003309,2025-10-10,Property Damage,IL,Phone,401.07,2673.35,Simple,65,Yes,No,38.9,4.3,43.2,Partial Payment,,ADJ-106,5,3.0,
IS-CLM-2025003310,2025-11-26,Property Damage,WI,Fax/EDI,1102.01,6185.63,Complex,15,No,No,69.9,57.4,127.3,Paid in Full,,ADJ-131,10,,
IS-CLM-2025003311,2025-10-13,Property Damage,WA,Fax/EDI,848.66,8086.09,Complex,5,Yes,Yes,44.2,56.6,100.8,Paid in Full,,ADJ-137,12,,
IS-CLM-2025003312,2025-10-27,Comprehensive,WA,Phone,592.73,1996.91,Simple,61,No,No,26.5,5.5,32.0,Partial Payment,,ADJ-109,1,3.0,
IS-CLM-2025003313,2025-06-29,Liability,NC,E-Portal,529.59,3354.52,Moderate,46,Yes,No,13.5,34.2,47.7,Partial Payment,,ADJ-134,4,3.0,
IS-CLM-2025003314,2025-10-15,Property Damage,NY,E-Portal,359.24,2535.03,Simple,74,No,No,18.9,3.0,21.9,Paid in Full,,ADJ-105,4,3.0,
IS-CLM-2025003315,2025-12-23,Bodily Injury,VA,E-Portal,219.65,3097.22,Simple,64,No,No,110.9,3.6,114.5,Paid in Full,,ADJ-113,1,4.0,
IS-CLM-2025003316,2025-09-27,Comprehensive,MI,E-Portal,338.98,2320.19,Simple,99,No,No,10.9,6.4,17.4,Paid in Full,,ADJ-149,4,4.0,
IS-CLM-2025003317,2025-10-31,Property Damage,NJ,E-Portal,434.35,7931.36,Moderate,53,Yes,No,10.4,7.0,17.4,Denied,Fraud suspected,ADJ-105,4,2.0,
IS-CLM-2025003318,2025-07-25,Collision,IN,E-Portal,247.08,2261.19,Simple,57,No,No,7.0,9.9,16.9,Paid in Full,,ADJ-104,4,4.0,
IS-CLM-2025003319,2025-07-13,Property Damage,TX,Fax/EDI,1024.24,12984.48,Complex,6,Yes,Yes,41.4,45.6,87.0,Paid in Full,,ADJ-132,10,4.0,
IS-CLM-2025003320,2025-11-22,Comprehensive,IL,Fax/EDI,413.25,4106.02,Simple,83,No,No,42.7,5.8,48.5,Paid in Full,,ADJ-127,1,,
IS-CLM-2025003321,2025-08-01,Liability,FL,Fax/EDI,681.21,18383.82,Complex,39,Yes,Yes,19.2,52.4,71.7,Pending Review,,ADJ-138,5,,
IS-CLM-2025003322,2025-06-12,Liability,NJ,E-Portal,307.02,1492.78,Simple,92,No,No,69.2,4.5,73.7,Paid in Full,,ADJ-144,2,,
IS-CLM-2025003323,2025-12-09,Comprehensive,NJ,Phone,480.12,3585.89,Simple,68,No,No,13.9,5.7,19.7,Denied,Filing deadline missed,ADJ-145,4,,
IS-CLM-2025003324,2025-12-28,Collision,GA,E-Portal,253.49,2273.12,Simple,53,No,No,85.1,6.3,91.4,Partial Payment,,ADJ-108,2,3.0,
IS-CLM-2025003325,2025-08-11,Collision,OH,Phone,1431.58,14681.44,Complex,6,Yes,Yes,184.9,22.6,207.5,Pending Review,,ADJ-150,10,,
IS-CLM-2025003326,2025-12-25,Comprehensive,NC,E-Portal,235.96,1895.85,Simple,69,No,No,25.5,4.8,30.3,Partial Payment,,ADJ-105,3,,
IS-CLM-2025003327,2025-09-16,Liability,IL,Phone,485.15,6428.09,Moderate,63,Yes,No,30.4,26.2,56.5,Partial Payment,,ADJ-112,6,4.0,
IS-CLM-2025003328,2025-06-10,Bodily Injury,NY,Fax/EDI,462.39,5060.75,Simple,65,No,No,18.9,8.8,27.6,Paid in Full,,ADJ-117,3,2.0,
IS-CLM-2025003329,2025-07-24,Bodily Injury,MO,E-Portal,623.29,4163.85,Moderate,17,Yes,Yes,22.1,10.8,32.9,Partial Payment,,ADJ-104,12,4.0,
IS-CLM-2025003330,2025-12-15,Bodily Injury,MA,E-Portal,318.67,2564.81,Simple,62,No,No,49.2,4.8,54.0,Paid in Full,,ADJ-150,5,4.0,
IS-CLM-2025003331,2025-10-29,Comprehensive,TN,Fax/EDI,420.83,1988.57,Simple,99,No,No,29.3,2.2,31.5,Denied,Fraud suspected,ADJ-109,3,,
IS-CLM-2025003332,2025-06-09,Collision,MO,E-Portal,475.18,9925.22,Moderate,62,Yes,Yes,5.0,39.7,44.7,Denied,Insufficient documentation,ADJ-131,6,3.0,
IS-CLM-2025003333,2025-12-12,Collision,FL,Fax/EDI,381.19,4179.69,Simple,98,No,No,115.4,3.7,119.1,Settled,,ADJ-114,2,,
IS-CLM-2025003334,2025-09-29,Property Damage,OH,E-Portal,719.4,18479.49,Complex,17,Yes,Yes,191.9,27.3,219.2,Paid in Full,,ADJ-109,6,4.0,
IS-CLM-2025003335,2025-07-28,Collision,NJ,Phone,424.23,1721.01,Simple,60,No,No,7.8,10.2,18.0,Settled,,ADJ-109,2,,
IS-CLM-2025003336,2025-12-06,Collision,NC,Fax/EDI,220.77,1476.24,Simple,99,No,No,10.7,6.4,17.1,Paid in Full,,ADJ-104,4,,
IS-CLM-2025003337,2025-08-02,Comprehensive,IL,E-Portal,766.93,7847.9,Complex,50,Yes,No,8.0,37.9,45.9,Partial Payment,,ADJ-101,6,,Yes
IS-CLM-2025003338,2025-06-26,Comprehensive,NJ,E-Portal,217.28,2971.54,Simple,78,Yes,No,95.1,2.4,97.6,Partial Payment,,ADJ-136,3,3.0,
IS-CLM-2025003339,2025-11-19,Comprehensive,CA,Phone,809.01,15443.75,Moderate,57,Yes,Yes,102.6,12.6,115.2,Partial Payment,,ADJ-149,8,1.0,
IS-CLM-2025003340,2025-11-01,Comprehensive,NJ,Fax/EDI,401.94,2193.99,Simple,92,No,No,34.5,4.1,38.6,Settled,,ADJ-106,1,,
IS-CLM-2025003341,2025-10-10,Collision,TN,Fax/EDI,299.2,1796.7,Simple,61,No,Yes,18.5,4.3,22.7,Paid in Full,,ADJ-140,5,4.0,
IS-CLM-2025003342,2025-08-19,Liability,MA,Fax/EDI,605.14,4930.93,Simple,67,No,No,71.8,6.8,78.6,Paid in Full,,ADJ-105,2,4.0,
IS-CLM-2025003343,2025-08-21,Comprehensive,NJ,Fax/EDI,767.66,8028.18,Moderate,47,Yes,No,77.8,10.9,88.7,Paid in Full,,ADJ-106,12,4.0,
IS-CLM-2025003344,2025-07-16,Comprehensive,AZ,E-Portal,307.86,919.2,Simple,86,No,Yes,48.9,6.8,55.7,Paid in Full,,ADJ-142,2,5.0,
IS-CLM-2025003345,2025-08-21,Comprehensive,WA,E-Portal,850.29,15970.9,Complex,41,Yes,Yes,92.7,70.7,163.3,Paid in Full,,ADJ-141,7,3.0,
IS-CLM-2025003346,2025-09-06,Property Damage,AZ,Fax/EDI,462.87,5622.14,Simple,46,No,Yes,33.6,13.1,46.7,Denied,Fraud suspected,ADJ-111,5,3.0,
IS-CLM-2025003347,2025-07-30,Collision,MO,Phone,825.6,5466.31,Moderate,40,Yes,Yes,160.0,13.7,173.7,Partial Payment,,ADJ-135,6,,
IS-CLM-2025003348,2025-06-05,Comprehensive,WA,E-Portal,390.89,3143.51,Simple,44,No,No,18.2,5.4,23.7,Denied,Filing deadline missed,ADJ-110,3,2.0,
IS-CLM-2025003349,2025-09-17,Comprehensive,IL,Phone,423.93,1771.76,Simple,51,No,No,111.8,7.3,119.0,Settled,,ADJ-113,3,,
IS-CLM-2025003350,2025-10-16,Collision,WA,E-Portal,279.62,1034.43,Simple,58,No,No,44.0,7.5,51.5,Settled,,ADJ-148,5,4.0,
IS-CLM-2025003351,2025-11-04,Collision,NC,E-Portal,278.93,1310.84,Simple,92,No,No,129.8,4.8,134.6,Paid in Full,,ADJ-119,2,4.0,
IS-CLM-2025003352,2025-12-04,Comprehensive,MO,E-Portal,435.68,17166.6,Complex,21,Yes,No,19.9,33.3,53.2,Partial Payment,,ADJ-122,5,3.0,
IS-CLM-2025003353,2025-07-23,Collision,VA,Phone,454.73,1492.51,Simple,43,Yes,No,10.1,6.1,16.2,Partial Payment,,ADJ-111,5,,
IS-CLM-2025003354,2025-10-12,Comprehensive,WA,E-Portal,254.22,1187.58,Simple,95,No,No,56.5,7.1,63.6,Paid in Full,,ADJ-141,1,5.0,
IS-CLM-2025003355,2025-09-18,Collision,WA,E-Portal,609.34,5911.44,Moderate,30,Yes,No,16.3,21.0,37.3,Partial Payment,,ADJ-107,10,2.0,
IS-CLM-2025003356,2025-06-12,Bodily Injury,NC,E-Portal,274.33,3498.73,Simple,86,No,Yes,37.9,5.9,43.8,Paid in Full,,ADJ-149,5,,
IS-CLM-2025003357,2025-08-27,Collision,NC,Phone,435.07,3763.48,Simple,73,No,Yes,12.2,2.6,14.8,Paid in Full,,ADJ-119,5,,
IS-CLM-2025003358,2025-11-18,Comprehensive,AZ,Phone,492.47,1801.42,Simple,83,No,No,28.3,9.2,37.5,Paid in Full,,ADJ-138,3,5.0,No
IS-CLM-2025003359,2025-09-13,Comprehensive,NY,E-Portal,253.0,1941.97,Simple,55,No,No,99.4,4.1,103.5,Partial Payment,,ADJ-128,5,2.0,
IS-CLM-2025003360,2025-08-06,Property Damage,WA,Phone,331.07,1838.62,Simple,33,Yes,No,5.9,2.9,8.8,Settled,,ADJ-134,3,,Yes
IS-CLM-2025003361,2025-12-01,Collision,MD,Phone,1327.18,6380.94,Complex,5,Yes,No,145.2,89.8,235.0,Denied,Exceeded policy limit,ADJ-147,10,2.0,
IS-CLM-2025003362,2025-08-26,Collision,FL,E-Portal,234.48,4462.43,Simple,58,No,No,81.3,6.2,87.5,Paid in Full,,ADJ-144,1,5.0,
IS-CLM-2025003363,2025-11-17,Collision,NJ,Phone,530.09,3321.72,Simple,33,No,No,32.5,6.3,38.9,Paid in Full,,ADJ-114,3,,
IS-CLM-2025003364,2025-09-03,Comprehensive,WA,Phone,389.09,1112.71,Simple,48,No,Yes,55.8,3.9,59.7,Denied,Filing deadline missed,ADJ-118,3,,
IS-CLM-2025003365,2025-06-05,Comprehensive,VA,E-Portal,553.45,3188.13,Moderate,26,Yes,No,48.6,28.4,77.0,Pending Review,,ADJ-115,10,,
IS-CLM-2025003366,2025-06-12,Comprehensive,PA,Fax/EDI,573.82,519.42,Simple,94,No,No,26.8,8.2,35.0,Paid in Full,,ADJ-112,5,4.0,
IS-CLM-2025003367,2025-09-29,Liability,MO,E-Portal,452.96,3784.5,Moderate,16,No,Yes,22.6,11.6,34.1,Partial Payment,,ADJ-103,5,3.0,
IS-CLM-2025003368,2025-11-22,Collision,GA,E-Portal,239.61,3829.15,Simple,81,No,No,10.0,5.0,15.0,Paid in Full,,ADJ-128,2,,
IS-CLM-2025003369,2025-08-17,Comprehensive,IN,E-Portal,695.31,19114.23,Complex,5,Yes,No,8.9,26.2,35.1,Settled,,ADJ-134,15,2.0,
IS-CLM-2025003370,2025-08-02,Bodily Injury,TN,E-Portal,285.19,2849.55,Simple,92,No,No,30.7,5.2,35.9,Denied,Policy lapsed,ADJ-123,2,1.0,
IS-CLM-2025003371,2025-06-22,Comprehensive,CA,Fax/EDI,476.85,2814.2,Simple,83,No,No,58.9,7.4,66.3,Paid in Full,,ADJ-136,5,5.0,
IS-CLM-2025003372,2025-08-25,Collision,FL,Phone,450.99,2418.65,Simple,83,No,No,6.2,3.4,9.6,Paid in Full,,ADJ-149,3,,
IS-CLM-2025003373,2025-10-07,Comprehensive,MI,Phone,437.29,3040.44,Simple,90,No,No,93.4,6.0,99.4,Paid in Full,,ADJ-123,5,4.0,
IS-CLM-2025003374,2025-09-30,Collision,TX,Fax/EDI,805.21,12415.23,Complex,8,Yes,Yes,36.4,20.0,56.4,Pending Review,,ADJ-113,16,,
IS-CLM-2025003375,2025-08-04,Collision,NJ,Phone,1079.75,26200.29,Complex,24,Yes,Yes,25.8,19.3,45.1,Partial Payment,,ADJ-126,13,,
IS-CLM-2025003376,2025-09-05,Collision,GA,Fax/EDI,448.0,1053.01,Simple,68,No,No,163.2,11.3,174.5,Paid in Full,,ADJ-110,2,3.0,
IS-CLM-2025003377,2025-09-21,Property Damage,TN,Phone,763.52,3821.77,Moderate,45,No,No,148.0,10.1,158.0,Denied,Exceeded policy limit,ADJ-108,10,3.0,
IS-CLM-2025003378,2025-08-31,Comprehensive,MD,Fax/EDI,773.07,3724.87,Moderate,55,Yes,No,48.4,15.0,63.5,Denied,Policy lapsed,ADJ-125,6,,
IS-CLM-2025003379,2025-09-22,Comprehensive,MO,E-Portal,271.33,2374.53,Simple,53,Yes,No,40.8,5.6,46.4,Denied,Fraud suspected,ADJ-139,4,,
IS-CLM-2025003380,2025-08-07,Bodily Injury,MA,Phone,857.18,8829.79,Moderate,52,No,No,93.2,20.9,114.0,Pending Review,,ADJ-144,7,,
IS-CLM-2025003381,2025-08-13,Property Damage,IN,E-Portal,261.98,2443.86,Simple,64,Yes,Yes,96.2,3.9,100.1,Partial Payment,,ADJ-148,4,,No
IS-CLM-2025003382,2025-06-08,Liability,GA,E-Portal,336.6,6410.74,Moderate,34,Yes,No,14.6,15.4,30.0,Denied,Filing deadline missed,ADJ-102,7,,
IS-CLM-2025003383,2025-06-06,Property Damage,MA,Phone,444.1,1603.09,Simple,32,No,No,114.4,6.8,121.2,Denied,Exceeded policy limit,ADJ-123,2,2.0,
IS-CLM-2025003384,2025-06-20,Bodily Injury,VA,E-Portal,271.24,7134.13,Simple,99,No,No,11.3,5.6,16.8,Partial Payment,,ADJ-114,1,,
IS-CLM-2025003385,2025-06-15,Collision,TX,Fax/EDI,509.59,953.99,Simple,47,Yes,No,45.3,4.4,49.7,Paid in Full,,ADJ-127,3,3.0,
IS-CLM-2025003386,2025-12-03,Property Damage,IN,E-Portal,218.77,2079.23,Simple,50,No,No,32.9,7.3,40.2,Paid in Full,,ADJ-134,3,,
IS-CLM-2025003387,2025-09-17,Comprehensive,MI,E-Portal,265.19,3947.49,Simple,53,No,No,5.3,10.7,16.0,Paid in Full,,ADJ-144,2,,
IS-CLM-2025003388,2025-09-19,Comprehensive,TX,Fax/EDI,1200.09,5777.6,Complex,8,Yes,Yes,68.7,74.5,143.3,Paid in Full,,ADJ-103,9,4.0,
IS-CLM-2025003389,2025-10-25,Comprehensive,FL,Phone,745.82,6091.3,Moderate,44,Yes,No,40.5,12.0,52.5,Paid in Full,,ADJ-149,8,,
IS-CLM-2025003390,2025-06-20,Comprehensive,FL,Fax/EDI,783.04,9976.24,Moderate,39,No,No,5.0,31.4,36.4,Paid in Full,,ADJ-138,9,,
IS-CLM-2025003391,2025-06-21,Collision,FL,Fax/EDI,319.08,1037.36,Simple,41,No,No,89.1,4.0,93.1,Paid in Full,,ADJ-114,4,,
IS-CLM-2025003392,2025-08-10,Property Damage,AZ,E-Portal,194.33,1283.34,Simple,38,No,No,8.2,4.3,12.6,Paid in Full,,ADJ-106,5,,
IS-CLM-2025003393,2025-11-13,Bodily Injury,TN,Phone,1000.9,48684.67,Complex,41,Yes,No,81.3,37.0,118.3,Denied,Exceeded policy limit,ADJ-127,11,,
IS-CLM-2025003394,2025-12-18,Collision,AZ,E-Portal,349.7,923.19,Simple,60,Yes,No,31.9,3.5,35.4,Paid in Full,,ADJ-146,2,4.0,
IS-CLM-2025003395,2025-08-27,Collision,WA,E-Portal,351.82,1611.93,Simple,60,Yes,Yes,3.0,5.0,8.0,Paid in Full,,ADJ-146,2,,
IS-CLM-2025003396,2025-11-25,Bodily Injury,GA,Phone,642.43,6284.91,Simple,51,No,No,61.2,3.8,65.0,Paid in Full,,ADJ-128,3,,
IS-CLM-2025003397,2025-08-20,Bodily Injury,NC,E-Portal,808.14,24735.4,Complex,17,Yes,No,20.1,16.1,36.3,Paid in Full,,ADJ-110,6,3.0,
IS-CLM-2025003398,2025-08-30,Collision,FL,Phone,772.1,7048.22,Moderate,33,Yes,No,146.7,15.2,161.9,Denied,Coverage exclusion,ADJ-120,10,1.0,
IS-CLM-2025003399,2025-08-02,Bodily Injury,OH,E-Portal,308.78,5124.73,Simple,77,No,No,7.4,5.7,13.1,Denied,Insufficient documentation,ADJ-148,5,2.0,
IS-CLM-2025003400,2025-08-06,Collision,MD,Fax/EDI,530.74,7307.55,Moderate,32,Yes,No,11.2,61.0,72.2,Partial Payment,,ADJ-113,8,,
IS-CLM-2025003401,2025-08-12,Comprehensive,NY,E-Portal,293.18,2232.91,Simple,81,No,No,4.4,3.5,7.9,Paid in Full,,ADJ-147,2,,No
IS-CLM-2025003402,2025-10-02,Comprehensive,GA,Fax/EDI,1129.93,25161.66,Complex,10,No,Yes,8.0,39.7,47.7,Paid in Full,,ADJ-148,15,,
IS-CLM-2025003403,2025-09-13,Property Damage,TN,Fax/EDI,394.82,1403.49,Simple,31,No,Yes,34.8,3.1,37.8,Denied,Filing deadline missed,ADJ-106,2,,No
IS-CLM-2025003404,2025-06-20,Collision,IN,Fax/EDI,358.44,2839.88,Simple,68,Yes,Yes,22.0,12.1,34.1,Denied,Filing deadline missed,ADJ-127,3,3.0,
IS-CLM-2025003405,2025-06-21,Bodily Injury,MI,E-Portal,755.89,20029.54,Complex,5,Yes,Yes,65.3,51.1,116.4,Partial Payment,,ADJ-135,10,,
IS-CLM-2025003406,2025-11-25,Bodily Injury,NY,Phone,1183.61,10972.97,Complex,10,Yes,Yes,22.3,62.2,84.4,Partial Payment,,ADJ-140,17,,
IS-CLM-2025003407,2025-12-25,Collision,WI,Fax/EDI,481.67,1157.83,Simple,74,No,No,23.2,13.1,36.3,Settled,,ADJ-111,5,,
IS-CLM-2025003408,2025-08-24,Comprehensive,MI,Phone,433.0,2681.03,Simple,69,No,No,96.8,12.1,108.9,Paid in Full,,ADJ-108,4,3.0,
IS-CLM-2025003409,2025-12-12,Bodily Injury,WA,E-Portal,418.11,19423.84,Moderate,12,Yes,No,5.5,44.9,50.3,Denied,Coverage exclusion,ADJ-120,11,,
IS-CLM-2025003410,2025-10-25,Liability,FL,Phone,467.73,5716.74,Simple,61,No,No,44.1,4.2,48.4,Denied,Coverage exclusion,ADJ-113,5,1.0,
IS-CLM-2025003411,2025-08-06,Bodily Injury,AZ,Phone,509.56,6942.97,Simple,72,Yes,No,36.1,7.1,43.2,Partial Payment,,ADJ-120,2,2.0,
IS-CLM-2025003412,2025-11-03,Liability,MI,Phone,695.21,6359.59,Moderate,46,No,No,27.7,15.2,42.9,Pending Review,,ADJ-149,3,,
IS-CLM-2025003413,2025-12-06,Collision,NY,Phone,353.0,2171.29,Simple,77,No,No,20.4,3.4,23.7,Denied,Policy lapsed,ADJ-119,1,,
IS-CLM-2025003414,2025-08-15,Collision,AZ,E-Portal,283.6,3406.29,Simple,36,Yes,No,298.4,4.7,303.1,Paid in Full,,ADJ-113,1,,
IS-CLM-2025003415,2025-08-22,Bodily Injury,GA,Fax/EDI,1046.16,24594.09,Complex,42,Yes,Yes,33.4,29.6,63.0,Paid in Full,,ADJ-129,12,4.0,
IS-CLM-2025003416,2025-11-19,Comprehensive,NY,Phone,480.62,3130.56,Simple,38,No,No,66.9,16.0,82.9,Partial Payment,,ADJ-127,3,,
IS-CLM-2025003417,2025-08-17,Comprehensive,VA,Phone,596.05,4694.04,Moderate,67,Yes,No,24.2,15.9,40.1,Denied,Exceeded policy limit,ADJ-116,7,3.0,
IS-CLM-2025003418,2025-08-17,Property Damage,NY,E-Portal,749.25,31085.54,Complex,32,Yes,Yes,15.9,18.5,34.4,Paid in Full,,ADJ-138,6,3.0,
IS-CLM-2025003419,2025-11-05,Bodily Injury,WA,E-Portal,308.6,4106.61,Simple,79,Yes,Yes,38.0,6.5,44.5,Denied,Insufficient documentation,ADJ-140,1,3.0,
IS-CLM-2025003420,2025-06-27,Collision,AZ,Fax/EDI,538.68,1805.79,Simple,77,No,Yes,77.0,5.3,82.4,Paid in Full,,ADJ-149,5,,
IS-CLM-2025003421,2025-07-11,Collision,NC,E-Portal,289.7,2091.8,Simple,99,Yes,No,59.6,20.7,80.3,Paid in Full,,ADJ-133,2,3.0,
IS-CLM-2025003422,2025-06-22,Property Damage,MA,Fax/EDI,370.31,1404.2,Simple,77,No,No,39.5,8.6,48.1,Paid in Full,,ADJ-125,5,4.0,
IS-CLM-2025003423,2025-09-06,Comprehensive,PA,Phone,560.14,1042.49,Simple,76,No,No,12.7,4.1,16.8,Settled,,ADJ-146,1,,
IS-CLM-2025003424,2025-06-03,Collision,MI,Fax/EDI,383.54,3130.31,Simple,57,Yes,No,81.7,10.3,92.0,Partial Payment,,ADJ-141,3,1.0,
IS-CLM-2025003425,2025-12-12,Liability,PA,Phone,427.38,4904.42,Simple,75,No,No,139.7,6.2,145.9,Paid in Full,,ADJ-111,2,5.0,
IS-CLM-2025003426,2025-11-13,Collision,MD,E-Portal,669.49,8528.86,Moderate,69,Yes,No,44.5,11.0,55.6,Partial Payment,,ADJ-132,5,3.0,
IS-CLM-2025003427,2025-07-19,Comprehensive,MO,Fax/EDI,456.68,1637.27,Simple,25,Yes,Yes,19.8,10.0,29.8,Denied,Coverage exclusion,ADJ-112,1,1.0,
IS-CLM-2025003428,2025-10-10,Bodily Injury,CA,Fax/EDI,390.39,7642.17,Simple,32,Yes,No,68.4,6.4,74.8,Paid in Full,,ADJ-134,4,3.0,
IS-CLM-2025003429,2025-09-06,Liability,TX,E-Portal,394.05,2995.44,Simple,76,Yes,No,12.1,6.0,18.1,Partial Payment,,ADJ-117,1,3.0,
IS-CLM-2025003430,2025-08-31,Comprehensive,NJ,E-Portal,259.22,2168.34,Simple,40,No,No,61.0,2.8,63.8,Partial Payment,,ADJ-126,5,,
IS-CLM-2025003431,2025-06-11,Collision,WI,E-Portal,228.96,1144.57,Simple,61,Yes,No,4.8,8.9,13.7,Paid in Full,,ADJ-133,3,3.0,
IS-CLM-2025003432,2025-11-24,Bodily Injury,NC,E-Portal,341.24,3058.51,Simple,83,Yes,No,51.7,4.2,55.9,Denied,Insufficient documentation,ADJ-128,2,1.0,
IS-CLM-2025003433,2025-10-22,Liability,MA,Fax/EDI,391.68,3489.33,Simple,93,No,No,48.4,6.4,54.7,Paid in Full,,ADJ-125,3,3.0,
IS-CLM-2025003434,2025-11-05,Comprehensive,WA,E-Portal,318.7,2921.6,Simple,88,Yes,No,30.2,4.2,34.3,Denied,Coverage exclusion,ADJ-109,2,,
IS-CLM-2025003435,2025-06-06,Bodily Injury,FL,Phone,702.08,5091.37,Moderate,53,No,No,7.4,14.6,22.0,Pending Review,,ADJ-136,9,,
IS-CLM-2025003436,2025-08-11,Property Damage,MA,E-Portal,391.06,4295.56,Simple,67,No,No,32.6,5.3,38.0,Settled,,ADJ-106,5,,
IS-CLM-2025003437,2025-07-25,Bodily Injury,IN,Fax/EDI,1383.99,14076.54,Complex,5,Yes,Yes,127.2,27.6,154.8,Partial Payment,,ADJ-134,14,,
IS-CLM-2025003438,2025-12-13,Comprehensive,VA,E-Portal,317.47,1122.3,Simple,67,No,No,3.0,2.5,5.5,Paid in Full,,ADJ-137,3,4.0,
IS-CLM-2025003439,2025-10-29,Liability,NY,E-Portal,587.76,3463.94,Moderate,54,No,No,166.7,9.7,176.4,Denied,Filing deadline missed,ADJ-115,7,2.0,
IS-CLM-2025003440,2025-10-22,Liability,GA,Fax/EDI,565.27,8315.3,Moderate,50,No,No,60.0,27.4,87.4,Paid in Full,,ADJ-127,10,3.0,
IS-CLM-2025003441,2025-06-15,Bodily Injury,WI,E-Portal,605.3,32784.2,Moderate,5,Yes,No,8.8,6.6,15.3,Denied,Exceeded policy limit,ADJ-136,7,,
IS-CLM-2025003442,2025-12-12,Bodily Injury,IN,Fax/EDI,1162.07,10456.86,Complex,15,Yes,No,48.1,54.0,102.1,Paid in Full,,ADJ-122,11,,
IS-CLM-2025003443,2025-07-09,Collision,WI,Fax/EDI,611.81,4536.83,Moderate,63,Yes,No,110.8,26.4,137.2,Denied,Insufficient documentation,ADJ-112,5,2.0,
IS-CLM-2025003444,2025-07-13,Bodily Injury,MO,E-Portal,839.39,12365.7,Complex,34,Yes,Yes,57.4,76.3,133.7,Partial Payment,,ADJ-116,10,2.0,
IS-CLM-2025003445,2025-09-20,Property Damage,IN,E-Portal,330.54,2045.18,Simple,69,No,No,38.5,5.4,43.9,Paid in Full,,ADJ-128,4,,
IS-CLM-2025003446,2025-11-11,Comprehensive,MA,Fax/EDI,715.17,11543.99,Moderate,67,Yes,Yes,35.6,12.1,47.7,Paid in Full,,ADJ-121,11,4.0,
IS-CLM-2025003447,2025-08-08,Property Damage,NC,E-Portal,700.52,7617.21,Complex,40,Yes,Yes,40.3,38.6,79.0,Denied,Policy lapsed,ADJ-123,15,2.0,
IS-CLM-2025003448,2025-10-01,Comprehensive,VA,E-Portal,408.52,3068.7,Simple,46,No,No,42.6,2.2,44.8,Settled,,ADJ-139,2,,
IS-CLM-2025003449,2025-11-27,Comprehensive,WA,E-Portal,342.11,2708.91,Simple,52,No,Yes,29.7,7.0,36.7,Paid in Full,,ADJ-144,1,,
IS-CLM-2025003450,2025-08-14,Bodily Injury,IN,E-Portal,329.27,3381.46,Simple,37,No,No,3.0,6.4,9.4,Denied,Exceeded policy limit,ADJ-149,1,,
IS-CLM-2025003451,2025-11-14,Comprehensive,NY,E-Portal,318.63,1925.54,Simple,63,No,No,192.9,2.9,195.7,Settled,,ADJ-122,2,4.0,
IS-CLM-2025003452,2025-09-13,Property Damage,MI,Phone,450.56,3845.7,Simple,75,Yes,No,3.0,4.2,7.2,Settled,,ADJ-142,4,3.0,
IS-CLM-2025003453,2025-06-29,Collision,WA,Phone,346.77,1809.88,Simple,83,No,No,3.9,22.7,26.5,Paid in Full,,ADJ-101,1,4.0,
IS-CLM-2025003454,2025-07-23,Comprehensive,MI,Phone,432.56,1527.54,Simple,74,No,No,31.6,3.7,35.2,Paid in Full,,ADJ-108,4,,
IS-CLM-2025003455,2025-06-10,Property Damage,FL,E-Portal,469.75,7100.71,Moderate,64,Yes,No,118.7,20.3,139.0,Denied,Insufficient documentation,ADJ-110,5,,
IS-CLM-2025003456,2025-07-08,Property Damage,PA,E-Portal,340.24,850.2,Simple,56,No,No,7.0,7.5,14.5,Partial Payment,,ADJ-114,3,,
IS-CLM-2025003457,2025-11-01,Collision,IL,E-Portal,473.68,8054.69,Moderate,45,Yes,No,46.3,17.3,63.6,Settled,,ADJ-141,11,,
IS-CLM-2025003458,2025-09-20,Comprehensive,TX,E-Portal,340.41,3770.31,Simple,91,No,No,47.1,7.4,54.6,Paid in Full,,ADJ-118,1,,
IS-CLM-2025003459,2025-07-21,Collision,NJ,Fax/EDI,423.97,1975.41,Simple,52,Yes,No,34.4,6.4,40.8,Paid in Full,,ADJ-115,4,,
IS-CLM-2025003460,2025-09-04,Comprehensive,IN,Phone,793.1,1195.37,Moderate,52,No,No,15.7,6.4,22.1,Paid in Full,,ADJ-121,7,3.0,
IS-CLM-2025003461,2025-06-05,Collision,MI,E-Portal,276.17,3743.09,Simple,99,Yes,No,14.9,5.8,20.7,Paid in Full,,ADJ-140,4,3.0,
IS-CLM-2025003462,2025-08-08,Bodily Injury,AZ,E-Portal,438.91,17266.38,Moderate,52,Yes,No,5.0,8.4,13.4,Partial Payment,,ADJ-148,6,2.0,
IS-CLM-2025003463,2025-11-26,Comprehensive,NJ,Fax/EDI,434.24,1121.29,Simple,47,Yes,No,48.8,8.8,57.7,Denied,Policy lapsed,ADJ-146,5,,
IS-CLM-2025003464,2025-08-29,Comprehensive,TN,Phone,374.25,701.53,Simple,43,No,No,152.1,7.3,159.4,Partial Payment,,ADJ-124,1,4.0,
IS-CLM-2025003465,2025-06-22,Bodily Injury,MI,Fax/EDI,368.23,1591.35,Simple,61,No,No,40.2,4.2,44.4,Paid in Full,,ADJ-142,2,4.0,
IS-CLM-2025003466,2025-06-06,Bodily Injury,MA,Fax/EDI,1011.88,10122.55,Complex,35,Yes,Yes,83.9,42.4,126.3,Denied,Coverage exclusion,ADJ-111,11,2.0,
IS-CLM-2025003467,2025-08-06,Comprehensive,OH,E-Portal,522.46,8818.79,Moderate,36,Yes,No,30.4,9.9,40.3,Settled,,ADJ-133,7,3.0,
IS-CLM-2025003468,2025-09-10,Bodily Injury,CA,E-Portal,606.53,14031.94,Moderate,43,Yes,Yes,122.4,17.8,140.2,Denied,Pre-existing damage,ADJ-131,8,1.0,
IS-CLM-2025003469,2025-12-18,Comprehensive,WI,Fax/EDI,483.68,6883.97,Moderate,46,No,Yes,63.2,8.1,71.4,Paid in Full,,ADJ-131,8,4.0,
IS-CLM-2025003470,2025-07-10,Liability,WI,E-Portal,668.01,24443.33,Complex,33,Yes,No,28.6,33.9,62.5,Partial Payment,,ADJ-150,7,3.0,
IS-CLM-2025003471,2025-11-20,Liability,NY,E-Portal,608.63,11792.9,Moderate,53,Yes,Yes,67.8,6.6,74.4,Partial Payment,,ADJ-134,6,2.0,
IS-CLM-2025003472,2025-11-12,Property Damage,VA,Phone,1081.51,22192.47,Complex,23,Yes,Yes,13.9,16.6,30.6,Settled,,ADJ-128,10,3.0,
IS-CLM-2025003473,2025-08-21,Liability,WI,E-Portal,346.48,2531.07,Simple,33,No,No,23.3,4.2,27.4,Paid in Full,,ADJ-140,3,,No
IS-CLM-2025003474,2025-11-29,Bodily Injury,OH,Phone,750.84,28040.97,Complex,30,Yes,Yes,51.7,35.0,86.7,Paid in Full,,ADJ-128,13,3.0,
IS-CLM-2025003475,2025-10-05,Collision,NY,Phone,408.31,1587.52,Simple,87,No,No,10.6,11.2,21.8,Settled,,ADJ-110,1,,
IS-CLM-2025003476,2025-08-08,Bodily Injury,WA,E-Portal,363.7,5872.19,Simple,93,Yes,No,57.9,13.7,71.6,Paid in Full,,ADJ-116,3,,
IS-CLM-2025003477,2025-08-28,Liability,OH,Phone,690.97,9389.31,Moderate,15,Yes,No,48.1,10.1,58.2,Settled,,ADJ-104,3,4.0,
IS-CLM-2025003478,2025-08-25,Property Damage,NC,Phone,1200.97,9551.28,Complex,28,Yes,No,104.1,29.1,133.2,Settled,,ADJ-117,8,,
IS-CLM-2025003479,2025-12-27,Property Damage,NC,Phone,967.58,6463.11,Moderate,67,Yes,No,20.6,19.1,39.7,Partial Payment,,ADJ-130,11,2.0,
IS-CLM-2025003480,2025-08-05,Collision,NY,E-Portal,207.75,779.41,Simple,26,No,No,9.8,5.8,15.6,Paid in Full,,ADJ-141,4,4.0,
IS-CLM-2025003481,2025-09-09,Comprehensive,MO,Fax/EDI,341.67,1681.28,Simple,95,No,No,104.1,5.5,109.6,Paid in Full,,ADJ-121,2,4.0,
IS-CLM-2025003482,2025-07-08,Liability,MO,Phone,1377.25,7110.94,Complex,18,Yes,No,23.6,34.8,58.4,Settled,,ADJ-144,16,4.0,Yes
IS-CLM-2025003483,2025-08-28,Collision,MA,Phone,425.32,1723.32,Simple,39,No,No,8.5,5.9,14.5,Paid in Full,,ADJ-133,1,,
IS-CLM-2025003484,2025-09-12,Comprehensive,TX,Phone,436.16,1544.74,Simple,59,No,No,46.0,6.2,52.2,Paid in Full,,ADJ-141,1,,No
IS-CLM-2025003485,2025-09-14,Liability,IL,E-Portal,712.1,11806.37,Complex,17,Yes,Yes,26.4,15.4,41.8,Partial Payment,,ADJ-141,9,2.0,
IS-CLM-2025003486,2025-08-16,Comprehensive,CA,Fax/EDI,708.05,9333.4,Moderate,35,Yes,No,36.2,14.6,50.8,Paid in Full,,ADJ-129,4,3.0,No
IS-CLM-2025003487,2025-10-05,Comprehensive,WI,E-Portal,328.91,4701.21,Simple,99,No,No,84.3,8.0,92.3,Denied,Policy lapsed,ADJ-108,5,2.0,
IS-CLM-2025003488,2025-08-21,Comprehensive,WI,E-Portal,298.95,663.76,Simple,66,Yes,No,22.8,3.2,26.0,Settled,,ADJ-119,3,,
IS-CLM-2025003489,2025-09-12,Property Damage,TX,Phone,1366.76,11891.25,Complex,5,Yes,Yes,16.2,32.9,49.1,Paid in Full,,ADJ-105,12,3.0,
IS-CLM-2025003490,2025-11-21,Comprehensive,CA,Phone,551.07,4664.94,Simple,65,Yes,No,64.6,4.4,68.9,Paid in Full,,ADJ-148,1,,
IS-CLM-2025003491,2025-09-26,Comprehensive,WI,E-Portal,602.24,9509.38,Complex,22,Yes,No,53.1,47.0,100.0,Paid in Full,,ADJ-145,14,3.0,
IS-CLM-2025003492,2025-10-14,Collision,VA,Phone,568.15,2002.69,Simple,99,Yes,No,76.6,7.3,83.9,Denied,Policy lapsed,ADJ-108,3,1.0,
IS-CLM-2025003493,2025-12-17,Comprehensive,GA,Fax/EDI,314.23,910.06,Simple,70,No,No,33.8,4.2,38.0,Paid in Full,,ADJ-128,4,4.0,
IS-CLM-2025003494,2025-08-03,Liability,MI,Phone,717.61,8628.78,Moderate,64,No,No,58.6,7.6,66.2,Paid in Full,,ADJ-116,8,,
IS-CLM-2025003495,2025-12-21,Collision,MI,E-Portal,282.89,4146.57,Simple,92,No,No,13.9,2.2,16.1,Paid in Full,,ADJ-104,4,3.0,
IS-CLM-2025003496,2025-10-15,Collision,MO,E-Portal,265.64,2706.82,Simple,56,No,Yes,125.1,4.3,129.4,Partial Payment,,ADJ-123,1,,
IS-CLM-2025003497,2025-11-04,Collision,CA,E-Portal,303.67,1151.2,Simple,10,Yes,No,12.1,13.4,25.5,Paid in Full,,ADJ-120,2,4.0,
IS-CLM-2025003498,2025-08-19,Collision,WA,Fax/EDI,380.6,1632.91,Simple,62,No,Yes,36.9,16.8,53.7,Paid in Full,,ADJ-131,5,3.0,
IS-CLM-2025003499,2025-12-14,Comprehensive,FL,Fax/EDI,427.81,992.26,Simple,95,No,No,6.5,5.1,11.5,Settled,,ADJ-113,1,,
IS-CLM-2025003500,2025-09-25,Liability,GA,E-Portal,313.3,3521.21,Simple,63,No,No,67.2,7.6,74.8,Paid in Full,,ADJ-124,5,,
IS-CLM-2025003501,2025-09-08,Bodily Injury,CA,E-Portal,312.1,6174.92,Simple,50,No,No,37.2,2.8,40.0,Paid in Full,,ADJ-143,4,3.0,
IS-CLM-2025003502,2025-12-04,Bodily Injury,MA,E-Portal,428.38,6046.19,Simple,45,No,No,3.0,4.9,7.9,Denied,Pre-existing damage,ADJ-105,2,,
IS-CLM-2025003503,2025-12-13,Bodily Injury,IN,E-Portal,685.06,14412.52,Complex,38,Yes,Yes,67.0,47.0,114.0,Denied,Pre-existing damage,ADJ-109,8,,
IS-CLM-2025003504,2025-07-13,Liability,FL,E-Portal,335.31,2962.86,Simple,79,No,No,55.3,6.1,61.5,Partial Payment,,ADJ-111,4,3.0,
IS-CLM-2025003505,2025-06-28,Comprehensive,WI,Phone,598.69,810.27,Simple,62,No,No,12.8,3.4,16.2,Paid in Full,,ADJ-122,5,,
IS-CLM-2025003506,2025-09-09,Collision,VA,E-Portal,506.85,5447.85,Moderate,65,Yes,No,68.7,33.2,101.9,Partial Payment,,ADJ-125,8,,
IS-CLM-2025003507,2025-07-17,Collision,MI,Phone,348.97,1381.54,Simple,61,No,No,15.0,12.1,27.0,Denied,Coverage exclusion,ADJ-108,5,2.0,
IS-CLM-2025003508,2025-12-15,Comprehensive,MO,Phone,542.45,3284.51,Simple,80,No,Yes,21.3,2.8,24.0,Paid in Full,,ADJ-125,4,4.0,
IS-CLM-2025003509,2025-06-05,Comprehensive,VA,E-Portal,262.34,6783.68,Simple,30,No,No,70.7,3.5,74.2,Partial Payment,,ADJ-135,1,,
IS-CLM-2025003510,2025-07-26,Property Damage,MD,E-Portal,312.18,4224.33,Simple,87,No,No,11.1,1.5,12.6,Paid in Full,,ADJ-150,1,4.0,
IS-CLM-2025003511,2025-08-11,Comprehensive,MA,Phone,432.7,2774.68,Simple,29,No,No,126.3,3.6,129.9,Partial Payment,,ADJ-111,1,,No
IS-CLM-2025003512,2025-08-06,Collision,IN,E-Portal,562.27,6428.46,Moderate,21,Yes,Yes,39.1,15.6,54.7,Paid in Full,,ADJ-107,4,2.0,
IS-CLM-2025003513,2025-07-14,Comprehensive,MO,Phone,472.03,1406.89,Simple,99,No,No,23.6,5.1,28.7,Denied,Fraud suspected,ADJ-150,4,,
IS-CLM-2025003514,2025-09-28,Bodily Injury,MA,Fax/EDI,747.6,10835.3,Moderate,59,Yes,Yes,44.1,20.3,64.3,Settled,,ADJ-143,10,5.0,
IS-CLM-2025003515,2025-10-18,Comprehensive,GA,E-Portal,339.32,3217.37,Simple,93,No,No,18.0,3.9,21.8,Paid in Full,,ADJ-124,1,3.0,
IS-CLM-2025003516,2025-11-15,Bodily Injury,MA,Fax/EDI,612.83,8431.75,Moderate,36,Yes,No,16.9,7.3,24.1,Paid in Full,,ADJ-107,10,3.0,
IS-CLM-2025003517,2025-08-12,Property Damage,MO,Phone,489.56,3401.92,Simple,92,No,No,3.0,5.5,8.5,Paid in Full,,ADJ-107,5,3.0,
IS-CLM-2025003518,2025-10-26,Comprehensive,GA,E-Portal,324.34,2458.72,Simple,52,No,No,113.3,6.4,119.8,Partial Payment,,ADJ-120,3,,
IS-CLM-2025003519,2025-08-05,Property Damage,WA,E-Portal,344.26,2030.77,Simple,84,No,No,6.9,9.3,16.3,Denied,Coverage exclusion,ADJ-121,2,,No
IS-CLM-2025003520,2025-06-06,Collision,AZ,Phone,1160.38,44169.48,Complex,31,Yes,Yes,8.0,23.6,31.6,Pending Review,,ADJ-137,16,,
IS-CLM-2025003521,2025-10-03,Comprehensive,CA,E-Portal,280.29,2128.42,Simple,99,Yes,No,63.5,11.2,74.7,Paid in Full,,ADJ-108,5,2.0,
IS-CLM-2025003522,2025-06-14,Collision,NY,E-Portal,255.25,2216.32,Simple,70,No,No,35.5,7.6,43.0,Partial Payment,,ADJ-137,1,3.0,
IS-CLM-2025003523,2025-10-18,Liability,PA,E-Portal,372.68,13993.91,Moderate,27,Yes,Yes,70.7,11.7,82.4,Settled,,ADJ-118,5,4.0,
IS-CLM-2025003524,2025-08-25,Liability,GA,E-Portal,405.63,4795.47,Moderate,5,No,No,76.9,16.3,93.2,Paid in Full,,ADJ-109,8,,
IS-CLM-2025003525,2025-09-11,Comprehensive,CA,Phone,1491.02,13857.25,Complex,5,Yes,Yes,31.2,40.3,71.5,Denied,Pre-existing damage,ADJ-102,13,,
IS-CLM-2025003526,2025-09-25,Bodily Injury,MI,E-Portal,267.89,6434.4,Simple,84,No,No,79.4,2.2,81.6,Partial Payment,,ADJ-139,2,4.0,
IS-CLM-2025003527,2025-09-03,Bodily Injury,MO,Phone,1047.31,56463.25,Complex,5,Yes,No,291.5,53.2,344.8,Paid in Full,,ADJ-140,15,4.0,
IS-CLM-2025003528,2025-09-13,Comprehensive,MI,E-Portal,264.92,778.87,Simple,52,No,No,57.5,7.0,64.5,Settled,,ADJ-106,4,4.0,
IS-CLM-2025003529,2025-08-04,Liability,AZ,Phone,833.53,7332.43,Moderate,55,No,Yes,266.6,6.8,273.4,Settled,,ADJ-111,4,3.0,
IS-CLM-2025003530,2025-12-24,Comprehensive,FL,Phone,634.21,11433.7,Complex,27,Yes,Yes,178.2,65.7,243.9,Settled,,ADJ-137,10,2.0,
IS-CLM-2025003531,2025-11-10,Bodily Injury,WI,E-Portal,368.4,1837.05,Simple,28,No,Yes,75.0,6.0,81.0,Paid in Full,,ADJ-149,5,4.0,
IS-CLM-2025003532,2025-10-05,Comprehensive,MA,Fax/EDI,390.57,5295.12,Simple,88,No,No,8.1,5.6,13.7,Paid in Full,,ADJ-123,4,1.0,
IS-CLM-2025003533,2025-06-15,Property Damage,WI,Phone,1106.2,5298.73,Complex,25,Yes,No,53.2,25.9,79.1,Paid in Full,,ADJ-101,10,3.0,
IS-CLM-2025003534,2025-09-09,Property Damage,NC,Fax/EDI,525.78,7942.85,Moderate,42,Yes,No,103.3,9.6,112.9,Settled,,ADJ-121,6,3.0,
IS-CLM-2025003535,2025-09-07,Liability,MO,Fax/EDI,1111.19,16982.25,Complex,30,Yes,No,146.5,38.6,185.1,Paid in Full,,ADJ-130,12,,
IS-CLM-2025003536,2025-09-20,Comprehensive,TX,E-Portal,761.73,5327.15,Complex,5,Yes,No,48.5,83.9,132.4,Paid in Full,,ADJ-146,14,,
IS-CLM-2025003537,2025-09-25,Collision,GA,Phone,302.53,3136.69,Simple,56,No,No,7.8,4.9,12.7,Paid in Full,,ADJ-116,1,3.0,
IS-CLM-2025003538,2025-07-16,Property Damage,NC,E-Portal,289.75,1313.62,Simple,74,No,No,66.5,4.2,70.7,Paid in Full,,ADJ-122,4,,
IS-CLM-2025003539,2025-08-07,Collision,VA,Fax/EDI,540.38,1452.72,Simple,68,No,No,3.0,5.3,8.3,Partial Payment,,ADJ-135,1,4.0,
IS-CLM-2025003540,2025-11-27,Property Damage,MD,E-Portal,266.02,1629.78,Simple,58,No,No,3.0,4.9,7.9,Paid in Full,,ADJ-106,3,4.0,
IS-CLM-2025003541,2025-08-27,Comprehensive,NJ,Fax/EDI,462.7,2130.02,Simple,76,Yes,No,34.6,8.9,43.5,Paid in Full,,ADJ-138,3,,
IS-CLM-2025003542,2025-12-01,Collision,NJ,Phone,634.51,3429.94,Moderate,53,Yes,No,31.0,6.8,37.8,Paid in Full,,ADJ-107,3,3.0,
IS-CLM-2025003543,2025-10-26,Collision,MA,E-Portal,668.38,7614.85,Complex,58,Yes,No,38.7,58.0,96.6,Denied,Insufficient documentation,ADJ-148,10,3.0,
IS-CLM-2025003544,2025-09-27,Comprehensive,PA,Fax/EDI,338.9,2757.14,Simple,81,No,No,13.2,5.9,19.2,Settled,,ADJ-125,5,3.0,
IS-CLM-2025003545,2025-10-08,Collision,VA,E-Portal,228.98,3929.76,Simple,93,No,No,23.7,4.2,27.9,Partial Payment,,ADJ-114,5,4.0,
IS-CLM-2025003546,2025-10-08,Bodily Injury,NC,E-Portal,530.74,5332.18,Moderate,47,Yes,No,7.8,16.5,24.3,Partial Payment,,ADJ-101,9,4.0,
IS-CLM-2025003547,2025-10-30,Liability,WA,Phone,1109.07,4935.6,Complex,36,Yes,No,128.8,40.7,169.5,Paid in Full,,ADJ-105,8,4.0,Yes
IS-CLM-2025003548,2025-09-13,Bodily Injury,MO,E-Portal,342.27,1344.91,Simple,84,No,No,76.8,4.5,81.3,Denied,Exceeded policy limit,ADJ-129,5,2.0,
IS-CLM-2025003549,2025-06-11,Bodily Injury,OH,Fax/EDI,573.1,17231.42,Moderate,30,No,Yes,69.6,37.4,106.9,Settled,,ADJ-125,6,4.0,
IS-CLM-2025003550,2025-10-29,Collision,IL,Phone,468.44,3579.06,Simple,74,No,No,39.4,8.5,47.9,Paid in Full,,ADJ-105,1,3.0,
IS-CLM-2025003551,2025-09-21,Comprehensive,GA,Fax/EDI,372.5,1503.14,Simple,67,Yes,No,8.0,4.0,12.0,Denied,Exceeded policy limit,ADJ-112,2,,
IS-CLM-2025003552,2025-06-09,Bodily Injury,TN,E-Portal,570.07,3889.14,Moderate,62,No,Yes,23.7,15.1,38.8,Paid in Full,,ADJ-111,6,3.0,
IS-CLM-2025003553,2025-12-16,Collision,GA,E-Portal,588.48,23840.36,Complex,9,Yes,Yes,78.6,25.5,104.1,Paid in Full,,ADJ-115,9,4.0,
IS-CLM-2025003554,2025-06-06,Property Damage,AZ,Fax/EDI,775.22,6557.95,Moderate,33,No,No,42.2,15.7,57.9,Paid in Full,,ADJ-125,12,,
IS-CLM-2025003555,2025-08-06,Comprehensive,GA,E-Portal,370.47,910.73,Simple,67,Yes,No,36.4,12.3,48.6,Partial Payment,,ADJ-142,2,1.0,
IS-CLM-2025003556,2025-09-21,Collision,MO,E-Portal,318.54,4215.87,Simple,43,No,No,31.0,2.2,33.2,Paid in Full,,ADJ-109,5,5.0,
IS-CLM-2025003557,2025-10-02,Property Damage,TX,E-Portal,268.12,1549.9,Simple,56,No,No,58.7,4.9,63.6,Denied,Fraud suspected,ADJ-136,3,2.0,
IS-CLM-2025003558,2025-10-01,Bodily Injury,VA,Fax/EDI,476.11,3562.39,Simple,41,Yes,No,57.7,5.3,63.0,Paid in Full,,ADJ-149,5,,
IS-CLM-2025003559,2025-08-05,Collision,IL,E-Portal,337.66,572.21,Simple,69,No,No,32.8,4.8,37.6,Partial Payment,,ADJ-134,1,4.0,
IS-CLM-2025003560,2025-09-22,Collision,TN,Phone,472.99,517.08,Simple,59,No,No,3.0,10.8,13.8,Settled,,ADJ-102,4,4.0,
IS-CLM-2025003561,2025-09-17,Property Damage,MO,E-Portal,293.98,1876.11,Simple,57,No,Yes,55.1,4.0,59.1,Paid in Full,,ADJ-112,1,4.0,
IS-CLM-2025003562,2025-10-30,Comprehensive,PA,Phone,801.96,10073.84,Moderate,52,Yes,Yes,24.6,7.9,32.5,Pending Review,,ADJ-131,3,,
IS-CLM-2025003563,2025-06-24,Comprehensive,WA,Fax/EDI,873.36,6405.44,Moderate,69,No,No,19.1,4.8,24.0,Settled,,ADJ-114,12,,
IS-CLM-2025003564,2025-11-17,Property Damage,PA,Fax/EDI,384.31,2707.07,Simple,85,No,No,63.7,5.1,68.7,Paid in Full,,ADJ-131,2,,
IS-CLM-2025003565,2025-10-11,Bodily Injury,MA,Phone,756.73,3890.68,Moderate,60,No,No,5.0,11.3,16.3,Denied,Pre-existing damage,ADJ-111,7,2.0,
IS-CLM-2025003566,2025-12-22,Liability,TN,Phone,582.0,6785.17,Moderate,42,No,No,5.7,31.6,37.3,Paid in Full,,ADJ-126,7,4.0,
IS-CLM-2025003567,2025-09-18,Comprehensive,CA,Phone,999.15,10546.88,Complex,50,Yes,Yes,33.8,73.0,106.9,Partial Payment,,ADJ-133,5,3.0,
IS-CLM-2025003568,2025-06-05,Collision,VA,Phone,522.82,2070.73,Simple,40,Yes,No,104.6,3.7,108.3,Paid in Full,,ADJ-122,1,3.0,
IS-CLM-2025003569,2025-06-06,Liability,PA,E-Portal,593.59,6838.47,Moderate,41,No,No,54.8,9.0,63.8,Denied,Coverage exclusion,ADJ-106,10,1.0,
IS-CLM-2025003570,2025-09-02,Comprehensive,NC,Fax/EDI,755.45,7794.48,Moderate,73,Yes,No,9.3,22.2,31.4,Denied,Insufficient documentation,ADJ-105,3,,
IS-CLM-2025003571,2025-08-08,Comprehensive,AZ,Fax/EDI,479.34,1856.42,Simple,10,No,No,29.5,5.3,34.8,Paid in Full,,ADJ-150,1,4.0,
IS-CLM-2025003572,2025-09-12,Liability,WI,E-Portal,301.48,3703.81,Simple,12,No,Yes,36.8,11.1,47.9,Settled,,ADJ-147,4,3.0,
IS-CLM-2025003573,2025-10-15,Property Damage,VA,Fax/EDI,605.31,8124.56,Moderate,84,Yes,No,56.5,13.4,69.9,Paid in Full,,ADJ-113,6,4.0,
IS-CLM-2025003574,2025-09-04,Collision,IN,Fax/EDI,662.28,12556.13,Moderate,54,Yes,No,5.0,20.2,25.2,Partial Payment,,ADJ-126,11,,Yes
IS-CLM-2025003575,2025-06-03,Bodily Injury,TN,E-Portal,459.54,22307.45,Moderate,5,No,No,31.0,3.9,34.9,Paid in Full,,ADJ-110,6,3.0,
IS-CLM-2025003576,2025-10-03,Bodily Injury,FL,E-Portal,411.96,13569.81,Moderate,36,Yes,Yes,20.8,26.4,47.2,Partial Payment,,ADJ-146,4,,
IS-CLM-2025003577,2025-09-26,Property Damage,CA,Phone,500.91,1230.31,Simple,46,No,No,38.3,8.2,46.6,Partial Payment,,ADJ-132,5,,No
IS-CLM-2025003578,2025-10-02,Comprehensive,PA,E-Portal,481.95,7312.02,Moderate,5,Yes,No,42.4,40.5,82.9,Partial Payment,,ADJ-103,4,,
IS-CLM-2025003579,2025-07-10,Collision,MO,Fax/EDI,636.79,9514.05,Moderate,58,Yes,No,55.7,11.9,67.7,Settled,,ADJ-137,10,,
IS-CLM-2025003580,2025-08-08,Collision,WI,Phone,638.6,4416.41,Simple,77,No,No,7.7,3.1,10.8,Paid in Full,,ADJ-111,5,,
IS-CLM-2025003581,2025-08-27,Comprehensive,MO,Phone,455.09,3838.46,Simple,92,No,No,16.4,14.6,31.0,Paid in Full,,ADJ-108,1,4.0,
IS-CLM-2025003582,2025-07-25,Comprehensive,WA,Phone,431.74,1393.64,Simple,55,Yes,No,36.8,5.1,41.9,Paid in Full,,ADJ-130,3,,
IS-CLM-2025003583,2025-09-26,Comprehensive,NJ,E-Portal,352.67,2273.43,Simple,99,Yes,No,3.0,6.4,9.4,Paid in Full,,ADJ-120,2,4.0,No
IS-CLM-2025003584,2025-12-25,Collision,MD,Fax/EDI,719.78,2849.29,Moderate,53,Yes,No,127.8,37.3,165.1,Paid in Full,,ADJ-109,8,,
IS-CLM-2025003585,2025-10-11,Collision,MO,E-Portal,747.3,14556.18,Complex,35,Yes,No,8.0,33.6,41.6,Pending Review,,ADJ-131,16,,
IS-CLM-2025003586,2025-12-12,Property Damage,TN,E-Portal,376.67,1988.92,Simple,49,No,No,17.5,6.2,23.7,Paid in Full,,ADJ-120,2,,
IS-CLM-2025003587,2025-07-21,Collision,VA,Fax/EDI,570.88,1235.48,Simple,62,No,No,29.6,9.3,38.9,Partial Payment,,ADJ-132,2,,
IS-CLM-2025003588,2025-09-05,Bodily Injury,MI,Phone,690.18,12291.0,Moderate,25,Yes,Yes,65.0,6.4,71.4,Denied,Insufficient documentation,ADJ-120,6,,Yes
IS-CLM-2025003589,2025-11-21,Collision,TX,Phone,338.57,741.21,Simple,39,No,No,8.0,3.2,11.2,Paid in Full,,ADJ-115,3,,
IS-CLM-2025003590,2025-11-13,Bodily Injury,CA,Phone,897.44,8719.55,Complex,37,Yes,No,22.7,47.3,70.0,Settled,,ADJ-127,5,,
IS-CLM-2025003591,2025-12-02,Comprehensive,TX,E-Portal,344.71,1901.38,Simple,80,Yes,No,31.6,4.7,36.3,Paid in Full,,ADJ-131,2,4.0,
IS-CLM-2025003592,2025-07-03,Comprehensive,NJ,E-Portal,339.79,2255.01,Simple,82,No,No,38.3,4.1,42.4,Denied,Insufficient documentation,ADJ-109,2,3.0,
IS-CLM-2025003593,2025-10-31,Collision,PA,E-Portal,306.79,250.0,Simple,77,No,No,6.7,2.4,9.1,Denied,Policy lapsed,ADJ-104,5,,
IS-CLM-2025003594,2025-12-01,Liability,NC,Fax/EDI,522.86,1768.91,Simple,52,No,No,99.7,6.0,105.7,Denied,Coverage exclusion,ADJ-110,4,2.0,
IS-CLM-2025003595,2025-11-29,Collision,NY,E-Portal,289.6,2360.24,Simple,42,No,No,55.0,3.4,58.5,Partial Payment,,ADJ-120,1,4.0,
IS-CLM-2025003596,2025-08-24,Collision,TN,Fax/EDI,805.06,6498.75,Moderate,34,No,No,7.9,11.7,19.5,Settled,,ADJ-134,7,4.0,
IS-CLM-2025003597,2025-11-04,Liability,GA,Phone,772.48,3097.05,Moderate,33,Yes,No,32.5,14.1,46.6,Partial Payment,,ADJ-148,7,3.0,
IS-CLM-2025003598,2025-08-18,Bodily Injury,IL,E-Portal,724.23,31368.89,Complex,19,Yes,Yes,72.1,20.6,92.7,Partial Payment,,ADJ-149,15,,
IS-CLM-2025003599,2025-11-05,Comprehensive,TN,Fax/EDI,549.61,1185.95,Simple,37,No,No,3.6,8.8,12.4,Paid in Full,,ADJ-106,3,4.0,
IS-CLM-2025003600,2025-10-31,Liability,CA,Phone,812.66,7413.46,Moderate,37,Yes,No,71.7,15.9,87.6,Pending Review,,ADJ-111,7,,
IS-CLM-2025003601,2025-12-17,Comprehensive,GA,E-Portal,305.98,967.49,Simple,46,Yes,No,29.8,6.1,35.8,Paid in Full,,ADJ-110,5,2.0,
IS-CLM-2025003602,2025-10-26,Property Damage,TX,Fax/EDI,867.61,22060.54,Complex,25,Yes,No,13.8,87.5,101.2,Paid in Full,,ADJ-127,6,,Yes
IS-CLM-2025003603,2025-11-13,Comprehensive,NJ,Phone,406.19,4914.25,Simple,54,No,No,5.2,4.5,9.7,Partial Payment,,ADJ-148,3,3.0,
IS-CLM-2025003604,2025-11-16,Comprehensive,TX,Phone,1297.75,12092.81,Complex,52,Yes,Yes,210.0,20.4,230.4,Paid in Full,,ADJ-140,12,4.0,
IS-CLM-2025003605,2025-12-03,Comprehensive,TX,Fax/EDI,421.04,2645.93,Simple,48,No,No,65.5,3.2,68.6,Paid in Full,,ADJ-137,2,,
IS-CLM-2025003606,2025-08-18,Liability,GA,Phone,740.4,7007.89,Moderate,45,Yes,No,47.9,10.0,57.9,Paid in Full,,ADJ-121,6,,
IS-CLM-2025003607,2025-11-19,Property Damage,WI,E-Portal,381.94,2060.98,Simple,60,No,Yes,3.0,5.9,8.9,Partial Payment,,ADJ-131,5,,
IS-CLM-2025003608,2025-08-25,Bodily Injury,MD,E-Portal,983.14,17802.2,Complex,20,Yes,Yes,8.0,45.5,53.5,Paid in Full,,ADJ-107,8,3.0,
IS-CLM-2025003609,2025-10-02,Collision,GA,Phone,575.77,4657.07,Simple,5,No,No,108.3,5.8,114.1,Paid in Full,,ADJ-144,2,2.0,
IS-CLM-2025003610,2025-07-29,Property Damage,TN,E-Portal,595.48,9534.18,Moderate,12,No,No,24.6,26.8,51.3,Paid in Full,,ADJ-117,3,,
IS-CLM-2025003611,2025-10-16,Collision,MI,Phone,837.43,10935.26,Complex,38,Yes,Yes,37.0,29.1,66.0,Denied,Policy lapsed,ADJ-115,10,3.0,
IS-CLM-2025003612,2025-06-19,Comprehensive,AZ,Fax/EDI,924.39,64067.37,Complex,5,Yes,No,18.0,69.9,87.9,Pending Review,,ADJ-132,16,,
IS-CLM-2025003613,2025-08-31,Comprehensive,VA,E-Portal,513.7,3711.4,Moderate,62,Yes,No,32.1,11.6,43.7,Denied,Filing deadline missed,ADJ-141,3,2.0,
IS-CLM-2025003614,2025-07-09,Collision,NJ,E-Portal,282.62,516.39,Simple,31,No,No,24.3,3.9,28.2,Paid in Full,,ADJ-138,5,4.0,Yes
IS-CLM-2025003615,2025-12-26,Collision,MI,Fax/EDI,543.44,12856.74,Moderate,29,Yes,Yes,20.7,11.5,32.3,Denied,Pre-existing damage,ADJ-103,10,,
IS-CLM-2025003616,2025-06-20,Collision,WI,Phone,397.15,1015.91,Simple,58,No,No,53.7,16.2,69.8,Paid in Full,,ADJ-102,3,,No
IS-CLM-2025003617,2025-07-28,Collision,NJ,Phone,374.48,1109.64,Simple,80,No,No,8.6,10.8,19.4,Partial Payment,,ADJ-105,5,,
IS-CLM-2025003618,2025-09-29,Bodily Injury,NY,E-Portal,383.01,5941.99,Simple,70,No,No,28.2,3.7,31.9,Denied,Filing deadline missed,ADJ-132,1,,
IS-CLM-2025003619,2025-09-09,Collision,TN,E-Portal,279.8,430.12,Simple,74,Yes,No,52.0,11.0,63.0,Paid in Full,,ADJ-118,4,3.0,No
IS-CLM-2025003620,2025-12-18,Collision,TN,E-Portal,196.81,5097.12,Simple,50,Yes,No,183.9,5.4,189.3,Paid in Full,,ADJ-135,3,,
IS-CLM-2025003621,2025-12-01,Property Damage,TN,E-Portal,400.85,7305.76,Moderate,37,Yes,No,5.0,9.5,14.5,Denied,Coverage exclusion,ADJ-105,8,2.0,
IS-CLM-2025003622,2025-07-10,Liability,TX,E-Portal,562.23,4252.36,Moderate,33,Yes,No,53.1,14.1,67.2,Paid in Full,,ADJ-143,9,4.0,
IS-CLM-2025003623,2025-09-26,Bodily Injury,FL,E-Portal,140.99,5755.9,Simple,99,No,No,60.5,4.1,64.6,Paid in Full,,ADJ-128,1,,
IS-CLM-2025003624,2025-10-08,Comprehensive,TX,E-Portal,552.35,10452.11,Moderate,45,Yes,Yes,57.8,11.4,69.2,Paid in Full,,ADJ-119,9,,Yes
IS-CLM-2025003625,2025-06-13,Comprehensive,OH,E-Portal,212.65,1373.78,Simple,47,No,No,20.2,17.6,37.8,Partial Payment,,ADJ-133,5,2.0,
IS-CLM-2025003626,2025-10-31,Bodily Injury,OH,Fax/EDI,1026.0,21486.59,Complex,51,No,Yes,20.2,99.9,120.1,Settled,,ADJ-108,11,,
IS-CLM-2025003627,2025-10-21,Property Damage,IN,Phone,617.07,5101.66,Moderate,72,Yes,No,22.4,22.8,45.2,Paid in Full,,ADJ-134,8,,
IS-CLM-2025003628,2025-10-31,Property Damage,TX,E-Portal,330.28,3793.85,Simple,67,No,No,27.1,8.7,35.8,Denied,Exceeded policy limit,ADJ-126,5,3.0,
IS-CLM-2025003629,2025-07-12,Comprehensive,AZ,E-Portal,225.33,4675.23,Simple,37,No,No,212.6,2.7,215.3,Paid in Full,,ADJ-146,4,3.0,
IS-CLM-2025003630,2025-06-01,Bodily Injury,MO,Fax/EDI,1016.98,29460.78,Complex,38,Yes,Yes,42.9,42.4,85.3,Partial Payment,,ADJ-113,12,4.0,
IS-CLM-2025003631,2025-09-16,Comprehensive,NJ,Phone,375.14,881.72,Simple,38,No,No,68.4,6.5,74.9,Denied,Pre-existing damage,ADJ-102,5,3.0,
IS-CLM-2025003632,2025-12-14,Comprehensive,AZ,E-Portal,618.26,5780.32,Moderate,51,No,No,16.1,7.0,23.1,Settled,,ADJ-141,12,2.0,
IS-CLM-2025003633,2025-11-12,Collision,NC,Phone,939.81,10353.42,Moderate,73,Yes,No,50.9,21.6,72.5,Partial Payment,,ADJ-106,7,2.0,
IS-CLM-2025003634,2025-08-07,Collision,WI,E-Portal,215.52,3885.75,Simple,28,No,No,15.7,7.5,23.2,Paid in Full,,ADJ-124,1,,
IS-CLM-2025003635,2025-08-26,Collision,MA,E-Portal,282.62,1069.81,Simple,65,Yes,No,8.3,2.0,10.3,Paid in Full,,ADJ-128,1,3.0,
IS-CLM-2025003636,2025-11-03,Collision,MI,Phone,320.56,2247.59,Simple,53,No,No,16.2,20.9,37.0,Partial Payment,,ADJ-149,1,4.0,
IS-CLM-2025003637,2025-11-08,Property Damage,MD,Phone,651.1,2315.9,Moderate,49,No,No,8.2,18.2,26.3,Partial Payment,,ADJ-103,5,3.0,
IS-CLM-2025003638,2025-08-28,Liability,TN,Phone,682.88,7508.42,Moderate,29,No,No,7.1,15.9,23.0,Settled,,ADJ-131,10,,
IS-CLM-2025003639,2025-06-05,Comprehensive,OH,E-Portal,236.16,639.79,Simple,99,No,No,174.6,6.8,181.4,Paid in Full,,ADJ-138,2,,
IS-CLM-2025003640,2025-06-28,Property Damage,MI,E-Portal,646.43,8843.96,Moderate,13,Yes,No,7.9,11.4,19.3,Paid in Full,,ADJ-107,5,3.0,
IS-CLM-2025003641,2025-06-15,Bodily Injury,PA,Fax/EDI,990.06,16716.39,Complex,26,No,Yes,129.8,46.7,176.5,Denied,Filing deadline missed,ADJ-102,15,2.0,
IS-CLM-2025003642,2025-08-27,Collision,NJ,Phone,564.62,7087.67,Moderate,51,Yes,No,12.9,31.4,44.3,Partial Payment,,ADJ-147,3,,
IS-CLM-2025003643,2025-10-29,Comprehensive,MO,Fax/EDI,645.53,15006.59,Moderate,50,Yes,No,5.0,17.2,22.2,Denied,Insufficient documentation,ADJ-134,11,4.0,
IS-CLM-2025003644,2025-08-19,Collision,AZ,E-Portal,558.41,8774.18,Moderate,32,Yes,No,169.3,18.8,188.1,Paid in Full,,ADJ-116,11,4.0,
IS-CLM-2025003645,2025-11-19,Collision,TX,E-Portal,515.52,9884.86,Moderate,52,Yes,Yes,6.9,6.2,13.1,Partial Payment,,ADJ-120,12,,
IS-CLM-2025003646,2025-06-05,Bodily Injury,MA,Phone,427.23,2310.72,Simple,82,No,No,19.2,9.8,29.0,Paid in Full,,ADJ-137,5,,
IS-CLM-2025003647,2025-09-14,Collision,VA,Phone,865.83,12092.33,Complex,42,Yes,Yes,51.4,36.9,88.3,Partial Payment,,ADJ-133,14,3.0,
IS-CLM-2025003648,2025-07-20,Comprehensive,MI,Fax/EDI,760.91,3887.37,Moderate,13,No,No,15.1,27.0,42.1,Settled,,ADJ-122,5,2.0,
IS-CLM-2025003649,2025-08-23,Liability,AZ,E-Portal,534.52,4454.93,Moderate,29,Yes,Yes,98.1,8.9,107.0,Partial Payment,,ADJ-119,3,3.0,Yes
IS-CLM-2025003650,2025-12-08,Liability,MD,E-Portal,647.09,8580.84,Complex,60,Yes,No,56.9,36.2,93.1,Settled,,ADJ-112,10,3.0,
IS-CLM-2025003651,2025-09-03,Comprehensive,IN,Phone,1206.96,18966.97,Complex,33,Yes,No,131.0,57.5,188.5,Partial Payment,,ADJ-141,7,,Yes
IS-CLM-2025003652,2025-10-08,Comprehensive,CA,Fax/EDI,484.56,2026.99,Simple,30,No,No,22.9,29.2,52.1,Partial Payment,,ADJ-146,5,,
IS-CLM-2025003653,2025-07-17,Comprehensive,OH,E-Portal,421.63,7370.49,Moderate,61,Yes,No,98.4,7.5,105.9,Denied,Pre-existing damage,ADJ-118,10,,
IS-CLM-2025003654,2025-06-09,Collision,WI,E-Portal,479.07,8908.44,Moderate,48,No,No,144.7,11.8,156.6,Paid in Full,,ADJ-131,9,,
IS-CLM-2025003655,2025-10-20,Collision,NJ,E-Portal,635.88,11085.72,Complex,5,Yes,Yes,92.7,56.5,149.2,Partial Payment,,ADJ-117,16,2.0,
IS-CLM-2025003656,2025-08-04,Collision,MO,Fax/EDI,320.14,1028.09,Simple,99,No,Yes,25.8,4.7,30.6,Partial Payment,,ADJ-130,2,1.0,
IS-CLM-2025003657,2025-08-16,Liability,MI,Fax/EDI,680.79,12652.94,Moderate,59,Yes,Yes,11.2,9.0,20.2,Denied,Coverage exclusion,ADJ-135,3,,
IS-CLM-2025003658,2025-09-06,Collision,AZ,Fax/EDI,465.99,1729.62,Simple,70,No,No,12.0,5.5,17.4,Settled,,ADJ-139,2,,
IS-CLM-2025003659,2025-09-13,Liability,CA,E-Portal,646.13,19611.67,Complex,16,Yes,Yes,8.0,40.4,48.4,Partial Payment,,ADJ-106,18,3.0,
IS-CLM-2025003660,2025-12-08,Property Damage,NY,E-Portal,750.66,19764.56,Complex,27,Yes,Yes,22.0,68.3,90.3,Paid in Full,,ADJ-140,7,,
IS-CLM-2025003661,2025-09-05,Comprehensive,WA,Phone,504.32,4760.51,Simple,30,No,No,37.0,8.5,45.5,Paid in Full,,ADJ-150,2,4.0,No
IS-CLM-2025003662,2025-06-12,Bodily Injury,GA,Fax/EDI,394.04,3030.46,Simple,84,No,No,4.7,3.9,8.6,Paid in Full,,ADJ-105,5,4.0,
IS-CLM-2025003663,2025-10-22,Liability,NY,E-Portal,549.84,7615.95,Moderate,47,No,No,87.6,7.5,95.1,Paid in Full,,ADJ-106,6,3.0,
IS-CLM-2025003664,2025-11-10,Collision,NY,E-Portal,689.6,23043.13,Complex,33,Yes,Yes,8.7,59.9,68.6,Settled,,ADJ-120,12,3.0,
IS-CLM-2025003665,2025-09-01,Liability,TN,Fax/EDI,926.5,10643.06,Moderate,52,Yes,No,5.0,27.9,32.9,Partial Payment,,ADJ-125,10,1.0,Yes
IS-CLM-2025003666,2025-11-17,Comprehensive,IN,Phone,530.56,1368.05,Simple,99,No,Yes,6.5,7.7,14.2,Partial Payment,,ADJ-123,4,2.0,
IS-CLM-2025003667,2025-09-30,Comprehensive,PA,E-Portal,292.46,1474.49,Simple,94,Yes,No,14.1,4.8,18.9,Denied,Exceeded policy limit,ADJ-139,3,,
IS-CLM-2025003668,2025-09-25,Bodily Injury,NC,E-Portal,605.39,36176.76,Complex,5,Yes,Yes,58.5,19.7,78.3,Paid in Full,,ADJ-140,15,3.0,No
IS-CLM-2025003669,2025-10-13,Comprehensive,MD,Fax/EDI,395.01,1064.33,Simple,47,No,No,14.7,3.0,17.7,Denied,Insufficient documentation,ADJ-115,4,,
IS-CLM-2025003670,2025-11-05,Comprehensive,NJ,E-Portal,201.3,2771.72,Simple,99,No,No,3.0,4.0,7.0,Paid in Full,,ADJ-105,1,,
IS-CLM-2025003671,2025-06-05,Bodily Injury,GA,Phone,1326.2,10814.14,Complex,46,Yes,Yes,65.6,27.0,92.6,Partial Payment,,ADJ-115,6,,
IS-CLM-2025003672,2025-10-21,Collision,TX,E-Portal,265.67,1442.29,Simple,96,No,Yes,84.2,2.8,86.9,Paid in Full,,ADJ-103,1,4.0,No
IS-CLM-2025003673,2025-10-15,Liability,WA,E-Portal,299.4,2413.77,Simple,59,No,Yes,3.0,6.4,9.4,Settled,,ADJ-121,2,4.0,
IS-CLM-2025003674,2025-09-08,Comprehensive,NJ,Phone,323.0,1447.73,Simple,52,No,No,126.7,5.2,131.9,Denied,Exceeded policy limit,ADJ-130,5,3.0,No
IS-CLM-2025003675,2025-10-22,Comprehensive,AZ,Phone,770.13,6302.17,Moderate,75,No,Yes,14.8,9.9,24.7,Denied,Fraud suspected,ADJ-117,11,3.0,
IS-CLM-2025003676,2025-06-04,Collision,GA,E-Portal,421.59,6204.76,Moderate,10,Yes,No,86.8,9.6,96.4,Paid in Full,,ADJ-130,10,5.0,
IS-CLM-2025003677,2025-06-19,Property Damage,MD,E-Portal,666.12,16575.82,Complex,5,No,Yes,36.0,28.4,64.4,Paid in Full,,ADJ-142,12,3.0,No
IS-CLM-2025003678,2025-08-19,Property Damage,WA,E-Portal,762.01,9664.02,Complex,13,Yes,Yes,8.0,63.6,71.6,Partial Payment,,ADJ-134,6,2.0,
IS-CLM-2025003679,2025-06-19,Comprehensive,MD,E-Portal,378.22,2266.32,Simple,98,No,No,25.5,9.4,35.0,Paid in Full,,ADJ-103,3,,
IS-CLM-2025003680,2025-07-14,Liability,FL,Fax/EDI,538.04,5893.43,Moderate,77,Yes,No,60.6,17.7,78.3,Partial Payment,,ADJ-123,8,,
IS-CLM-2025003681,2025-09-17,Bodily Injury,MD,E-Portal,584.11,41494.54,Complex,5,Yes,Yes,108.5,61.7,170.2,Denied,Fraud suspected,ADJ-120,15,3.0,
IS-CLM-2025003682,2025-09-13,Collision,VA,E-Portal,236.82,7495.37,Simple,82,Yes,No,25.1,3.1,28.2,Settled,,ADJ-107,4,,
IS-CLM-2025003683,2025-06-07,Liability,OH,E-Portal,886.85,10590.78,Complex,26,Yes,Yes,11.5,31.8,43.3,Settled,,ADJ-149,5,4.0,
IS-CLM-2025003684,2025-11-25,Bodily Injury,WI,E-Portal,450.92,12336.0,Moderate,45,Yes,Yes,58.7,17.4,76.1,Denied,Filing deadline missed,ADJ-125,4,,
IS-CLM-2025003685,2025-11-05,Collision,MA,E-Portal,315.48,3482.47,Simple,60,No,No,58.5,2.2,60.6,Paid in Full,,ADJ-130,2,,No
IS-CLM-2025003686,2025-08-17,Comprehensive,TN,E-Portal,340.1,1152.66,Simple,55,Yes,No,8.9,7.8,16.7,Paid in Full,,ADJ-110,2,,
IS-CLM-2025003687,2025-12-25,Property Damage,MO,E-Portal,371.79,1292.42,Simple,60,No,No,72.2,3.8,76.0,Settled,,ADJ-143,2,,
IS-CLM-2025003688,2025-07-10,Collision,MA,Phone,422.38,1590.21,Simple,69,No,No,34.4,3.0,37.4,Paid in Full,,ADJ-106,3,,
IS-CLM-2025003689,2025-08-01,Liability,NC,Fax/EDI,737.68,10075.67,Complex,5,Yes,No,8.0,37.4,45.4,Paid in Full,,ADJ-139,11,3.0,No
IS-CLM-2025003690,2025-06-09,Collision,TN,E-Portal,197.23,1304.43,Simple,60,No,No,99.9,10.2,110.1,Settled,,ADJ-121,4,,
IS-CLM-2025003691,2025-07-01,Collision,NY,E-Portal,240.02,2121.32,Simple,70,No,No,30.4,3.2,33.6,Denied,Pre-existing damage,ADJ-138,5,,
IS-CLM-2025003692,2025-09-03,Comprehensive,NC,Phone,768.55,4340.08,Moderate,29,Yes,No,47.5,30.1,77.6,Settled,,ADJ-139,10,4.0,
IS-CLM-2025003693,2025-08-15,Comprehensive,VA,Phone,558.12,3136.54,Simple,88,Yes,No,15.0,6.8,21.8,Partial Payment,,ADJ-139,2,2.0,
IS-CLM-2025003694,2025-07-04,Comprehensive,MA,Fax/EDI,288.28,1210.53,Simple,53,No,No,15.7,8.6,24.3,Settled,,ADJ-126,4,,
IS-CLM-2025003695,2025-10-28,Bodily Injury,PA,E-Portal,538.75,14168.47,Moderate,43,Yes,Yes,95.2,17.2,112.5,Settled,,ADJ-142,3,4.0,No
IS-CLM-2025003696,2025-11-07,Liability,IL,E-Portal,496.8,8817.2,Complex,39,Yes,No,156.5,57.4,213.9,Partial Payment,,ADJ-106,17,,
IS-CLM-2025003697,2025-12-27,Comprehensive,NY,E-Portal,356.21,1022.44,Simple,32,No,No,62.2,4.5,66.7,Paid in Full,,ADJ-121,4,4.0,No
IS-CLM-2025003698,2025-06-19,Collision,WI,Fax/EDI,531.74,4401.36,Simple,79,No,No,44.7,9.3,54.0,Partial Payment,,ADJ-148,5,,
IS-CLM-2025003699,2025-06-21,Comprehensive,PA,E-Portal,703.71,21474.63,Complex,32,Yes,Yes,8.3,46.7,55.0,Paid in Full,,ADJ-144,16,3.0,
IS-CLM-2025003700,2025-07-06,Property Damage,OH,Fax/EDI,1029.07,10848.28,Complex,58,Yes,Yes,219.7,27.8,247.6,Paid in Full,,ADJ-137,14,4.0,
IS-CLM-2025003701,2025-11-22,Liability,MO,Fax/EDI,465.34,1738.69,Simple,58,No,No,55.8,8.4,64.1,Paid in Full,,ADJ-105,1,3.0,
IS-CLM-2025003702,2025-08-07,Property Damage,IN,Phone,878.35,12904.72,Complex,43,Yes,Yes,233.4,40.0,273.4,Denied,Insufficient documentation,ADJ-127,18,,
IS-CLM-2025003703,2025-09-01,Collision,VA,E-Portal,311.39,2481.68,Simple,82,Yes,No,21.1,4.1,25.2,Paid in Full,,ADJ-105,5,1.0,
IS-CLM-2025003704,2025-07-06,Liability,CA,Phone,357.9,3721.63,Simple,81,No,No,11.5,14.2,25.7,Denied,Exceeded policy limit,ADJ-119,1,2.0,
IS-CLM-2025003705,2025-06-17,Collision,GA,Phone,374.16,1081.4,Simple,59,Yes,No,22.1,5.6,27.7,Paid in Full,,ADJ-149,1,,
IS-CLM-2025003706,2025-09-20,Liability,WA,Phone,1001.88,18418.78,Complex,5,Yes,No,100.3,31.0,131.2,Settled,,ADJ-138,6,3.0,
IS-CLM-2025003707,2025-09-27,Comprehensive,TN,E-Portal,538.49,4314.03,Moderate,45,No,No,48.9,10.1,59.0,Paid in Full,,ADJ-143,4,,
IS-CLM-2025003708,2025-12-05,Property Damage,GA,Fax/EDI,455.36,2492.02,Simple,90,No,No,134.2,6.8,141.0,Paid in Full,,ADJ-135,2,,
IS-CLM-2025003709,2025-11-10,Comprehensive,AZ,E-Portal,263.07,705.88,Simple,69,No,No,57.1,6.9,64.0,Paid in Full,,ADJ-116,4,4.0,
IS-CLM-2025003710,2025-11-02,Collision,WA,Phone,470.99,1405.82,Simple,49,No,Yes,3.0,4.9,7.9,Settled,,ADJ-112,5,4.0,
IS-CLM-2025003711,2025-08-05,Collision,NC,Fax/EDI,1020.18,14003.33,Complex,48,Yes,Yes,8.0,36.3,44.3,Partial Payment,,ADJ-148,15,4.0,
IS-CLM-2025003712,2025-11-28,Bodily Injury,MO,Fax/EDI,1088.77,10487.28,Complex,44,Yes,Yes,113.6,24.7,138.3,Paid in Full,,ADJ-120,17,,
IS-CLM-2025003713,2025-07-27,Collision,TX,Phone,549.93,6098.96,Simple,79,Yes,Yes,13.8,7.3,21.1,Paid in Full,,ADJ-136,4,4.0,No
IS-CLM-2025003714,2025-08-25,Collision,VA,E-Portal,314.25,2956.83,Simple,51,No,No,47.6,7.9,55.5,Paid in Full,,ADJ-145,1,,
IS-CLM-2025003715,2025-09-08,Liability,IL,E-Portal,389.41,3435.25,Simple,30,No,No,3.0,2.0,5.0,Denied,Coverage exclusion,ADJ-111,3,2.0,
IS-CLM-2025003716,2025-11-24,Comprehensive,PA,Phone,1355.19,10791.34,Complex,83,Yes,Yes,15.6,30.7,46.4,Paid in Full,,ADJ-116,12,4.0,
IS-CLM-2025003717,2025-09-14,Collision,IL,E-Portal,352.21,1183.17,Simple,99,No,No,49.0,6.9,55.9,Paid in Full,,ADJ-102,2,3.0,
IS-CLM-2025003718,2025-08-22,Comprehensive,IN,Fax/EDI,1022.72,17405.49,Complex,5,Yes,No,26.5,48.7,75.2,Denied,Fraud suspected,ADJ-143,14,1.0,
IS-CLM-2025003719,2025-10-04,Liability,MD,E-Portal,321.53,8368.2,Simple,90,No,No,74.6,8.2,82.8,Paid in Full,,ADJ-137,2,,
IS-CLM-2025003720,2025-08-31,Liability,MA,Fax/EDI,961.19,3760.35,Complex,5,Yes,No,40.0,45.0,85.0,Paid in Full,,ADJ-137,15,,
IS-CLM-2025003721,2025-08-05,Liability,MD,E-Portal,605.18,4393.47,Complex,46,Yes,No,17.6,32.5,50.1,Denied,Insufficient documentation,ADJ-114,11,,
IS-CLM-2025003722,2025-09-25,Comprehensive,CA,E-Portal,471.87,6563.82,Moderate,85,Yes,No,157.2,21.0,178.3,Paid in Full,,ADJ-123,9,,
IS-CLM-2025003723,2025-09-27,Collision,TN,E-Portal,306.82,2185.99,Simple,79,No,No,63.7,4.8,68.5,Paid in Full,,ADJ-111,2,4.0,
IS-CLM-2025003724,2025-12-21,Bodily Injury,CA,E-Portal,225.0,5379.65,Simple,74,No,No,23.1,3.4,26.5,Paid in Full,,ADJ-103,5,,
IS-CLM-2025003725,2025-10-26,Property Damage,IL,Phone,531.64,2090.12,Simple,65,No,No,9.8,9.7,19.5,Partial Payment,,ADJ-133,4,2.0,
IS-CLM-2025003726,2025-07-14,Collision,NY,E-Portal,498.42,5285.77,Moderate,47,No,No,17.3,8.3,25.6,Denied,Policy lapsed,ADJ-106,5,,
IS-CLM-2025003727,2025-07-29,Liability,TN,E-Portal,771.64,20322.52,Complex,39,Yes,Yes,82.3,23.7,106.0,Denied,Filing deadline missed,ADJ-101,12,3.0,
IS-CLM-2025003728,2025-06-17,Comprehensive,WA,Fax/EDI,1051.97,31668.37,Complex,24,Yes,No,60.6,46.5,107.1,Partial Payment,,ADJ-117,18,,
IS-CLM-2025003729,2025-09-20,Property Damage,IL,E-Portal,470.43,4204.13,Moderate,45,No,No,61.3,11.5,72.8,Paid in Full,,ADJ-114,9,5.0,
IS-CLM-2025003730,2025-07-11,Collision,WA,E-Portal,653.09,15208.45,Moderate,32,Yes,No,103.0,11.8,114.8,Partial Payment,,ADJ-102,3,,
IS-CLM-2025003731,2025-06-21,Bodily Injury,TX,E-Portal,490.85,50938.96,Complex,9,Yes,No,166.3,20.5,186.8,Settled,,ADJ-146,7,4.0,
IS-CLM-2025003732,2025-07-15,Collision,OH,E-Portal,339.19,1085.75,Simple,93,Yes,No,103.7,4.5,108.3,Partial Payment,,ADJ-129,2,4.0,
IS-CLM-2025003733,2025-08-22,Bodily Injury,TX,Fax/EDI,1066.99,7773.68,Complex,16,Yes,No,118.0,116.9,234.9,Paid in Full,,ADJ-113,15,4.0,
IS-CLM-2025003734,2025-07-07,Bodily Injury,NC,Phone,1095.58,27153.1,Complex,25,Yes,No,83.4,26.9,110.2,Paid in Full,,ADJ-128,17,4.0,
IS-CLM-2025003735,2025-10-22,Collision,CA,E-Portal,333.4,1523.81,Simple,63,Yes,No,23.4,3.5,26.9,Denied,Exceeded policy limit,ADJ-115,1,2.0,
IS-CLM-2025003736,2025-12-18,Liability,TN,E-Portal,597.65,5893.28,Moderate,26,No,No,29.8,5.2,35.0,Denied,Insufficient documentation,ADJ-116,6,,
IS-CLM-2025003737,2025-08-05,Liability,MI,Phone,1300.0,7888.2,Complex,59,Yes,No,8.0,57.6,65.6,Partial Payment,,ADJ-125,6,2.0,
IS-CLM-2025003738,2025-08-07,Collision,WI,E-Portal,281.66,1125.44,Simple,44,Yes,Yes,39.2,5.4,44.6,Paid in Full,,ADJ-148,3,4.0,
IS-CLM-2025003739,2025-06-26,Comprehensive,VA,Fax/EDI,380.42,1538.33,Simple,49,Yes,No,28.8,4.6,33.3,Paid in Full,,ADJ-110,5,,
IS-CLM-2025003740,2025-11-25,Comprehensive,IL,Phone,381.66,2011.93,Simple,53,No,No,14.6,13.2,27.8,Denied,Coverage exclusion,ADJ-123,1,4.0,
IS-CLM-2025003741,2025-06-05,Comprehensive,WA,E-Portal,257.31,881.69,Simple,61,No,No,38.0,6.2,44.2,Paid in Full,,ADJ-107,2,4.0,
IS-CLM-2025003742,2025-07-12,Comprehensive,VA,Phone,596.69,803.0,Simple,46,No,No,79.0,8.1,87.1,Partial Payment,,ADJ-109,5,,
IS-CLM-2025003743,2025-08-23,Collision,IN,E-Portal,320.18,3851.74,Simple,39,No,No,33.1,4.0,37.1,Paid in Full,,ADJ-120,2,4.0,
IS-CLM-2025003744,2025-08-09,Comprehensive,TX,E-Portal,180.28,547.93,Simple,99,No,No,9.2,4.8,13.9,Paid in Full,,ADJ-112,3,,
IS-CLM-2025003745,2025-11-21,Comprehensive,OH,E-Portal,291.36,1296.6,Simple,99,Yes,No,3.0,3.7,6.7,Paid in Full,,ADJ-108,3,,
IS-CLM-2025003746,2025-12-27,Liability,VA,E-Portal,737.25,12639.06,Complex,32,Yes,Yes,139.5,53.6,193.1,Paid in Full,,ADJ-130,12,,
IS-CLM-2025003747,2025-10-20,Collision,MO,Phone,348.59,1337.8,Simple,44,Yes,No,78.9,16.4,95.3,Paid in Full,,ADJ-135,5,4.0,
IS-CLM-2025003748,2025-07-31,Liability,CA,E-Portal,533.71,6673.24,Moderate,24,No,No,27.2,15.0,42.2,Settled,,ADJ-135,11,2.0,
IS-CLM-2025003749,2025-12-12,Comprehensive,WI,E-Portal,257.63,5333.57,Simple,32,No,No,103.8,6.1,109.9,Paid in Full,,ADJ-120,2,3.0,
IS-CLM-2025003750,2025-07-27,Property Damage,MI,Phone,478.3,3296.14,Simple,92,No,No,22.1,6.2,28.3,Paid in Full,,ADJ-119,3,4.0,
IS-CLM-2025003751,2025-07-17,Comprehensive,TX,E-Portal,277.25,1339.15,Simple,72,No,No,3.0,7.7,10.7,Paid in Full,,ADJ-129,4,4.0,
IS-CLM-2025003752,2025-06-23,Comprehensive,NY,E-Portal,523.07,10475.16,Complex,30,Yes,Yes,189.1,53.1,242.2,Pending Review,,ADJ-136,8,,
IS-CLM-2025003753,2025-08-18,Comprehensive,VA,Phone,543.61,1198.24,Simple,50,No,No,34.5,4.7,39.1,Paid in Full,,ADJ-117,3,,
IS-CLM-2025003754,2025-11-22,Collision,NY,E-Portal,304.57,420.95,Simple,60,Yes,No,65.1,3.3,68.4,Partial Payment,,ADJ-123,5,3.0,
IS-CLM-2025003755,2025-06-10,Comprehensive,NY,Phone,547.77,4016.45,Simple,33,No,No,3.0,12.0,15.0,Paid in Full,,ADJ-112,1,,
IS-CLM-2025003756,2025-07-22,Collision,AZ,E-Portal,297.79,2634.23,Simple,32,No,Yes,6.8,1.4,8.2,Paid in Full,,ADJ-133,2,4.0,
IS-CLM-2025003757,2025-09-19,Property Damage,FL,Fax/EDI,957.73,16522.11,Complex,72,Yes,Yes,158.6,64.6,223.3,Pending Review,,ADJ-138,14,,No
IS-CLM-2025003758,2025-06-02,Bodily Injury,MA,E-Portal,517.31,19560.96,Moderate,20,No,Yes,29.8,30.4,60.1,Paid in Full,,ADJ-148,6,,No
IS-CLM-2025003759,2025-10-25,Liability,WA,E-Portal,564.36,5948.48,Moderate,56,Yes,No,5.0,19.7,24.7,Partial Payment,,ADJ-109,10,2.0,
IS-CLM-2025003760,2025-08-24,Comprehensive,AZ,Phone,427.76,5147.37,Simple,63,No,Yes,6.8,21.2,28.0,Paid in Full,,ADJ-134,4,,
IS-CLM-2025003761,2025-10-11,Property Damage,MI,E-Portal,593.76,17533.8,Complex,21,Yes,Yes,99.3,12.3,111.6,Partial Payment,,ADJ-142,13,,Yes
IS-CLM-2025003762,2025-10-10,Collision,AZ,E-Portal,350.5,3681.09,Simple,65,Yes,No,66.6,2.5,69.1,Denied,Filing deadline missed,ADJ-137,4,3.0,
IS-CLM-2025003763,2025-08-02,Comprehensive,TX,E-Portal,298.43,1048.75,Simple,61,No,Yes,24.9,10.4,35.3,Paid in Full,,ADJ-116,4,4.0,
IS-CLM-2025003764,2025-11-05,Comprehensive,WI,Fax/EDI,498.94,4053.02,Simple,23,No,No,25.9,4.5,30.4,Paid in Full,,ADJ-120,3,4.0,
IS-CLM-2025003765,2025-11-23,Liability,NC,E-Portal,365.24,2561.11,Simple,99,No,No,38.0,1.7,39.8,Partial Payment,,ADJ-129,4,3.0,
IS-CLM-2025003766,2025-07-14,Collision,TN,Fax/EDI,474.49,1046.73,Simple,99,No,No,4.6,6.2,10.8,Paid in Full,,ADJ-120,4,,
IS-CLM-2025003767,2025-10-24,Collision,NY,Fax/EDI,809.19,2539.79,Moderate,30,Yes,No,54.3,11.1,65.4,Paid in Full,,ADJ-117,6,4.0,
IS-CLM-2025003768,2025-11-14,Liability,IN,Phone,1006.33,9495.16,Complex,27,Yes,No,157.9,60.1,218.0,Paid in Full,,ADJ-146,18,3.0,
IS-CLM-2025003769,2025-06-14,Collision,MD,Phone,624.76,9850.39,Moderate,68,No,No,9.0,8.4,17.4,Partial Payment,,ADJ-128,8,3.0,
IS-CLM-2025003770,2025-08-20,Property Damage,MD,Phone,382.57,1532.55,Simple,92,No,No,174.1,7.6,181.7,Settled,,ADJ-122,4,,
IS-CLM-2025003771,2025-12-22,Liability,MO,Phone,463.93,2592.93,Simple,62,No,Yes,21.0,2.8,23.8,Paid in Full,,ADJ-120,1,4.0,
IS-CLM-2025003772,2025-11-25,Liability,OH,Phone,488.89,4796.0,Simple,45,No,No,77.4,6.0,83.4,Paid in Full,,ADJ-144,4,4.0,
IS-CLM-2025003773,2025-09-08,Collision,NY,Phone,430.24,1724.4,Simple,71,No,No,13.9,11.2,25.2,Settled,,ADJ-121,1,,
IS-CLM-2025003774,2025-06-01,Collision,MA,E-Portal,351.08,1828.56,Simple,52,No,No,65.2,6.3,71.6,Partial Payment,,ADJ-110,2,2.0,
IS-CLM-2025003775,2025-11-30,Bodily Injury,IN,E-Portal,335.52,2078.62,Simple,72,Yes,No,3.3,14.4,17.7,Partial Payment,,ADJ-138,5,2.0,
IS-CLM-2025003776,2025-10-20,Liability,VA,Phone,658.98,7008.5,Moderate,30,Yes,No,20.1,14.4,34.5,Denied,Coverage exclusion,ADJ-149,5,,
IS-CLM-2025003777,2025-11-22,Liability,AZ,E-Portal,394.77,11018.77,Moderate,60,Yes,No,5.0,15.6,20.6,Partial Payment,,ADJ-146,8,,
IS-CLM-2025003778,2025-08-12,Collision,WA,Phone,838.34,6016.62,Moderate,33,Yes,Yes,5.0,25.1,30.1,Settled,,ADJ-109,6,3.0,
IS-CLM-2025003779,2025-10-03,Collision,FL,Fax/EDI,292.6,726.57,Simple,63,No,No,30.1,6.8,36.9,Settled,,ADJ-103,5,3.0,
IS-CLM-2025003780,2025-08-31,Comprehensive,VA,Fax/EDI,398.46,2043.7,Simple,99,No,No,60.3,7.2,67.6,Partial Payment,,ADJ-103,2,3.0,
IS-CLM-2025003781,2025-09-14,Comprehensive,NY,Fax/EDI,431.5,6233.54,Simple,59,Yes,No,10.1,3.8,13.9,Partial Payment,,ADJ-120,3,,
IS-CLM-2025003782,2025-12-20,Liability,MI,Phone,453.13,3093.0,Simple,5,No,No,196.5,6.0,202.5,Paid in Full,,ADJ-108,2,3.0,
IS-CLM-2025003783,2025-10-23,Collision,GA,Fax/EDI,478.15,1111.98,Simple,79,No,No,23.7,7.7,31.4,Partial Payment,,ADJ-110,4,,
IS-CLM-2025003784,2025-12-11,Liability,CA,Fax/EDI,750.72,11626.2,Moderate,46,Yes,Yes,229.3,14.9,244.2,Settled,,ADJ-126,4,,
IS-CLM-2025003785,2025-07-14,Property Damage,PA,E-Portal,772.01,5985.4,Complex,43,Yes,No,8.3,40.9,49.2,Pending Review,,ADJ-146,15,,
IS-CLM-2025003786,2025-09-07,Liability,NJ,E-Portal,549.25,7810.76,Complex,50,Yes,No,31.0,23.1,54.1,Pending Review,,ADJ-143,5,,
IS-CLM-2025003787,2025-09-03,Liability,MI,E-Portal,600.02,18623.18,Moderate,23,No,Yes,5.0,12.1,17.1,Paid in Full,,ADJ-104,5,,
IS-CLM-2025003788,2025-07-25,Liability,VA,E-Portal,310.27,2129.72,Simple,69,No,No,37.6,3.6,41.2,Paid in Full,,ADJ-135,5,,
IS-CLM-2025003789,2025-08-19,Comprehensive,OH,Phone,538.84,1057.21,Simple,95,Yes,No,107.4,4.6,112.1,Denied,Policy lapsed,ADJ-137,5,4.0,
IS-CLM-2025003790,2025-11-21,Comprehensive,TN,Fax/EDI,589.37,1954.15,Moderate,38,Yes,Yes,26.2,18.9,45.1,Paid in Full,,ADJ-137,9,,No
IS-CLM-2025003791,2025-12-27,Collision,PA,Fax/EDI,389.64,1750.2,Simple,29,No,No,38.0,5.8,43.8,Paid in Full,,ADJ-102,2,,
IS-CLM-2025003792,2025-07-18,Bodily Injury,PA,E-Portal,554.78,6345.99,Complex,5,Yes,No,62.8,23.6,86.3,Denied,Coverage exclusion,ADJ-126,6,4.0,
IS-CLM-2025003793,2025-11-03,Collision,TX,Fax/EDI,628.49,14207.8,Complex,44,Yes,Yes,8.0,37.1,45.1,Denied,Insufficient documentation,ADJ-122,15,1.0,Yes
IS-CLM-2025003794,2025-06-10,Collision,TX,E-Portal,495.4,14377.52,Moderate,30,No,No,20.2,15.2,35.4,Settled,,ADJ-130,9,2.0,
IS-CLM-2025003795,2025-07-12,Bodily Injury,NY,Fax/EDI,1275.92,17623.23,Complex,28,Yes,Yes,56.2,59.3,115.5,Denied,Policy lapsed,ADJ-144,8,,
IS-CLM-2025003796,2025-12-27,Comprehensive,GA,E-Portal,353.39,1002.87,Simple,80,No,No,35.1,4.5,39.6,Paid in Full,,ADJ-148,5,3.0,
IS-CLM-2025003797,2025-09-05,Bodily Injury,WA,Phone,440.77,5398.64,Simple,28,No,No,4.3,9.1,13.4,Paid in Full,,ADJ-111,2,,
IS-CLM-2025003798,2025-06-11,Bodily Injury,TX,E-Portal,565.57,8384.94,Moderate,45,Yes,Yes,5.0,10.7,15.7,Partial Payment,,ADJ-130,10,,
IS-CLM-2025003799,2025-07-17,Bodily Injury,MD,Fax/EDI,411.67,3659.39,Simple,37,No,No,261.8,3.7,265.5,Paid in Full,,ADJ-121,4,,
IS-CLM-2025003800,2025-10-16,Collision,MD,Fax/EDI,403.16,577.98,Simple,99,No,No,39.7,8.7,48.5,Denied,Coverage exclusion,ADJ-126,2,1.0,
IS-CLM-2025003801,2025-11-25,Comprehensive,IN,E-Portal,590.37,10830.35,Complex,21,Yes,Yes,300.6,29.7,330.3,Settled,,ADJ-111,11,,
IS-CLM-2025003802,2025-10-20,Collision,TX,E-Portal,461.0,11825.03,Moderate,88,Yes,No,50.0,15.4,65.4,Denied,Filing deadline missed,ADJ-121,5,,
IS-CLM-2025003803,2025-08-09,Collision,MA,E-Portal,422.07,945.26,Simple,48,No,No,24.1,6.9,31.0,Paid in Full,,ADJ-145,1,,
IS-CLM-2025003804,2025-08-07,Bodily Injury,MD,Fax/EDI,1148.16,15918.34,Complex,23,Yes,Yes,356.8,19.0,375.8,Partial Payment,,ADJ-122,7,4.0,
IS-CLM-2025003805,2025-07-26,Property Damage,MD,Fax/EDI,732.59,4180.83,Moderate,64,No,No,28.4,28.8,57.2,Paid in Full,,ADJ-136,11,4.0,
IS-CLM-2025003806,2025-09-22,Collision,CA,E-Portal,230.11,2215.48,Simple,45,No,No,112.7,2.4,115.1,Denied,Filing deadline missed,ADJ-131,4,3.0,
IS-CLM-2025003807,2025-06-14,Property Damage,TN,Fax/EDI,787.17,26103.3,Complex,89,Yes,No,50.3,62.5,112.8,Partial Payment,,ADJ-110,13,4.0,
IS-CLM-2025003808,2025-09-11,Comprehensive,IN,Fax/EDI,702.1,5322.82,Moderate,74,Yes,No,157.3,59.2,216.5,Denied,Policy lapsed,ADJ-144,4,,
IS-CLM-2025003809,2025-12-11,Collision,AZ,E-Portal,446.62,18695.29,Moderate,26,Yes,Yes,5.0,16.1,21.1,Paid in Full,,ADJ-132,4,,
IS-CLM-2025003810,2025-09-17,Comprehensive,TX,Phone,140.0,1844.34,Simple,48,No,No,383.0,6.4,389.5,Paid in Full,,ADJ-113,1,,
IS-CLM-2025003811,2025-11-12,Liability,AZ,Fax/EDI,586.81,7217.47,Moderate,71,No,No,5.0,22.4,27.4,Partial Payment,,ADJ-124,4,3.0,
IS-CLM-2025003812,2025-10-28,Collision,IN,Fax/EDI,421.87,1562.6,Simple,66,Yes,No,21.4,3.7,25.1,Partial Payment,,ADJ-117,2,2.0,
IS-CLM-2025003813,2025-09-01,Liability,GA,Fax/EDI,1103.02,8503.04,Complex,16,Yes,No,383.1,67.3,450.4,Partial Payment,,ADJ-126,17,2.0,
IS-CLM-2025003814,2025-10-26,Bodily Injury,WA,E-Portal,595.43,15442.97,Complex,18,Yes,Yes,8.0,26.0,34.0,Partial Payment,,ADJ-129,5,,
IS-CLM-2025003815,2025-07-01,Collision,MA,E-Portal,283.09,730.25,Simple,99,No,No,14.4,6.4,20.8,Paid in Full,,ADJ-132,1,2.0,
IS-CLM-2025003816,2025-06-11,Bodily Injury,MA,Fax/EDI,389.99,2987.7,Simple,52,Yes,No,27.3,5.8,33.0,Settled,,ADJ-131,3,3.0,
IS-CLM-2025003817,2025-07-28,Collision,GA,Phone,596.7,2378.94,Simple,68,No,No,11.6,6.8,18.5,Paid in Full,,ADJ-129,5,4.0,
IS-CLM-2025003818,2025-11-27,Bodily Injury,PA,Phone,1041.16,54225.0,Complex,44,Yes,Yes,8.0,34.2,42.2,Paid in Full,,ADJ-104,10,,
IS-CLM-2025003819,2025-06-24,Property Damage,TX,Fax/EDI,522.07,1052.11,Simple,67,No,No,13.8,4.4,18.2,Paid in Full,,ADJ-104,1,4.0,
IS-CLM-2025003820,2025-12-06,Collision,MI,E-Portal,471.38,2179.72,Simple,74,Yes,No,34.0,3.4,37.3,Paid in Full,,ADJ-123,3,4.0,
IS-CLM-2025003821,2025-07-12,Collision,GA,Phone,689.34,5759.39,Moderate,28,Yes,No,79.0,14.4,93.4,Denied,Coverage exclusion,ADJ-144,5,,
IS-CLM-2025003822,2025-09-29,Property Damage,MI,Phone,358.52,3684.36,Simple,75,No,No,144.8,5.3,150.1,Settled,,ADJ-142,4,,
IS-CLM-2025003823,2025-11-15,Comprehensive,VA,E-Portal,565.67,10559.88,Moderate,60,No,Yes,47.6,11.5,59.1,Partial Payment,,ADJ-139,10,,
IS-CLM-2025003824,2025-08-05,Property Damage,IL,E-Portal,421.59,21919.84,Moderate,44,Yes,Yes,44.7,11.2,55.9,Partial Payment,,ADJ-140,7,,No
IS-CLM-2025003825,2025-07-13,Property Damage,TX,E-Portal,621.16,35654.15,Complex,28,Yes,No,58.2,52.9,111.1,Paid in Full,,ADJ-114,12,3.0,
IS-CLM-2025003826,2025-12-21,Comprehensive,MI,Phone,737.38,5426.47,Moderate,92,No,No,14.6,26.0,40.6,Paid in Full,,ADJ-150,12,,
IS-CLM-2025003827,2025-09-22,Bodily Injury,TN,E-Portal,242.89,2918.66,Simple,99,No,No,28.6,2.7,31.3,Paid in Full,,ADJ-139,4,4.0,
IS-CLM-2025003828,2025-06-30,Bodily Injury,AZ,Phone,583.09,6241.99,Simple,68,Yes,No,31.0,4.8,35.8,Paid in Full,,ADJ-150,1,,
IS-CLM-2025003829,2025-09-26,Bodily Injury,NJ,Phone,1275.36,14661.78,Complex,22,Yes,Yes,8.0,43.0,51.0,Denied,Filing deadline missed,ADJ-140,16,1.0,
IS-CLM-2025003830,2025-10-09,Bodily Injury,FL,E-Portal,505.16,13845.82,Moderate,5,Yes,Yes,89.8,5.7,95.5,Settled,,ADJ-104,6,,
IS-CLM-2025003831,2025-12-22,Collision,VA,Fax/EDI,601.25,6591.96,Moderate,32,Yes,No,114.2,13.3,127.5,Settled,,ADJ-144,8,3.0,
IS-CLM-2025003832,2025-08-07,Comprehensive,VA,E-Portal,370.77,866.54,Simple,77,No,No,41.2,2.8,44.0,Denied,Policy lapsed,ADJ-117,3,,
IS-CLM-2025003833,2025-08-21,Comprehensive,PA,Phone,516.96,1501.25,Simple,80,No,No,69.9,6.1,76.0,Partial Payment,,ADJ-108,1,,
IS-CLM-2025003834,2025-06-15,Bodily Injury,IN,Fax/EDI,1172.42,82705.65,Complex,26,Yes,No,25.1,22.1,47.2,Partial Payment,,ADJ-127,15,3.0,
IS-CLM-2025003835,2025-10-09,Collision,WA,E-Portal,337.41,2334.42,Simple,62,No,Yes,51.6,3.0,54.6,Partial Payment,,ADJ-111,1,2.0,
IS-CLM-2025003836,2025-10-26,Bodily Injury,TN,Phone,442.58,7536.23,Simple,71,No,No,66.8,9.4,76.2,Settled,,ADJ-145,2,,
IS-CLM-2025003837,2025-11-25,Bodily Injury,MO,Phone,1148.33,26784.14,Complex,56,Yes,No,35.5,48.0,83.4,Denied,Insufficient documentation,ADJ-117,7,2.0,
IS-CLM-2025003838,2025-10-05,Collision,PA,Phone,373.53,2054.97,Simple,77,No,No,51.5,6.1,57.6,Paid in Full,,ADJ-111,5,4.0,
IS-CLM-2025003839,2025-10-02,Liability,MO,E-Portal,229.62,1928.55,Simple,48,No,Yes,12.5,3.2,15.7,Paid in Full,,ADJ-149,3,5.0,
IS-CLM-2025003840,2025-11-22,Comprehensive,NC,E-Portal,397.45,3539.93,Moderate,43,Yes,No,10.0,20.6,30.6,Partial Payment,,ADJ-119,5,3.0,
IS-CLM-2025003841,2025-09-25,Comprehensive,NY,Phone,542.09,1978.55,Simple,75,No,No,7.3,3.2,10.6,Paid in Full,,ADJ-131,2,3.0,
IS-CLM-2025003842,2025-09-19,Bodily Injury,FL,Phone,782.9,19250.92,Moderate,57,Yes,Yes,24.6,22.4,47.0,Denied,Pre-existing damage,ADJ-118,8,,
IS-CLM-2025003843,2025-11-07,Bodily Injury,IL,E-Portal,422.11,15992.59,Moderate,52,No,Yes,94.3,30.2,124.5,Partial Payment,,ADJ-140,11,1.0,
IS-CLM-2025003844,2025-11-06,Comprehensive,MD,Fax/EDI,411.55,1607.44,Simple,53,No,No,13.9,3.8,17.8,Settled,,ADJ-131,3,3.0,
IS-CLM-2025003845,2025-08-24,Collision,IN,Phone,631.44,5295.0,Moderate,39,Yes,Yes,48.5,16.2,64.6,Paid in Full,,ADJ-118,3,4.0,
IS-CLM-2025003846,2025-11-04,Property Damage,PA,E-Portal,321.26,1767.36,Simple,78,No,No,9.2,8.4,17.5,Paid in Full,,ADJ-114,4,,
IS-CLM-2025003847,2025-06-01,Bodily Injury,VA,Fax/EDI,424.08,1969.95,Simple,34,No,No,76.0,5.2,81.2,Paid in Full,,ADJ-122,1,,
IS-CLM-2025003848,2025-10-27,Comprehensive,OH,E-Portal,432.34,6929.14,Moderate,11,No,No,86.5,11.4,97.9,Paid in Full,,ADJ-102,4,4.0,
IS-CLM-2025003849,2025-08-11,Comprehensive,IN,E-Portal,460.8,4632.38,Moderate,42,Yes,No,115.6,16.0,131.6,Settled,,ADJ-143,8,3.0,
IS-CLM-2025003850,2025-06-18,Collision,MI,E-Portal,329.95,1824.53,Simple,22,No,No,3.0,3.9,6.9,Paid in Full,,ADJ-109,2,,
IS-CLM-2025003851,2025-06-16,Bodily Injury,MD,Phone,806.06,6346.37,Moderate,25,Yes,No,162.2,6.4,168.5,Partial Payment,,ADJ-102,8,,
IS-CLM-2025003852,2025-06-27,Collision,AZ,Fax/EDI,505.03,847.67,Simple,99,Yes,Yes,22.1,2.7,24.8,Denied,Filing deadline missed,ADJ-104,2,,
IS-CLM-2025003853,2025-11-20,Liability,IL,E-Portal,780.8,13245.95,Complex,32,Yes,Yes,21.4,18.6,40.0,Partial Payment,,ADJ-132,6,3.0,
IS-CLM-2025003854,2025-11-10,Collision,IL,E-Portal,351.79,2189.81,Simple,73,No,No,3.0,4.1,7.1,Denied,Exceeded policy limit,ADJ-113,1,,
IS-CLM-2025003855,2025-06-27,Comprehensive,PA,Phone,524.8,1158.81,Simple,71,No,No,16.8,2.5,19.3,Denied,Exceeded policy limit,ADJ-135,2,4.0,
IS-CLM-2025003856,2025-10-03,Comprehensive,MO,E-Portal,330.82,1776.91,Simple,79,Yes,Yes,25.3,2.8,28.1,Paid in Full,,ADJ-145,3,4.0,
IS-CLM-2025003857,2025-10-09,Comprehensive,VA,Fax/EDI,497.49,2391.01,Simple,56,No,No,281.0,6.6,287.6,Partial Payment,,ADJ-121,3,3.0,
IS-CLM-2025003858,2025-06-08,Bodily Injury,IL,Fax/EDI,613.66,13784.25,Moderate,40,Yes,Yes,84.0,24.3,108.3,Paid in Full,,ADJ-122,5,4.0,
IS-CLM-2025003859,2025-07-14,Bodily Injury,IN,Fax/EDI,836.88,35141.31,Complex,5,Yes,No,100.2,28.2,128.4,Denied,Filing deadline missed,ADJ-140,9,3.0,
IS-CLM-2025003860,2025-11-30,Collision,WA,E-Portal,358.55,2036.39,Simple,63,No,No,3.2,2.4,5.5,Partial Payment,,ADJ-145,5,,
IS-CLM-2025003861,2025-09-23,Comprehensive,TX,E-Portal,314.34,2060.89,Simple,87,Yes,Yes,49.9,12.9,62.8,Paid in Full,,ADJ-144,2,,
IS-CLM-2025003862,2025-10-17,Liability,MO,E-Portal,582.55,14926.79,Moderate,37,Yes,No,76.0,20.9,96.9,Partial Payment,,ADJ-111,6,,
IS-CLM-2025003863,2025-06-05,Collision,OH,E-Portal,338.82,6031.76,Moderate,92,No,No,118.5,13.3,131.8,Paid in Full,,ADJ-119,5,,
IS-CLM-2025003864,2025-12-09,Comprehensive,MA,E-Portal,269.25,2246.25,Simple,84,Yes,No,75.0,3.1,78.1,Paid in Full,,ADJ-145,3,3.0,No
IS-CLM-2025003865,2025-07-07,Collision,IN,E-Portal,416.25,5632.59,Moderate,53,Yes,Yes,5.0,13.5,18.5,Partial Payment,,ADJ-101,11,,
IS-CLM-2025003866,2025-10-02,Comprehensive,MD,E-Portal,559.0,14734.8,Moderate,5,No,Yes,51.1,35.4,86.5,Pending Review,,ADJ-106,3,,
IS-CLM-2025003867,2025-11-18,Comprehensive,MO,Phone,549.89,9427.98,Moderate,73,Yes,No,53.8,27.2,81.0,Paid in Full,,ADJ-149,8,5.0,
IS-CLM-2025003868,2025-08-27,Comprehensive,TN,Fax/EDI,793.16,10039.94,Moderate,42,No,No,6.5,9.8,16.3,Settled,,ADJ-129,10,,
IS-CLM-2025003869,2025-12-14,Collision,TX,Fax/EDI,728.27,7638.51,Moderate,76,Yes,No,21.3,34.6,55.9,Paid in Full,,ADJ-131,6,4.0,Yes
IS-CLM-2025003870,2025-07-03,Liability,MD,E-Portal,399.37,5877.14,Moderate,9,No,No,28.5,11.4,39.9,Settled,,ADJ-111,11,4.0,
IS-CLM-2025003871,2025-12-25,Bodily Injury,MD,E-Portal,336.0,2564.77,Simple,98,Yes,No,45.0,7.9,52.9,Paid in Full,,ADJ-117,1,,
IS-CLM-2025003872,2025-07-10,Property Damage,VA,Fax/EDI,566.55,4631.25,Simple,47,No,No,167.4,3.8,171.3,Paid in Full,,ADJ-139,2,,
IS-CLM-2025003873,2025-12-21,Liability,MD,Phone,292.69,2563.56,Simple,54,No,No,15.6,8.8,24.4,Settled,,ADJ-119,1,3.0,
IS-CLM-2025003874,2025-10-01,Comprehensive,MO,E-Portal,248.76,1115.12,Simple,58,No,No,27.3,10.9,38.2,Paid in Full,,ADJ-141,3,4.0,
IS-CLM-2025003875,2025-11-13,Comprehensive,MD,E-Portal,292.49,2840.71,Simple,56,No,No,55.4,2.5,57.9,Partial Payment,,ADJ-122,4,,
IS-CLM-2025003876,2025-08-16,Liability,NC,E-Portal,276.67,1923.45,Simple,85,No,No,49.0,5.2,54.2,Paid in Full,,ADJ-132,2,4.0,
IS-CLM-2025003877,2025-11-30,Property Damage,IL,Fax/EDI,1230.67,13170.59,Complex,19,Yes,Yes,44.6,27.2,71.8,Partial Payment,,ADJ-119,13,,
IS-CLM-2025003878,2025-08-30,Collision,MO,E-Portal,305.08,1131.67,Simple,77,No,No,22.1,3.4,25.5,Partial Payment,,ADJ-128,2,2.0,
IS-CLM-2025003879,2025-11-05,Property Damage,NC,E-Portal,497.54,5750.16,Moderate,71,Yes,No,63.5,9.8,73.2,Paid in Full,,ADJ-111,9,4.0,
IS-CLM-2025003880,2025-10-03,Collision,TN,Fax/EDI,375.38,929.3,Simple,51,No,Yes,109.0,6.8,115.8,Paid in Full,,ADJ-146,1,4.0,
IS-CLM-2025003881,2025-08-02,Property Damage,WI,Fax/EDI,390.87,4915.49,Simple,80,No,No,64.6,3.9,68.5,Partial Payment,,ADJ-132,1,,No
IS-CLM-2025003882,2025-09-05,Property Damage,PA,E-Portal,403.71,3740.12,Simple,51,No,No,17.7,3.4,21.1,Partial Payment,,ADJ-140,1,3.0,
IS-CLM-2025003883,2025-10-19,Property Damage,FL,E-Portal,500.87,7222.63,Moderate,51,Yes,No,42.9,26.6,69.5,Paid in Full,,ADJ-114,6,3.0,
IS-CLM-2025003884,2025-12-24,Bodily Injury,OH,Phone,708.9,6687.3,Moderate,23,Yes,No,35.5,23.0,58.5,Paid in Full,,ADJ-142,10,4.0,
IS-CLM-2025003885,2025-10-09,Liability,MD,E-Portal,286.8,3267.5,Simple,68,No,No,23.8,5.2,29.0,Paid in Full,,ADJ-128,5,3.0,
IS-CLM-2025003886,2025-11-26,Collision,WI,E-Portal,837.59,22327.84,Complex,5,Yes,No,79.7,27.6,107.4,Denied,Filing deadline missed,ADJ-140,14,2.0,
IS-CLM-2025003887,2025-09-03,Liability,CA,E-Portal,312.28,5938.2,Simple,79,No,No,16.6,4.3,20.9,Paid in Full,,ADJ-145,4,5.0,
IS-CLM-2025003888,2025-11-29,Bodily Injury,FL,E-Portal,219.3,3406.03,Simple,26,No,No,48.8,6.4,55.2,Denied,Pre-existing damage,ADJ-119,1,2.0,
IS-CLM-2025003889,2025-11-07,Collision,MI,Fax/EDI,441.12,2411.76,Simple,86,No,No,75.4,12.4,87.8,Partial Payment,,ADJ-143,3,3.0,No
IS-CLM-2025003890,2025-06-16,Collision,MD,Fax/EDI,640.19,3390.32,Moderate,38,No,No,13.7,15.5,29.2,Partial Payment,,ADJ-133,5,,
IS-CLM-2025003891,2025-06-20,Bodily Injury,AZ,E-Portal,409.62,21403.16,Moderate,44,Yes,No,80.9,10.5,91.4,Partial Payment,,ADJ-112,4,2.0,
IS-CLM-2025003892,2025-09-04,Property Damage,MA,Phone,475.52,1703.65,Simple,24,No,No,233.3,3.3,236.5,Paid in Full,,ADJ-114,1,,
IS-CLM-2025003893,2025-11-18,Comprehensive,PA,Phone,504.66,1417.72,Simple,70,No,No,9.4,3.5,12.9,Denied,Filing deadline missed,ADJ-130,2,3.0,
IS-CLM-2025003894,2025-12-05,Bodily Injury,MO,E-Portal,508.98,4782.04,Moderate,94,Yes,No,120.0,26.0,146.0,Partial Payment,,ADJ-116,5,,No
IS-CLM-2025003895,2025-06-24,Bodily Injury,IL,Phone,884.23,15494.58,Moderate,54,Yes,Yes,56.0,22.1,78.0,Paid in Full,,ADJ-101,5,3.0,
IS-CLM-2025003896,2025-12-15,Liability,TN,E-Portal,311.17,4195.7,Simple,71,No,Yes,64.8,3.4,68.2,Settled,,ADJ-117,1,5.0,
IS-CLM-2025003897,2025-12-01,Bodily Injury,FL,E-Portal,507.63,15830.97,Moderate,62,No,Yes,88.5,10.7,99.1,Paid in Full,,ADJ-143,5,4.0,
IS-CLM-2025003898,2025-10-25,Property Damage,VA,Phone,921.44,5749.79,Moderate,69,Yes,No,5.0,18.5,23.5,Denied,Pre-existing damage,ADJ-131,12,,
IS-CLM-2025003899,2025-06-23,Comprehensive,PA,Phone,484.61,1384.8,Simple,49,No,No,27.3,10.2,37.5,Denied,Filing deadline missed,ADJ-120,4,4.0,
IS-CLM-2025003900,2025-10-20,Comprehensive,WA,E-Portal,379.4,1424.86,Simple,63,Yes,No,46.6,4.9,51.5,Partial Payment,,ADJ-147,2,4.0,
IS-CLM-2025003901,2025-10-07,Collision,MI,E-Portal,359.45,1811.7,Simple,20,No,No,24.5,5.1,29.6,Paid in Full,,ADJ-144,5,5.0,
IS-CLM-2025003902,2025-07-16,Collision,MD,E-Portal,329.73,3053.86,Simple,84,No,No,15.5,9.7,25.1,Partial Payment,,ADJ-116,3,,No
IS-CLM-2025003903,2025-06-30,Bodily Injury,NY,E-Portal,618.59,27004.72,Complex,50,Yes,Yes,171.0,33.9,204.9,Pending Review,,ADJ-145,16,,
IS-CLM-2025003904,2025-06-22,Bodily Injury,GA,Phone,457.67,5868.36,Simple,36,No,No,9.4,5.2,14.6,Paid in Full,,ADJ-103,2,,
IS-CLM-2025003905,2025-11-02,Collision,TX,E-Portal,285.79,1252.92,Simple,72,No,No,41.0,7.0,48.0,Partial Payment,,ADJ-144,4,3.0,
IS-CLM-2025003906,2025-09-01,Liability,IL,E-Portal,240.85,2465.85,Simple,81,No,No,101.9,2.8,104.7,Paid in Full,,ADJ-137,5,5.0,
IS-CLM-2025003907,2025-07-10,Bodily Injury,FL,E-Portal,632.08,38736.15,Complex,26,Yes,Yes,69.7,25.4,95.0,Paid in Full,,ADJ-136,16,,
IS-CLM-2025003908,2025-07-23,Comprehensive,NY,E-Portal,301.26,4441.85,Simple,85,Yes,No,81.2,4.4,85.6,Partial Payment,,ADJ-141,4,3.0,No
IS-CLM-2025003909,2025-08-16,Collision,FL,E-Portal,330.86,1999.44,Simple,36,Yes,No,36.9,2.7,39.6,Denied,Policy lapsed,ADJ-145,5,,
IS-CLM-2025003910,2025-06-24,Comprehensive,WA,Phone,964.03,16934.41,Complex,7,Yes,Yes,79.0,43.5,122.5,Partial Payment,,ADJ-102,6,3.0,
IS-CLM-2025003911,2025-07-23,Collision,IL,Phone,440.35,2987.84,Simple,72,No,No,16.8,6.0,22.8,Partial Payment,,ADJ-117,5,4.0,
IS-CLM-2025003912,2025-06-08,Property Damage,MA,Phone,936.11,11541.74,Complex,35,Yes,Yes,14.3,25.6,39.8,Paid in Full,,ADJ-123,5,,
IS-CLM-2025003913,2025-10-05,Collision,MD,E-Portal,190.79,626.78,Simple,59,No,No,115.1,5.5,120.6,Paid in Full,,ADJ-142,4,3.0,
IS-CLM-2025003914,2025-06-20,Property Damage,AZ,E-Portal,687.19,35071.09,Complex,26,Yes,No,99.1,44.6,143.7,Settled,,ADJ-143,12,,Yes
IS-CLM-2025003915,2025-10-07,Bodily Injury,FL,Phone,436.34,7473.06,Simple,99,No,No,75.3,5.3,80.6,Denied,Coverage exclusion,ADJ-121,4,,
IS-CLM-2025003916,2025-06-08,Collision,OH,E-Portal,257.0,786.68,Simple,60,No,No,143.0,3.3,146.3,Partial Payment,,ADJ-150,2,2.0,
IS-CLM-2025003917,2025-09-11,Property Damage,MD,Fax/EDI,917.02,39487.55,Complex,5,Yes,Yes,29.7,63.3,93.0,Paid in Full,,ADJ-139,18,,
IS-CLM-2025003918,2025-09-10,Property Damage,AZ,Phone,499.94,5619.59,Simple,7,No,No,3.0,2.2,5.2,Paid in Full,,ADJ-116,2,,No
IS-CLM-2025003919,2025-06-16,Comprehensive,CA,E-Portal,298.34,3786.88,Simple,41,No,No,99.9,3.1,103.0,Denied,Pre-existing damage,ADJ-101,1,3.0,
IS-CLM-2025003920,2025-06-17,Property Damage,NC,E-Portal,247.09,1551.43,Simple,51,No,Yes,4.8,3.3,8.1,Settled,,ADJ-120,2,,
IS-CLM-2025003921,2025-12-22,Liability,AZ,Phone,822.5,4493.86,Moderate,45,Yes,Yes,5.3,23.7,29.1,Paid in Full,,ADJ-145,11,,
IS-CLM-2025003922,2025-10-20,Bodily Injury,OH,E-Portal,758.94,33045.34,Complex,31,Yes,Yes,20.6,100.9,121.5,Partial Payment,,ADJ-122,14,,
IS-CLM-2025003923,2025-10-26,Collision,MA,Fax/EDI,942.07,16284.16,Complex,59,Yes,Yes,51.1,34.4,85.4,Paid in Full,,ADJ-135,18,,No
IS-CLM-2025003924,2025-11-23,Collision,MI,E-Portal,251.22,3066.95,Simple,73,No,No,39.9,4.6,44.4,Paid in Full,,ADJ-121,1,4.0,No
IS-CLM-2025003925,2025-12-14,Collision,NY,Fax/EDI,802.64,11056.68,Moderate,64,No,Yes,160.5,14.6,175.2,Settled,,ADJ-114,7,4.0,
IS-CLM-2025003926,2025-07-13,Collision,GA,Phone,374.09,823.04,Simple,73,No,No,31.1,7.1,38.3,Partial Payment,,ADJ-136,4,2.0,
IS-CLM-2025003927,2025-10-23,Bodily Injury,OH,Phone,979.37,30758.13,Complex,7,Yes,Yes,14.9,93.2,108.1,Denied,Insufficient documentation,ADJ-116,11,1.0,Yes
IS-CLM-2025003928,2025-09-02,Comprehensive,IN,Phone,834.03,8527.93,Moderate,47,Yes,No,5.0,21.6,26.6,Paid in Full,,ADJ-148,10,,
IS-CLM-2025003929,2025-08-08,Comprehensive,NY,Phone,1196.44,10032.94,Complex,66,Yes,Yes,306.8,41.4,348.2,Paid in Full,,ADJ-103,11,4.0,
IS-CLM-2025003930,2025-09-26,Liability,VA,E-Portal,354.29,2948.99,Simple,70,Yes,No,16.5,4.5,21.0,Partial Payment,,ADJ-126,1,3.0,
IS-CLM-2025003931,2025-08-31,Bodily Injury,IN,E-Portal,479.09,20993.44,Moderate,50,Yes,No,62.2,10.0,72.2,Partial Payment,,ADJ-117,4,4.0,
IS-CLM-2025003932,2025-07-16,Bodily Injury,MO,Phone,1113.68,42340.86,Complex,9,Yes,No,66.9,29.5,96.4,Settled,,ADJ-105,11,3.0,
IS-CLM-2025003933,2025-07-01,Property Damage,NY,E-Portal,321.63,2123.18,Simple,53,No,No,6.2,10.8,17.0,Paid in Full,,ADJ-125,1,3.0,
IS-CLM-2025003934,2025-11-03,Bodily Injury,IL,E-Portal,291.76,21043.59,Moderate,52,Yes,Yes,12.1,38.4,50.5,Pending Review,,ADJ-122,8,,
IS-CLM-2025003935,2025-08-09,Property Damage,AZ,E-Portal,259.81,2020.71,Simple,51,No,No,10.1,3.4,13.5,Paid in Full,,ADJ-116,4,3.0,
IS-CLM-2025003936,2025-08-05,Collision,GA,Phone,459.99,3787.96,Simple,66,Yes,No,44.2,3.9,48.0,Partial Payment,,ADJ-102,2,2.0,
IS-CLM-2025003937,2025-12-22,Bodily Injury,NC,Fax/EDI,909.7,18675.87,Complex,13,Yes,No,101.0,141.6,242.6,Denied,Pre-existing damage,ADJ-144,11,,
IS-CLM-2025003938,2025-06-08,Collision,CA,Fax/EDI,918.42,3082.6,Moderate,33,Yes,No,59.3,16.7,76.0,Paid in Full,,ADJ-139,9,,
IS-CLM-2025003939,2025-07-06,Liability,PA,E-Portal,258.04,2825.63,Simple,63,Yes,No,3.7,16.0,19.8,Partial Payment,,ADJ-134,4,,
IS-CLM-2025003940,2025-09-29,Bodily Injury,NC,Phone,589.79,1681.37,Moderate,65,No,No,32.0,7.3,39.3,Paid in Full,,ADJ-150,10,,
IS-CLM-2025003941,2025-12-23,Collision,OH,Phone,538.11,986.49,Simple,68,No,No,35.5,5.2,40.7,Paid in Full,,ADJ-143,1,,No
IS-CLM-2025003942,2025-08-23,Collision,MD,Fax/EDI,521.14,3319.31,Simple,99,No,No,8.5,10.0,18.5,Paid in Full,,ADJ-150,5,4.0,
IS-CLM-2025003943,2025-09-13,Comprehensive,MI,Fax/EDI,550.9,821.5,Simple,5,Yes,No,52.5,7.2,59.8,Partial Payment,,ADJ-145,3,,
IS-CLM-2025003944,2025-12-10,Collision,CA,Fax/EDI,598.13,1333.83,Simple,85,No,No,44.9,4.6,49.4,Denied,Fraud suspected,ADJ-118,2,,
IS-CLM-2025003945,2025-09-30,Comprehensive,MD,Fax/EDI,423.92,2828.65,Simple,77,No,No,29.6,12.9,42.6,Paid in Full,,ADJ-137,3,,
IS-CLM-2025003946,2025-10-26,Comprehensive,VA,Phone,236.65,881.76,Simple,69,Yes,No,83.1,15.5,98.5,Paid in Full,,ADJ-139,3,5.0,
IS-CLM-2025003947,2025-11-04,Collision,AZ,E-Portal,550.34,2565.69,Moderate,41,Yes,No,52.5,14.6,67.1,Denied,Coverage exclusion,ADJ-149,10,,
IS-CLM-2025003948,2025-11-26,Bodily Injury,MI,Fax/EDI,803.02,11528.91,Complex,40,Yes,Yes,62.0,47.6,109.7,Partial Payment,,ADJ-133,5,,
IS-CLM-2025003949,2025-06-29,Bodily Injury,TN,E-Portal,728.31,70317.19,Complex,62,Yes,No,22.9,34.0,56.9,Paid in Full,,ADJ-105,15,,
IS-CLM-2025003950,2025-07-23,Liability,NC,Fax/EDI,739.19,13622.99,Moderate,43,Yes,No,82.0,51.0,133.0,Paid in Full,,ADJ-121,12,4.0,
IS-CLM-2025003951,2025-08-20,Collision,NY,E-Portal,322.17,1235.91,Simple,67,No,No,20.4,10.6,31.0,Paid in Full,,ADJ-111,4,2.0,
IS-CLM-2025003952,2025-12-05,Comprehensive,IN,Fax/EDI,482.44,1972.02,Simple,86,No,No,70.9,14.6,85.5,Partial Payment,,ADJ-103,1,3.0,
IS-CLM-2025003953,2025-06-04,Bodily Injury,MD,Fax/EDI,404.19,2182.76,Simple,77,No,No,3.0,3.9,6.9,Denied,Insufficient documentation,ADJ-140,3,,No
IS-CLM-2025003954,2025-08-26,Bodily Injury,MD,Phone,891.35,5550.63,Moderate,40,Yes,No,11.2,12.7,23.9,Denied,Coverage exclusion,ADJ-118,12,3.0,
IS-CLM-2025003955,2025-08-12,Liability,FL,E-Portal,460.81,16432.82,Moderate,48,No,Yes,25.6,5.7,31.3,Partial Payment,,ADJ-146,6,4.0,
IS-CLM-2025003956,2025-08-29,Bodily Injury,PA,E-Portal,240.38,3799.11,Simple,54,No,No,74.7,8.2,82.9,Paid in Full,,ADJ-113,2,4.0,
IS-CLM-2025003957,2025-11-20,Bodily Injury,MO,E-Portal,574.23,5149.47,Moderate,15,No,No,12.2,12.4,24.6,Partial Payment,,ADJ-137,11,4.0,No
IS-CLM-2025003958,2025-07-24,Comprehensive,TX,Fax/EDI,319.15,1845.94,Simple,29,No,Yes,51.7,10.8,62.5,Paid in Full,,ADJ-130,4,4.0,
IS-CLM-2025003959,2025-06-22,Comprehensive,VA,Phone,513.78,1139.4,Simple,48,Yes,No,47.2,4.5,51.6,Paid in Full,,ADJ-105,5,,
IS-CLM-2025003960,2025-09-28,Liability,TX,Fax/EDI,519.04,2606.71,Moderate,23,Yes,No,45.8,20.3,66.1,Denied,Coverage exclusion,ADJ-101,10,,
IS-CLM-2025003961,2025-07-01,Collision,NY,E-Portal,260.64,830.47,Simple,90,Yes,No,10.7,3.9,14.6,Paid in Full,,ADJ-126,3,4.0,
IS-CLM-2025003962,2025-11-30,Property Damage,FL,Phone,704.3,5569.42,Moderate,37,No,No,111.8,16.9,128.7,Paid in Full,,ADJ-116,3,,
IS-CLM-2025003963,2025-09-26,Comprehensive,MI,E-Portal,642.32,4615.55,Moderate,8,Yes,No,34.5,28.3,62.8,Paid in Full,,ADJ-132,6,,No
IS-CLM-2025003964,2025-12-26,Comprehensive,IN,E-Portal,284.32,2396.28,Simple,75,No,No,17.4,5.2,22.7,Paid in Full,,ADJ-112,2,4.0,No
IS-CLM-2025003965,2025-12-02,Comprehensive,MA,Phone,518.61,4855.67,Simple,90,No,No,132.5,5.2,137.6,Paid in Full,,ADJ-147,4,4.0,
IS-CLM-2025003966,2025-06-15,Collision,MA,E-Portal,292.26,1322.98,Simple,39,No,No,30.3,6.3,36.6,Paid in Full,,ADJ-122,2,4.0,
IS-CLM-2025003967,2025-06-25,Comprehensive,IL,Fax/EDI,434.33,2569.68,Simple,99,No,No,16.8,6.9,23.7,Paid in Full,,ADJ-102,5,,
IS-CLM-2025003968,2025-12-11,Comprehensive,IL,E-Portal,295.19,3320.91,Simple,84,No,No,18.8,4.7,23.5,Paid in Full,,ADJ-140,4,,No
IS-CLM-2025003969,2025-09-14,Collision,CA,Phone,501.43,2532.06,Simple,90,No,No,85.7,3.6,89.2,Partial Payment,,ADJ-114,5,,No
IS-CLM-2025003970,2025-10-25,Collision,MI,E-Portal,263.57,1251.13,Simple,56,No,No,59.1,2.4,61.5,Denied,Pre-existing damage,ADJ-143,5,2.0,
IS-CLM-2025003971,2025-06-28,Property Damage,CA,Phone,471.03,3443.64,Simple,84,No,No,44.2,2.7,46.9,Paid in Full,,ADJ-131,1,,
IS-CLM-2025003972,2025-12-09,Collision,WI,Fax/EDI,656.34,4100.39,Moderate,15,Yes,Yes,30.5,33.7,64.2,Partial Payment,,ADJ-134,3,3.0,
IS-CLM-2025003973,2025-10-10,Liability,TN,Fax/EDI,672.22,3574.43,Moderate,38,No,No,138.1,43.5,181.6,Paid in Full,,ADJ-138,6,3.0,
IS-CLM-2025003974,2025-10-06,Collision,TX,Phone,869.21,19256.52,Moderate,45,No,No,167.1,22.4,189.5,Denied,Filing deadline missed,ADJ-139,5,,
IS-CLM-2025003975,2025-11-25,Collision,TN,E-Portal,213.79,1403.32,Simple,37,No,No,3.0,13.7,16.7,Settled,,ADJ-144,2,,
IS-CLM-2025003976,2025-08-28,Comprehensive,TX,Fax/EDI,452.74,1364.48,Simple,90,No,Yes,101.0,11.2,112.2,Paid in Full,,ADJ-122,4,4.0,
IS-CLM-2025003977,2025-07-05,Comprehensive,TN,E-Portal,222.41,1172.59,Simple,48,No,No,25.1,9.6,34.7,Settled,,ADJ-133,2,4.0,
IS-CLM-2025003978,2025-09-23,Collision,WI,Fax/EDI,920.0,24129.48,Complex,6,Yes,No,85.4,71.5,156.9,Denied,Pre-existing damage,ADJ-103,8,2.0,
IS-CLM-2025003979,2025-12-13,Bodily Injury,PA,Phone,593.83,7578.28,Moderate,45,Yes,No,30.8,9.9,40.8,Partial Payment,,ADJ-112,9,,
IS-CLM-2025003980,2025-07-28,Property Damage,TX,E-Portal,888.68,11329.4,Complex,35,Yes,No,8.0,37.2,45.2,Settled,,ADJ-117,10,2.0,
IS-CLM-2025003981,2025-09-04,Property Damage,MD,Phone,444.54,2752.07,Simple,72,Yes,No,32.0,3.8,35.9,Paid in Full,,ADJ-149,1,,
IS-CLM-2025003982,2025-09-27,Comprehensive,NC,Fax/EDI,790.74,5814.6,Moderate,46,Yes,No,16.9,10.0,26.9,Partial Payment,,ADJ-128,11,3.0,
IS-CLM-2025003983,2025-11-13,Liability,PA,E-Portal,240.19,2554.08,Simple,98,No,No,179.2,8.3,187.5,Paid in Full,,ADJ-108,2,4.0,
IS-CLM-2025003984,2025-10-21,Collision,OH,E-Portal,277.99,2492.6,Simple,61,No,No,57.8,3.5,61.4,Paid in Full,,ADJ-102,1,,
IS-CLM-2025003985,2025-08-31,Property Damage,OH,Phone,538.04,2402.87,Simple,83,No,No,89.5,6.4,95.9,Paid in Full,,ADJ-114,2,3.0,
IS-CLM-2025003986,2025-09-20,Property Damage,GA,Fax/EDI,311.06,1594.6,Simple,48,No,No,8.8,6.5,15.2,Settled,,ADJ-123,4,4.0,
IS-CLM-2025003987,2025-12-15,Comprehensive,IN,Fax/EDI,454.33,1439.91,Simple,54,Yes,No,9.1,10.1,19.2,Settled,,ADJ-115,4,,
IS-CLM-2025003988,2025-07-18,Collision,VA,Fax/EDI,551.43,684.74,Simple,68,No,No,21.0,4.0,25.0,Paid in Full,,ADJ-115,4,,
IS-CLM-2025003989,2025-12-05,Bodily Injury,TX,Phone,1307.69,10889.56,Complex,37,Yes,Yes,21.0,13.1,34.1,Partial Payment,,ADJ-103,8,,
IS-CLM-2025003990,2025-06-03,Property Damage,NC,Fax/EDI,876.28,2945.25,Moderate,68,Yes,No,73.6,23.1,96.7,Paid in Full,,ADJ-141,11,,
IS-CLM-2025003991,2025-10-10,Property Damage,OH,Phone,420.95,2979.94,Simple,93,No,No,8.6,6.1,14.7,Paid in Full,,ADJ-106,2,3.0,
IS-CLM-2025003992,2025-10-03,Comprehensive,MO,Fax/EDI,503.11,3598.31,Moderate,50,Yes,No,63.3,5.9,69.2,Settled,,ADJ-138,11,,
IS-CLM-2025003993,2025-11-12,Property Damage,MI,E-Portal,499.4,4654.66,Moderate,99,No,No,5.5,11.6,17.1,Partial Payment,,ADJ-127,12,,
IS-CLM-2025003994,2025-10-17,Bodily Injury,CA,Fax/EDI,1065.27,22236.14,Complex,5,Yes,Yes,42.9,102.0,144.9,Denied,Filing deadline missed,ADJ-146,10,3.0,
IS-CLM-2025003995,2025-12-04,Collision,PA,Fax/EDI,386.17,1828.08,Simple,55,No,No,30.4,6.2,36.6,Paid in Full,,ADJ-115,4,,
IS-CLM-2025003996,2025-07-11,Collision,TN,Phone,540.9,1227.35,Simple,86,No,No,68.9,5.3,74.2,Denied,Insufficient documentation,ADJ-113,5,1.0,
IS-CLM-2025003997,2025-10-14,Liability,MI,E-Portal,595.16,15769.71,Moderate,47,Yes,Yes,17.2,15.4,32.5,Settled,,ADJ-134,11,4.0,
IS-CLM-2025003998,2025-12-23,Comprehensive,WI,Fax/EDI,524.67,1936.08,Simple,51,No,No,56.8,5.6,62.4,Paid in Full,,ADJ-144,5,,
IS-CLM-2025003999,2025-11-21,Collision,OH,E-Portal,346.05,858.41,Simple,48,Yes,No,29.0,3.2,32.2,Paid in Full,,ADJ-139,5,4.0,
IS-CLM-2025004000,2025-10-27,Comprehensive,TN,Fax/EDI,392.28,454.73,Simple,76,No,No,53.7,2.6,56.4,Partial Payment,,ADJ-147,1,2.0,
IS-CLM-2025004001,2025-06-03,Property Damage,AZ,Phone,547.94,2078.48,Simple,48,No,No,55.1,9.3,64.4,Paid in Full,,ADJ-141,1,4.0,
IS-CLM-2025004002,2025-09-26,Liability,GA,Fax/EDI,825.36,12886.99,Complex,9,Yes,Yes,59.6,56.2,115.8,Settled,,ADJ-120,18,2.0,
IS-CLM-2025004003,2025-11-21,Collision,MO,E-Portal,321.8,2851.59,Simple,72,Yes,No,17.9,7.4,25.3,Partial Payment,,ADJ-106,1,3.0,
IS-CLM-2025004004,2025-08-25,Comprehensive,IL,Fax/EDI,790.53,10745.68,Moderate,38,No,Yes,46.5,18.9,65.3,Partial Payment,,ADJ-110,4,3.0,
IS-CLM-2025004005,2025-10-23,Collision,AZ,Fax/EDI,285.53,863.87,Simple,45,No,No,179.6,8.4,188.0,Partial Payment,,ADJ-127,2,3.0,
IS-CLM-2025004006,2025-08-05,Comprehensive,WA,Fax/EDI,416.46,2012.04,Simple,39,No,No,111.9,1.7,113.6,Partial Payment,,ADJ-123,3,,
IS-CLM-2025004007,2025-08-13,Liability,TN,E-Portal,246.42,2498.45,Simple,48,No,Yes,33.4,3.1,36.5,Settled,,ADJ-131,1,2.0,No
IS-CLM-2025004008,2025-07-26,Collision,TX,E-Portal,318.25,4927.22,Simple,83,No,No,81.1,9.7,90.8,Denied,Policy lapsed,ADJ-130,2,3.0,
IS-CLM-2025004009,2025-09-05,Bodily Injury,GA,Fax/EDI,733.04,6752.06,Moderate,37,No,No,12.2,17.5,29.8,Denied,Exceeded policy limit,ADJ-143,10,3.0,
IS-CLM-2025004010,2025-11-28,Collision,IL,Fax/EDI,444.73,573.66,Simple,81,No,No,3.0,8.1,11.1,Paid in Full,,ADJ-133,4,3.0,
IS-CLM-2025004011,2025-07-25,Comprehensive,WA,E-Portal,831.68,23137.06,Complex,30,Yes,No,39.4,12.1,51.5,Paid in Full,,ADJ-138,6,4.0,
IS-CLM-2025004012,2025-06-03,Property Damage,NJ,Phone,403.62,3667.3,Simple,70,No,No,98.7,11.0,109.7,Paid in Full,,ADJ-147,1,,
IS-CLM-2025004013,2025-07-24,Property Damage,PA,Phone,400.11,1995.56,Simple,73,No,No,43.5,6.9,50.4,Paid in Full,,ADJ-150,5,,
IS-CLM-2025004014,2025-11-08,Liability,OH,E-Portal,508.64,5593.22,Moderate,40,Yes,No,5.9,15.5,21.4,Denied,Insufficient documentation,ADJ-118,4,2.0,
IS-CLM-2025004015,2025-09-19,Collision,TX,E-Portal,288.68,890.14,Simple,67,No,No,76.4,3.1,79.6,Denied,Policy lapsed,ADJ-127,3,,
IS-CLM-2025004016,2025-12-15,Collision,MI,E-Portal,317.03,5277.23,Simple,57,No,No,44.3,2.3,46.6,Paid in Full,,ADJ-123,4,,
IS-CLM-2025004017,2025-12-01,Bodily Injury,NC,E-Portal,644.19,27082.41,Complex,39,No,Yes,36.3,28.8,65.1,Partial Payment,,ADJ-132,17,2.0,
IS-CLM-2025004018,2025-07-30,Comprehensive,MO,E-Portal,334.51,640.22,Simple,38,No,No,84.2,5.8,90.0,Paid in Full,,ADJ-146,3,4.0,
IS-CLM-2025004019,2025-10-25,Collision,CA,Fax/EDI,659.16,5907.81,Moderate,63,Yes,No,5.0,8.8,13.8,Paid in Full,,ADJ-106,11,4.0,
IS-CLM-2025004020,2025-10-17,Collision,NJ,Fax/EDI,410.89,1092.54,Simple,20,No,No,3.0,8.4,11.4,Paid in Full,,ADJ-149,5,3.0,No
IS-CLM-2025004021,2025-09-22,Property Damage,NC,E-Portal,565.22,8238.17,Moderate,49,Yes,No,43.5,18.8,62.3,Denied,Pre-existing damage,ADJ-121,12,3.0,
IS-CLM-2025004022,2025-06-11,Liability,AZ,E-Portal,479.94,18664.71,Moderate,45,Yes,Yes,63.7,18.1,81.7,Paid in Full,,ADJ-137,12,,
IS-CLM-2025004023,2025-09-08,Collision,NC,E-Portal,271.45,1101.39,Simple,21,No,Yes,60.9,1.7,62.5,Paid in Full,,ADJ-115,3,,
IS-CLM-2025004024,2025-07-30,Comprehensive,MI,E-Portal,479.75,3367.93,Moderate,35,Yes,No,44.5,9.1,53.6,Paid in Full,,ADJ-108,5,,
IS-CLM-2025004025,2025-11-23,Bodily Injury,MI,Fax/EDI,643.84,6556.39,Moderate,36,No,No,5.9,55.8,61.7,Paid in Full,,ADJ-105,3,3.0,
IS-CLM-2025004026,2025-06-12,Liability,OH,Fax/EDI,864.18,30083.59,Complex,14,Yes,Yes,20.5,47.8,68.3,Paid in Full,,ADJ-125,11,4.0,
IS-CLM-2025004027,2025-08-16,Collision,WI,Phone,812.12,20090.47,Complex,9,Yes,No,32.3,35.3,67.6,Pending Review,,ADJ-130,11,,
IS-CLM-2025004028,2025-10-28,Liability,NY,Phone,651.69,9532.03,Moderate,68,No,No,16.8,24.6,41.4,Partial Payment,,ADJ-112,5,2.0,
IS-CLM-2025004029,2025-08-26,Collision,TX,Fax/EDI,416.28,5104.91,Simple,44,No,No,3.3,12.2,15.5,Paid in Full,,ADJ-145,3,,
IS-CLM-2025004030,2025-10-20,Liability,TN,Fax/EDI,364.56,5794.86,Simple,93,No,No,58.3,4.8,63.1,Partial Payment,,ADJ-141,1,4.0,
IS-CLM-2025004031,2025-08-17,Property Damage,NY,E-Portal,282.55,1767.55,Simple,59,No,No,61.7,6.1,67.8,Settled,,ADJ-124,2,,
IS-CLM-2025004032,2025-09-15,Liability,AZ,Fax/EDI,959.76,10004.03,Complex,37,Yes,No,453.9,39.4,493.3,Partial Payment,,ADJ-150,18,3.0,
IS-CLM-2025004033,2025-10-29,Collision,VA,Phone,834.26,5932.77,Moderate,33,Yes,No,12.2,5.8,17.9,Paid in Full,,ADJ-101,4,,
IS-CLM-2025004034,2025-06-08,Bodily Injury,FL,Phone,618.67,30132.22,Moderate,64,Yes,Yes,56.7,35.2,91.9,Settled,,ADJ-130,4,,
IS-CLM-2025004035,2025-06-24,Comprehensive,MI,Phone,414.1,1335.16,Simple,84,No,No,116.6,2.1,118.8,Paid in Full,,ADJ-106,5,4.0,
IS-CLM-2025004036,2025-10-24,Comprehensive,WI,E-Portal,197.44,1377.89,Simple,68,No,No,10.0,5.6,15.6,Paid in Full,,ADJ-123,3,4.0,
IS-CLM-2025004037,2025-06-25,Collision,WI,Phone,300.12,1858.84,Simple,50,No,No,82.8,19.2,102.0,Settled,,ADJ-133,4,,
IS-CLM-2025004038,2025-10-05,Comprehensive,FL,Phone,393.97,3229.69,Simple,66,No,No,64.3,4.0,68.3,Paid in Full,,ADJ-140,2,4.0,
IS-CLM-2025004039,2025-07-23,Bodily Injury,IL,E-Portal,481.7,16455.98,Moderate,32,No,Yes,24.1,18.0,42.1,Settled,,ADJ-146,8,4.0,
IS-CLM-2025004040,2025-11-27,Bodily Injury,NY,E-Portal,452.97,25259.72,Moderate,51,Yes,Yes,192.6,12.7,205.3,Paid in Full,,ADJ-115,6,,
IS-CLM-2025004041,2025-06-20,Bodily Injury,OH,E-Portal,297.91,1670.14,Simple,70,No,No,22.5,3.0,25.4,Paid in Full,,ADJ-103,5,,
IS-CLM-2025004042,2025-12-15,Comprehensive,NC,Phone,797.36,6318.47,Moderate,5,No,No,5.0,14.1,19.1,Paid in Full,,ADJ-144,4,,
IS-CLM-2025004043,2025-09-29,Comprehensive,MA,E-Portal,563.47,4094.18,Complex,40,Yes,No,8.0,50.7,58.7,Paid in Full,,ADJ-146,12,4.0,
IS-CLM-2025004044,2025-06-02,Comprehensive,AZ,E-Portal,216.14,2637.59,Simple,85,Yes,No,3.0,8.2,11.2,Settled,,ADJ-112,4,,
IS-CLM-2025004045,2025-12-07,Liability,PA,E-Portal,460.31,9607.61,Moderate,24,No,No,5.0,21.4,26.4,Paid in Full,,ADJ-125,12,,
IS-CLM-2025004046,2025-09-03,Collision,FL,E-Portal,387.39,1587.09,Simple,40,No,No,16.0,5.8,21.8,Partial Payment,,ADJ-108,1,1.0,
IS-CLM-2025004047,2025-06-13,Collision,FL,Phone,630.68,3522.58,Moderate,43,No,No,100.2,16.0,116.2,Paid in Full,,ADJ-109,6,,
IS-CLM-2025004048,2025-11-05,Liability,WA,Fax/EDI,724.16,4496.68,Moderate,85,Yes,No,8.8,17.3,26.1,Denied,Filing deadline missed,ADJ-148,11,,
IS-CLM-2025004049,2025-10-27,Collision,PA,E-Portal,219.97,5537.86,Simple,80,Yes,No,11.6,3.8,15.3,Paid in Full,,ADJ-119,3,,
IS-CLM-2025004050,2025-10-21,Comprehensive,IN,E-Portal,456.53,7203.43,Moderate,79,No,No,142.1,18.2,160.3,Partial Payment,,ADJ-138,9,,
IS-CLM-2025004051,2025-10-25,Comprehensive,AZ,Phone,481.55,2023.8,Simple,79,Yes,Yes,40.4,7.0,47.4,Partial Payment,,ADJ-111,1,2.0,
IS-CLM-2025004052,2025-12-11,Comprehensive,TX,Fax/EDI,841.85,4219.65,Moderate,52,No,Yes,15.8,49.7,65.4,Partial Payment,,ADJ-118,4,,
IS-CLM-2025004053,2025-10-21,Collision,CA,Phone,701.44,6682.24,Moderate,75,No,No,78.7,20.2,99.0,Partial Payment,,ADJ-103,11,,
IS-CLM-2025004054,2025-11-25,Collision,WA,Phone,401.35,903.02,Simple,57,Yes,No,25.8,3.9,29.7,Paid in Full,,ADJ-116,3,3.0,
IS-CLM-2025004055,2025-08-23,Liability,NC,Phone,761.24,11493.25,Moderate,34,No,Yes,50.8,26.2,77.0,Denied,Exceeded policy limit,ADJ-144,8,,Yes
IS-CLM-2025004056,2025-10-07,Property Damage,TX,E-Portal,358.92,2700.55,Simple,36,Yes,Yes,25.0,3.8,28.8,Paid in Full,,ADJ-126,4,4.0,
IS-CLM-2025004057,2025-07-27,Collision,WA,E-Portal,381.98,1169.92,Simple,63,No,No,99.0,4.5,103.5,Paid in Full,,ADJ-132,3,4.0,
IS-CLM-2025004058,2025-08-10,Liability,FL,E-Portal,311.04,3472.97,Simple,93,No,No,3.7,3.5,7.2,Paid in Full,,ADJ-119,5,4.0,
IS-CLM-2025004059,2025-11-14,Collision,MD,E-Portal,425.47,5274.38,Moderate,27,Yes,No,24.6,8.9,33.5,Paid in Full,,ADJ-144,11,4.0,
IS-CLM-2025004060,2025-09-12,Collision,AZ,Phone,403.37,2655.49,Simple,44,No,Yes,5.6,8.5,14.1,Paid in Full,,ADJ-107,4,,
IS-CLM-2025004061,2025-08-13,Bodily Injury,MA,E-Portal,361.24,5099.45,Simple,28,No,No,3.0,9.3,12.3,Denied,Filing deadline missed,ADJ-144,4,,
IS-CLM-2025004062,2025-08-21,Collision,WI,E-Portal,303.36,2919.87,Simple,92,Yes,No,31.4,7.5,38.9,Denied,Insufficient documentation,ADJ-139,4,,No
IS-CLM-2025004063,2025-06-22,Comprehensive,NY,E-Portal,337.57,5205.06,Moderate,8,Yes,No,60.8,7.7,68.6,Settled,,ADJ-135,9,4.0,
IS-CLM-2025004064,2025-12-14,Liability,OH,Phone,1076.53,4562.76,Moderate,58,Yes,No,12.5,11.0,23.6,Pending Review,,ADJ-126,11,,
IS-CLM-2025004065,2025-11-09,Property Damage,TN,Fax/EDI,868.41,12347.09,Complex,48,Yes,No,19.3,52.4,71.7,Pending Review,,ADJ-132,16,,
IS-CLM-2025004066,2025-11-23,Collision,NJ,Fax/EDI,440.91,448.26,Simple,32,No,No,23.4,4.1,27.4,Paid in Full,,ADJ-132,2,3.0,
IS-CLM-2025004067,2025-12-01,Comprehensive,PA,Fax/EDI,725.71,12647.71,Moderate,66,Yes,Yes,17.9,34.4,52.3,Paid in Full,,ADJ-122,5,4.0,
IS-CLM-2025004068,2025-12-08,Collision,AZ,E-Portal,206.67,2408.91,Simple,58,Yes,No,142.0,6.6,148.6,Paid in Full,,ADJ-140,3,,
IS-CLM-2025004069,2025-06-17,Collision,MD,E-Portal,274.8,2725.33,Simple,76,No,No,37.4,5.9,43.2,Paid in Full,,ADJ-122,2,4.0,
IS-CLM-2025004070,2025-09-01,Bodily Injury,GA,E-Portal,828.92,8823.16,Complex,35,Yes,No,67.8,58.3,126.1,Paid in Full,,ADJ-108,13,4.0,
IS-CLM-2025004071,2025-09-14,Bodily Injury,CA,E-Portal,259.17,1555.8,Simple,17,No,No,29.5,4.9,34.4,Denied,Filing deadline missed,ADJ-143,2,3.0,
IS-CLM-2025004072,2025-07-03,Comprehensive,NY,Fax/EDI,397.34,1457.36,Simple,17,No,No,40.8,3.7,44.5,Denied,Fraud suspected,ADJ-118,3,,
IS-CLM-2025004073,2025-07-28,Collision,NY,E-Portal,302.75,1698.23,Simple,66,No,No,54.1,5.0,59.1,Partial Payment,,ADJ-105,3,,
IS-CLM-2025004074,2025-12-24,Comprehensive,MO,E-Portal,491.97,4909.5,Moderate,40,Yes,No,27.6,8.7,36.3,Paid in Full,,ADJ-113,10,,
IS-CLM-2025004075,2025-10-02,Bodily Injury,WI,Fax/EDI,931.53,40584.99,Complex,23,Yes,No,62.5,83.5,146.0,Denied,Coverage exclusion,ADJ-107,6,2.0,
IS-CLM-2025004076,2025-10-14,Comprehensive,PA,Phone,623.49,1670.77,Simple,58,No,No,15.0,6.2,21.2,Settled,,ADJ-137,5,4.0,
IS-CLM-2025004077,2025-06-28,Bodily Injury,CA,Fax/EDI,732.28,10467.58,Moderate,69,No,Yes,47.7,13.8,61.4,Paid in Full,,ADJ-110,7,4.0,
IS-CLM-2025004078,2025-09-13,Comprehensive,MI,Fax/EDI,643.18,3871.91,Moderate,35,Yes,No,8.3,8.4,16.7,Partial Payment,,ADJ-128,6,,
IS-CLM-2025004079,2025-09-01,Liability,IN,Fax/EDI,1192.51,10207.9,Complex,45,No,No,16.1,59.9,76.0,Settled,,ADJ-109,11,3.0,No
IS-CLM-2025004080,2025-11-27,Bodily Injury,NJ,Phone,737.0,9721.28,Moderate,15,No,No,28.1,11.7,39.8,Paid in Full,,ADJ-148,10,,
IS-CLM-2025004081,2025-07-09,Comprehensive,VA,Phone,320.02,2524.1,Simple,90,No,No,34.6,5.5,40.1,Denied,Filing deadline missed,ADJ-113,3,3.0,
IS-CLM-2025004082,2025-09-28,Bodily Injury,IN,Fax/EDI,297.88,4315.06,Simple,68,No,No,25.6,7.3,32.9,Paid in Full,,ADJ-116,3,2.0,
IS-CLM-2025004083,2025-07-29,Property Damage,MO,E-Portal,197.2,2065.14,Simple,47,No,Yes,34.0,8.7,42.8,Paid in Full,,ADJ-117,4,4.0,
IS-CLM-2025004084,2025-09-20,Comprehensive,AZ,Phone,415.33,2449.28,Simple,77,No,No,53.5,8.9,62.4,Paid in Full,,ADJ-132,3,4.0,
IS-CLM-2025004085,2025-11-26,Collision,IN,E-Portal,248.53,1923.61,Simple,68,No,No,27.4,3.3,30.7,Denied,Insufficient documentation,ADJ-114,1,,
IS-CLM-2025004086,2025-12-28,Collision,OH,E-Portal,323.58,2461.73,Simple,73,No,No,10.5,3.0,13.5,Partial Payment,,ADJ-113,1,3.0,
IS-CLM-2025004087,2025-12-10,Property Damage,PA,E-Portal,232.19,3768.21,Simple,74,Yes,No,58.3,3.9,62.2,Partial Payment,,ADJ-131,3,,
IS-CLM-2025004088,2025-06-22,Collision,NC,Fax/EDI,419.08,1954.39,Simple,62,No,No,22.8,10.3,33.1,Paid in Full,,ADJ-101,4,4.0,
IS-CLM-2025004089,2025-08-13,Property Damage,MI,E-Portal,547.65,4422.55,Moderate,51,No,No,9.2,8.1,17.3,Paid in Full,,ADJ-120,8,,No
IS-CLM-2025004090,2025-08-19,Collision,NC,Phone,365.38,3681.39,Simple,99,No,No,49.6,2.0,51.6,Paid in Full,,ADJ-131,1,,
IS-CLM-2025004091,2025-11-22,Comprehensive,MI,Phone,800.64,6399.35,Moderate,25,No,No,10.9,17.8,28.7,Paid in Full,,ADJ-138,10,3.0,
IS-CLM-2025004092,2025-09-19,Bodily Injury,WA,Fax/EDI,429.44,5354.22,Simple,54,Yes,No,5.5,3.4,9.0,Partial Payment,,ADJ-141,3,4.0,
IS-CLM-2025004093,2025-08-17,Comprehensive,WA,Fax/EDI,457.47,3814.9,Simple,78,No,No,4.6,7.4,12.0,Partial Payment,,ADJ-136,4,,
IS-CLM-2025004094,2025-12-05,Liability,IN,E-Portal,456.94,12280.68,Moderate,76,Yes,No,5.0,16.8,21.8,Paid in Full,,ADJ-104,5,3.0,
IS-CLM-2025004095,2025-10-25,Collision,WI,E-Portal,341.69,2810.02,Simple,34,No,No,88.4,5.8,94.2,Paid in Full,,ADJ-115,5,3.0,No
IS-CLM-2025004096,2025-08-13,Collision,WI,E-Portal,372.89,859.44,Simple,37,No,Yes,115.4,2.6,118.0,Partial Payment,,ADJ-111,2,2.0,
IS-CLM-2025004097,2025-11-02,Comprehensive,VA,E-Portal,555.99,7374.44,Moderate,42,Yes,No,38.6,7.6,46.2,Partial Payment,,ADJ-101,7,3.0,
IS-CLM-2025004098,2025-11-23,Comprehensive,NY,E-Portal,746.55,4800.38,Complex,36,Yes,No,35.9,67.3,103.2,Denied,Fraud suspected,ADJ-114,17,1.0,
IS-CLM-2025004099,2025-09-27,Bodily Injury,NJ,E-Portal,473.41,29242.61,Complex,17,Yes,Yes,144.3,37.8,182.2,Paid in Full,,ADJ-101,12,4.0,Yes
IS-CLM-2025004100,2025-09-12,Property Damage,AZ,Fax/EDI,360.29,1953.98,Simple,66,No,No,7.1,12.0,19.2,Paid in Full,,ADJ-101,4,5.0,
IS-CLM-2025004101,2025-12-01,Liability,PA,E-Portal,807.65,8150.61,Complex,31,No,No,31.2,20.1,51.3,Settled,,ADJ-108,18,,
IS-CLM-2025004102,2025-12-19,Property Damage,MO,E-Portal,220.41,2962.13,Simple,77,No,No,46.8,3.7,50.4,Paid in Full,,ADJ-127,5,5.0,
IS-CLM-2025004103,2025-10-21,Comprehensive,NC,Fax/EDI,489.66,4429.33,Simple,59,Yes,No,20.5,14.8,35.3,Partial Payment,,ADJ-139,2,2.0,
IS-CLM-2025004104,2025-06-03,Collision,NJ,Phone,626.82,3109.98,Simple,93,No,No,12.4,10.4,22.7,Paid in Full,,ADJ-128,5,3.0,
IS-CLM-2025004105,2025-12-12,Bodily Injury,TX,Phone,451.66,2610.4,Simple,87,No,Yes,5.7,6.0,11.7,Paid in Full,,ADJ-118,5,3.0,
IS-CLM-2025004106,2025-07-30,Property Damage,NY,Phone,971.41,15967.81,Complex,21,Yes,Yes,10.2,50.2,60.4,Partial Payment,,ADJ-114,10,3.0,
IS-CLM-2025004107,2025-12-04,Bodily Injury,NC,Phone,396.05,4415.33,Simple,62,No,No,15.9,7.0,23.0,Settled,,ADJ-143,3,,
IS-CLM-2025004108,2025-12-22,Collision,TN,E-Portal,449.1,11168.28,Moderate,36,Yes,Yes,30.7,16.5,47.2,Partial Payment,,ADJ-125,6,2.0,
IS-CLM-2025004109,2025-11-22,Property Damage,FL,Fax/EDI,490.8,1483.98,Simple,43,No,No,16.4,3.1,19.5,Paid in Full,,ADJ-146,2,,
IS-CLM-2025004110,2025-08-04,Comprehensive,IN,E-Portal,333.1,1563.01,Simple,93,No,No,127.3,11.0,138.3,Partial Payment,,ADJ-124,5,,
IS-CLM-2025004111,2025-11-29,Collision,MI,E-Portal,325.19,1009.89,Simple,87,No,No,54.6,5.7,60.3,Partial Payment,,ADJ-116,4,3.0,
IS-CLM-2025004112,2025-07-21,Collision,NY,E-Portal,296.22,1995.68,Simple,67,No,No,45.6,8.3,53.9,Partial Payment,,ADJ-145,4,4.0,
IS-CLM-2025004113,2025-10-06,Comprehensive,IL,E-Portal,702.18,3841.64,Complex,35,Yes,No,32.2,38.6,70.8,Paid in Full,,ADJ-131,12,4.0,
IS-CLM-2025004114,2025-07-24,Comprehensive,MI,Fax/EDI,758.09,19064.52,Complex,25,Yes,Yes,51.0,85.0,135.9,Paid in Full,,ADJ-150,9,4.0,
IS-CLM-2025004115,2025-08-05,Bodily Injury,WA,E-Portal,773.97,48102.8,Complex,13,Yes,No,13.9,56.0,69.9,Paid in Full,,ADJ-136,15,3.0,
IS-CLM-2025004116,2025-08-16,Bodily Injury,IL,Phone,602.98,10236.62,Moderate,44,Yes,Yes,114.8,15.1,129.9,Paid in Full,,ADJ-113,12,,
IS-CLM-2025004117,2025-11-21,Collision,MA,Fax/EDI,894.08,9291.64,Moderate,39,Yes,No,125.1,8.3,133.4,Settled,,ADJ-103,4,2.0,
IS-CLM-2025004118,2025-07-28,Collision,WA,Phone,375.0,1498.13,Simple,35,No,Yes,15.6,10.9,26.5,Denied,Filing deadline missed,ADJ-113,4,,
IS-CLM-2025004119,2025-10-06,Liability,WA,Fax/EDI,1164.7,28636.58,Complex,33,Yes,No,100.3,55.0,155.3,Paid in Full,,ADJ-106,5,,
IS-CLM-2025004120,2025-10-13,Liability,AZ,Phone,552.77,2261.91,Simple,81,No,No,3.0,3.7,6.7,Paid in Full,,ADJ-130,5,4.0,
IS-CLM-2025004121,2025-11-08,Comprehensive,WA,Phone,904.28,7554.02,Moderate,19,Yes,No,23.7,8.9,32.7,Pending Review,,ADJ-134,3,,
IS-CLM-2025004122,2025-11-04,Collision,WI,Phone,349.75,2607.47,Simple,99,No,No,15.4,3.8,19.2,Denied,Policy lapsed,ADJ-138,4,1.0,
IS-CLM-2025004123,2025-12-23,Collision,IL,Fax/EDI,484.85,2076.68,Simple,77,No,No,72.8,3.8,76.6,Paid in Full,,ADJ-115,2,2.0,
IS-CLM-2025004124,2025-10-09,Collision,AZ,E-Portal,314.87,8461.92,Moderate,24,Yes,Yes,25.1,5.6,30.7,Partial Payment,,ADJ-124,12,,
IS-CLM-2025004125,2025-06-27,Collision,MI,Fax/EDI,362.1,1390.18,Simple,99,No,No,62.4,4.7,67.0,Partial Payment,,ADJ-111,4,3.0,
IS-CLM-2025004126,2025-07-01,Collision,NY,E-Portal,645.61,10006.59,Complex,26,Yes,Yes,176.5,19.2,195.7,Paid in Full,,ADJ-130,15,2.0,
IS-CLM-2025004127,2025-11-08,Comprehensive,IL,Phone,539.13,3479.99,Simple,56,No,No,3.0,8.0,11.0,Partial Payment,,ADJ-138,4,4.0,
IS-CLM-2025004128,2025-09-13,Comprehensive,IN,Phone,588.23,2102.89,Simple,67,No,No,6.9,6.7,13.6,Paid in Full,,ADJ-149,1,2.0,
IS-CLM-2025004129,2025-12-11,Liability,IN,Fax/EDI,1111.57,13623.45,Complex,12,Yes,No,203.5,19.6,223.1,Settled,,ADJ-125,12,,
IS-CLM-2025004130,2025-12-27,Property Damage,WI,Phone,498.22,2907.62,Simple,39,No,Yes,27.7,3.7,31.4,Paid in Full,,ADJ-127,3,4.0,
IS-CLM-2025004131,2025-10-06,Comprehensive,TX,E-Portal,245.43,4298.91,Simple,50,No,No,106.0,6.6,112.6,Denied,Pre-existing damage,ADJ-128,3,3.0,No
IS-CLM-2025004132,2025-12-24,Collision,NC,E-Portal,323.63,2079.71,Simple,5,No,No,40.2,2.6,42.8,Denied,Exceeded policy limit,ADJ-117,5,,
IS-CLM-2025004133,2025-09-22,Bodily Injury,FL,E-Portal,329.65,3083.71,Simple,44,No,No,194.1,8.3,202.5,Denied,Policy lapsed,ADJ-118,4,,
IS-CLM-2025004134,2025-08-21,Collision,TX,Fax/EDI,423.24,1262.07,Simple,76,Yes,No,11.3,3.8,15.1,Settled,,ADJ-129,4,4.0,
IS-CLM-2025004135,2025-11-13,Collision,CA,E-Portal,178.84,1082.45,Simple,81,No,No,4.1,3.7,7.8,Partial Payment,,ADJ-134,5,2.0,
IS-CLM-2025004136,2025-07-29,Comprehensive,WA,Fax/EDI,369.81,2051.61,Simple,89,No,No,112.4,3.4,115.9,Partial Payment,,ADJ-123,3,4.0,
IS-CLM-2025004137,2025-06-09,Comprehensive,MA,Fax/EDI,355.49,2057.26,Simple,94,No,No,113.7,8.1,121.8,Paid in Full,,ADJ-113,5,3.0,
IS-CLM-2025004138,2025-09-12,Liability,WI,Fax/EDI,994.66,3566.41,Complex,5,Yes,No,21.0,33.9,54.9,Paid in Full,,ADJ-125,9,,
IS-CLM-2025004139,2025-10-13,Comprehensive,TX,E-Portal,339.6,1713.46,Simple,47,No,Yes,14.7,3.1,17.8,Denied,Exceeded policy limit,ADJ-114,1,,
IS-CLM-2025004140,2025-08-10,Collision,FL,E-Portal,462.89,13535.79,Moderate,34,Yes,Yes,145.9,11.2,157.1,Pending Review,,ADJ-112,7,,
IS-CLM-2025004141,2025-08-20,Bodily Injury,NY,E-Portal,981.98,57978.81,Complex,67,Yes,Yes,359.3,41.0,400.4,Partial Payment,,ADJ-134,8,,
IS-CLM-2025004142,2025-09-24,Collision,WI,Phone,531.37,4126.97,Moderate,58,Yes,No,41.5,8.3,49.8,Partial Payment,,ADJ-118,9,2.0,
IS-CLM-2025004143,2025-12-19,Bodily Injury,AZ,Phone,841.75,14113.85,Complex,45,Yes,No,8.0,83.7,91.7,Partial Payment,,ADJ-109,12,4.0,
IS-CLM-2025004144,2025-12-18,Property Damage,WI,E-Portal,271.67,1909.49,Simple,54,No,Yes,11.4,4.7,16.0,Paid in Full,,ADJ-104,5,2.0,
IS-CLM-2025004145,2025-12-26,Bodily Injury,FL,E-Portal,775.28,24754.0,Complex,5,Yes,Yes,72.5,22.9,95.4,Denied,Exceeded policy limit,ADJ-103,12,,
IS-CLM-2025004146,2025-06-29,Collision,WA,Fax/EDI,338.68,2779.28,Simple,78,No,No,158.3,3.6,161.9,Denied,Filing deadline missed,ADJ-130,4,3.0,
IS-CLM-2025004147,2025-09-29,Comprehensive,OH,Fax/EDI,904.26,6360.43,Complex,9,No,No,30.5,57.8,88.4,Partial Payment,,ADJ-102,11,3.0,
IS-CLM-2025004148,2025-08-04,Property Damage,OH,Fax/EDI,582.92,12722.02,Moderate,74,Yes,Yes,9.1,19.5,28.6,Denied,Filing deadline missed,ADJ-146,10,2.0,
IS-CLM-2025004149,2025-07-24,Liability,VA,E-Portal,197.96,4367.58,Simple,80,No,No,15.6,6.2,21.8,Settled,,ADJ-150,2,4.0,
IS-CLM-2025004150,2025-07-18,Collision,MD,E-Portal,302.38,4365.88,Simple,64,No,No,6.8,3.6,10.4,Settled,,ADJ-128,4,4.0,
IS-CLM-2025004151,2025-06-22,Collision,MO,Phone,512.9,1006.85,Simple,92,Yes,Yes,35.6,5.5,41.1,Paid in Full,,ADJ-147,4,,
IS-CLM-2025004152,2025-07-26,Bodily Injury,WI,Fax/EDI,1091.64,67381.82,Complex,13,Yes,No,50.7,19.1,69.8,Partial Payment,,ADJ-138,13,,
IS-CLM-2025004153,2025-11-20,Collision,NY,E-Portal,257.35,2025.38,Simple,56,No,No,69.6,4.0,73.6,Paid in Full,,ADJ-116,4,3.0,
IS-CLM-2025004154,2025-10-07,Collision,MD,Fax/EDI,802.78,5716.26,Moderate,96,No,No,126.7,21.5,148.2,Paid in Full,,ADJ-101,10,3.0,
IS-CLM-2025004155,2025-12-12,Property Damage,TX,E-Portal,303.72,2101.43,Simple,67,No,No,3.0,11.8,14.8,Paid in Full,,ADJ-102,4,4.0,
IS-CLM-2025004156,2025-10-05,Property Damage,TX,Fax/EDI,856.65,6264.34,Complex,27,Yes,No,15.0,38.8,53.8,Settled,,ADJ-120,12,4.0,
IS-CLM-2025004157,2025-08-08,Bodily Injury,IN,Fax/EDI,404.72,3805.79,Simple,88,No,No,25.5,3.7,29.2,Paid in Full,,ADJ-150,3,4.0,
IS-CLM-2025004158,2025-09-19,Collision,VA,E-Portal,541.95,11442.08,Moderate,54,Yes,Yes,22.0,24.4,46.4,Paid in Full,,ADJ-119,7,,
IS-CLM-2025004159,2025-10-01,Collision,IL,Fax/EDI,677.84,5239.26,Moderate,63,Yes,No,39.5,11.2,50.7,Partial Payment,,ADJ-129,11,,
IS-CLM-2025004160,2025-10-08,Comprehensive,GA,Phone,1052.9,3891.98,Complex,72,Yes,No,15.6,41.2,56.8,Settled,,ADJ-117,8,,
IS-CLM-2025004161,2025-06-22,Comprehensive,TN,Fax/EDI,349.22,2573.78,Simple,80,No,No,150.1,14.0,164.1,Paid in Full,,ADJ-118,3,,
IS-CLM-2025004162,2025-06-11,Comprehensive,MO,Fax/EDI,354.6,4020.04,Simple,31,No,No,14.9,9.5,24.3,Paid in Full,,ADJ-114,1,4.0,
IS-CLM-2025004163,2025-07-18,Bodily Injury,TX,Phone,1252.47,18811.63,Complex,22,Yes,No,55.0,70.7,125.7,Paid in Full,,ADJ-122,7,3.0,
IS-CLM-2025004164,2025-11-07,Property Damage,TX,Phone,1355.52,23770.33,Complex,30,Yes,No,41.1,34.8,75.8,Partial Payment,,ADJ-109,14,,
IS-CLM-2025004165,2025-11-16,Property Damage,WA,E-Portal,317.5,1949.12,Simple,74,No,No,32.5,8.7,41.2,Paid in Full,,ADJ-111,2,4.0,
IS-CLM-2025004166,2025-09-11,Comprehensive,MI,E-Portal,337.27,2557.77,Simple,93,Yes,No,9.7,5.8,15.5,Paid in Full,,ADJ-129,5,,
IS-CLM-2025004167,2025-07-01,Property Damage,MI,Fax/EDI,895.71,15341.17,Complex,5,Yes,Yes,237.1,40.8,277.9,Denied,Policy lapsed,ADJ-144,12,1.0,
IS-CLM-2025004168,2025-07-12,Bodily Injury,CA,E-Portal,566.43,48616.45,Complex,30,No,Yes,14.7,32.6,47.3,Pending Review,,ADJ-114,6,,
IS-CLM-2025004169,2025-08-23,Bodily Injury,CA,Phone,1016.3,31503.28,Complex,15,Yes,Yes,10.7,25.5,36.2,Settled,,ADJ-135,7,,
IS-CLM-2025004170,2025-12-12,Bodily Injury,AZ,E-Portal,410.07,9458.39,Moderate,22,Yes,No,60.6,17.0,77.6,Pending Review,,ADJ-108,3,,
IS-CLM-2025004171,2025-06-15,Bodily Injury,MI,Phone,720.45,9009.02,Moderate,76,Yes,No,115.7,19.4,135.0,Denied,Fraud suspected,ADJ-123,10,,
IS-CLM-2025004172,2025-10-03,Collision,WA,Fax/EDI,341.98,8104.36,Simple,36,No,No,33.1,6.3,39.4,Paid in Full,,ADJ-110,3,,
IS-CLM-2025004173,2025-08-24,Liability,VA,Fax/EDI,1078.98,26290.06,Complex,35,Yes,Yes,187.3,26.7,214.0,Denied,Coverage exclusion,ADJ-135,7,2.0,
IS-CLM-2025004174,2025-11-21,Bodily Injury,OH,Fax/EDI,604.21,4382.82,Moderate,62,No,No,91.9,9.2,101.1,Settled,,ADJ-118,5,2.0,
IS-CLM-2025004175,2025-06-26,Property Damage,IN,E-Portal,348.86,2311.28,Simple,41,No,No,95.5,2.9,98.4,Paid in Full,,ADJ-127,5,,
IS-CLM-2025004176,2025-11-17,Comprehensive,FL,Fax/EDI,324.27,1152.16,Simple,88,No,No,33.2,7.7,40.9,Paid in Full,,ADJ-104,5,4.0,Yes
IS-CLM-2025004177,2025-09-17,Collision,WA,Phone,1173.65,12191.87,Complex,38,Yes,No,90.9,41.6,132.5,Denied,Exceeded policy limit,ADJ-144,17,2.0,
IS-CLM-2025004178,2025-11-29,Comprehensive,NJ,E-Portal,339.14,1973.38,Simple,76,No,No,26.3,2.9,29.2,Settled,,ADJ-146,3,,
IS-CLM-2025004179,2025-10-09,Collision,WI,Phone,783.21,6773.97,Moderate,24,Yes,Yes,53.1,10.8,63.9,Partial Payment,,ADJ-122,3,4.0,
IS-CLM-2025004180,2025-09-14,Bodily Injury,WA,Phone,472.49,1879.3,Simple,80,No,No,12.9,3.1,16.0,Paid in Full,,ADJ-150,2,4.0,
IS-CLM-2025004181,2025-08-25,Comprehensive,IN,Fax/EDI,779.42,17435.2,Complex,35,Yes,Yes,36.8,31.5,68.3,Denied,Insufficient documentation,ADJ-110,12,4.0,
IS-CLM-2025004182,2025-08-24,Collision,NJ,Phone,629.18,6310.78,Moderate,80,No,No,5.0,25.8,30.8,Paid in Full,,ADJ-132,7,4.0,
IS-CLM-2025004183,2025-07-17,Comprehensive,MI,E-Portal,358.31,2667.63,Simple,46,No,No,66.4,4.0,70.4,Paid in Full,,ADJ-133,4,4.0,No
IS-CLM-2025004184,2025-08-13,Collision,WI,Fax/EDI,303.49,1451.54,Simple,55,No,No,49.1,12.2,61.3,Paid in Full,,ADJ-102,4,4.0,
IS-CLM-2025004185,2025-08-12,Collision,VA,E-Portal,561.06,37271.01,Complex,5,Yes,Yes,22.9,53.5,76.4,Paid in Full,,ADJ-120,14,,Yes
IS-CLM-2025004186,2025-09-15,Property Damage,MD,E-Portal,347.29,2248.65,Simple,53,No,No,13.3,7.4,20.7,Partial Payment,,ADJ-107,4,4.0,
IS-CLM-2025004187,2025-07-21,Collision,WI,Fax/EDI,459.61,364.8,Simple,43,No,Yes,7.1,5.9,13.0,Paid in Full,,ADJ-122,3,3.0,
IS-CLM-2025004188,2025-08-27,Comprehensive,CA,Phone,473.68,1294.06,Simple,65,No,No,6.9,5.5,12.4,Settled,,ADJ-117,5,,
IS-CLM-2025004189,2025-06-06,Comprehensive,AZ,Fax/EDI,348.35,2370.31,Simple,53,No,No,105.5,7.5,112.9,Paid in Full,,ADJ-132,2,,
IS-CLM-2025004190,2025-09-10,Property Damage,MI,E-Portal,232.27,4254.42,Simple,41,Yes,No,3.5,3.5,7.0,Paid in Full,,ADJ-124,1,,
IS-CLM-2025004191,2025-07-22,Comprehensive,NC,Fax/EDI,399.31,2542.46,Simple,99,No,Yes,101.7,6.6,108.3,Paid in Full,,ADJ-119,3,4.0,
IS-CLM-2025004192,2025-08-01,Comprehensive,NJ,Phone,607.51,9812.76,Moderate,83,No,No,6.5,13.5,20.0,Denied,Pre-existing damage,ADJ-124,9,,
IS-CLM-2025004193,2025-07-02,Comprehensive,TN,E-Portal,318.76,2165.13,Simple,80,No,Yes,3.0,10.8,13.8,Settled,,ADJ-143,4,,
IS-CLM-2025004194,2025-12-13,Bodily Injury,TN,Fax/EDI,878.29,37443.61,Complex,19,Yes,No,97.3,27.1,124.4,Denied,Fraud suspected,ADJ-101,9,,
IS-CLM-2025004195,2025-12-08,Property Damage,WI,Phone,974.93,8285.99,Complex,15,Yes,Yes,70.9,39.3,110.2,Paid in Full,,ADJ-106,12,4.0,
IS-CLM-2025004196,2025-08-24,Bodily Injury,MA,Fax/EDI,611.68,10059.74,Moderate,43,Yes,Yes,5.0,13.7,18.7,Paid in Full,,ADJ-146,12,4.0,
IS-CLM-2025004197,2025-07-30,Collision,GA,Fax/EDI,490.1,1552.15,Simple,77,No,No,5.9,7.8,13.6,Paid in Full,,ADJ-140,2,,
IS-CLM-2025004198,2025-11-19,Comprehensive,TN,Fax/EDI,461.88,910.09,Simple,74,No,No,3.0,6.2,9.2,Settled,,ADJ-135,3,,
IS-CLM-2025004199,2025-06-07,Collision,FL,E-Portal,277.72,1196.55,Simple,55,No,No,20.7,6.1,26.8,Denied,Fraud suspected,ADJ-106,1,2.0,No
IS-CLM-2025004200,2025-07-23,Property Damage,IL,E-Portal,428.41,3136.31,Simple,38,No,No,28.6,5.1,33.7,Paid in Full,,ADJ-146,2,,
IS-CLM-2025004201,2025-12-05,Comprehensive,GA,E-Portal,530.67,8105.7,Moderate,64,No,No,7.4,18.2,25.6,Partial Payment,,ADJ-132,12,3.0,No
IS-CLM-2025004202,2025-06-01,Liability,GA,Phone,489.06,1085.3,Simple,81,No,No,57.2,4.5,61.7,Paid in Full,,ADJ-142,1,5.0,
IS-CLM-2025004203,2025-11-05,Collision,OH,Fax/EDI,493.29,5300.67,Simple,81,No,No,4.7,8.9,13.6,Paid in Full,,ADJ-134,1,,No
IS-CLM-2025004204,2025-09-14,Collision,MD,Phone,481.06,1428.95,Simple,84,No,No,3.0,3.8,6.8,Partial Payment,,ADJ-109,1,4.0,
IS-CLM-2025004205,2025-08-16,Bodily Injury,IN,Fax/EDI,293.05,5131.16,Simple,81,No,No,12.1,7.1,19.2,Denied,Pre-existing damage,ADJ-119,4,1.0,
IS-CLM-2025004206,2025-12-04,Property Damage,TN,E-Portal,336.61,4113.12,Simple,46,No,No,32.0,3.0,35.0,Paid in Full,,ADJ-113,2,,
IS-CLM-2025004207,2025-11-01,Bodily Injury,TN,Phone,551.34,5716.09,Simple,66,No,No,146.7,19.4,166.1,Paid in Full,,ADJ-106,5,5.0,No
IS-CLM-2025004208,2025-08-17,Collision,NC,E-Portal,567.2,8299.78,Moderate,43,Yes,No,56.9,21.1,78.0,Denied,Exceeded policy limit,ADJ-120,7,2.0,
IS-CLM-2025004209,2025-11-04,Property Damage,OH,Phone,780.05,3430.13,Moderate,34,Yes,No,42.2,25.9,68.1,Paid in Full,,ADJ-116,4,,
IS-CLM-2025004210,2025-08-24,Bodily Injury,TN,Fax/EDI,1309.4,59026.21,Complex,5,Yes,Yes,29.9,38.8,68.7,Partial Payment,,ADJ-110,15,2.0,
IS-CLM-2025004211,2025-12-21,Bodily Injury,WI,Fax/EDI,612.51,14488.35,Moderate,17,No,No,25.9,10.8,36.7,Denied,Pre-existing damage,ADJ-150,12,4.0,
IS-CLM-2025004212,2025-09-16,Liability,IN,E-Portal,371.63,1502.58,Simple,99,Yes,Yes,22.0,6.5,28.5,Settled,,ADJ-109,5,,
IS-CLM-2025004213,2025-07-08,Comprehensive,GA,E-Portal,399.55,7035.01,Moderate,47,No,No,33.2,11.6,44.8,Denied,Insufficient documentation,ADJ-109,7,2.0,
IS-CLM-2025004214,2025-10-04,Collision,PA,Phone,896.99,11337.54,Complex,22,Yes,Yes,8.0,41.0,49.0,Partial Payment,,ADJ-115,12,,
IS-CLM-2025004215,2025-12-16,Collision,NC,Fax/EDI,522.67,2434.39,Simple,18,No,No,4.7,9.9,14.6,Paid in Full,,ADJ-132,3,,
IS-CLM-2025004216,2025-10-12,Collision,VA,Phone,490.73,777.29,Simple,33,No,No,94.3,11.8,106.2,Settled,,ADJ-122,3,4.0,
IS-CLM-2025004217,2025-11-23,Collision,VA,Phone,392.39,3709.61,Simple,50,No,No,3.9,12.7,16.6,Paid in Full,,ADJ-143,3,,
IS-CLM-2025004218,2025-09-26,Comprehensive,IN,E-Portal,395.35,12282.12,Moderate,67,Yes,No,120.6,11.1,131.7,Settled,,ADJ-105,5,,
IS-CLM-2025004219,2025-11-11,Comprehensive,MA,E-Portal,295.52,2470.71,Simple,99,No,No,64.0,7.8,71.8,Partial Payment,,ADJ-139,3,1.0,
IS-CLM-2025004220,2025-09-15,Collision,GA,Phone,888.96,8782.64,Moderate,5,Yes,No,20.2,8.0,28.2,Denied,Filing deadline missed,ADJ-128,8,3.0,
IS-CLM-2025004221,2025-08-04,Comprehensive,NC,Phone,500.72,864.99,Simple,35,Yes,No,25.0,2.2,27.3,Paid in Full,,ADJ-133,4,3.0,
IS-CLM-2025004222,2025-09-25,Bodily Injury,NY,Phone,1312.79,59533.85,Complex,32,Yes,Yes,117.2,90.8,208.0,Paid in Full,,ADJ-106,15,3.0,
IS-CLM-2025004223,2025-10-25,Collision,IN,Phone,1296.36,29730.05,Complex,25,Yes,No,35.9,19.9,55.8,Settled,,ADJ-124,15,3.0,
IS-CLM-2025004224,2025-07-28,Liability,VA,Fax/EDI,1086.74,6827.07,Complex,25,Yes,No,114.5,48.2,162.7,Denied,Coverage exclusion,ADJ-141,9,,
IS-CLM-2025004225,2025-07-18,Comprehensive,IL,Phone,448.98,1151.97,Simple,55,No,No,9.1,5.7,14.8,Partial Payment,,ADJ-128,4,,
IS-CLM-2025004226,2025-07-23,Bodily Injury,IL,E-Portal,526.26,10187.88,Moderate,66,Yes,Yes,14.2,9.5,23.8,Paid in Full,,ADJ-104,7,4.0,
IS-CLM-2025004227,2025-07-23,Collision,MO,Fax/EDI,1100.18,29018.31,Complex,5,Yes,No,70.0,84.7,154.6,Settled,,ADJ-140,6,,No
IS-CLM-2025004228,2025-10-04,Property Damage,TX,E-Portal,269.1,5025.67,Simple,5,Yes,Yes,51.5,5.0,56.5,Paid in Full,,ADJ-130,3,4.0,Yes
IS-CLM-2025004229,2025-12-14,Collision,TN,E-Portal,307.37,1505.44,Simple,37,No,Yes,41.2,2.5,43.6,Paid in Full,,ADJ-102,2,3.0,
IS-CLM-2025004230,2025-11-06,Comprehensive,TN,Phone,560.53,1115.68,Simple,42,No,No,32.3,4.3,36.6,Paid in Full,,ADJ-133,2,4.0,
IS-CLM-2025004231,2025-06-02,Bodily Injury,MA,E-Portal,522.75,7563.45,Moderate,32,No,No,50.3,13.4,63.7,Settled,,ADJ-108,6,2.0,
IS-CLM-2025004232,2025-06-20,Comprehensive,CA,E-Portal,224.7,1937.13,Simple,84,Yes,No,49.5,6.1,55.6,Paid in Full,,ADJ-109,1,4.0,
IS-CLM-2025004233,2025-10-29,Comprehensive,MD,E-Portal,416.87,7424.91,Moderate,14,No,No,88.3,11.4,99.8,Denied,Exceeded policy limit,ADJ-108,7,,
IS-CLM-2025004234,2025-08-01,Bodily Injury,PA,Fax/EDI,693.85,9158.37,Moderate,13,Yes,No,7.1,24.5,31.6,Denied,Filing deadline missed,ADJ-116,4,1.0,
IS-CLM-2025004235,2025-09-17,Comprehensive,TN,E-Portal,387.08,1478.34,Simple,36,No,No,4.5,3.8,8.3,Denied,Policy lapsed,ADJ-127,3,4.0,No
IS-CLM-2025004236,2025-06-06,Collision,TN,Phone,503.97,1684.11,Simple,88,No,No,7.6,10.8,18.4,Paid in Full,,ADJ-127,4,,
IS-CLM-2025004237,2025-06-14,Liability,GA,Fax/EDI,833.89,4926.43,Moderate,69,No,No,16.4,11.1,27.6,Settled,,ADJ-110,10,,
IS-CLM-2025004238,2025-06-29,Bodily Injury,CA,E-Portal,567.0,8026.58,Moderate,26,No,No,23.2,8.9,32.0,Partial Payment,,ADJ-144,9,3.0,
IS-CLM-2025004239,2025-06-11,Collision,TN,E-Portal,408.64,2029.09,Simple,80,No,No,119.6,21.7,141.3,Partial Payment,,ADJ-112,1,,
IS-CLM-2025004240,2025-06-24,Bodily Injury,AZ,E-Portal,674.68,18316.0,Complex,36,Yes,Yes,36.6,50.3,86.9,Partial Payment,,ADJ-116,10,,
IS-CLM-2025004241,2025-07-19,Collision,WI,E-Portal,241.31,1557.22,Simple,70,No,Yes,19.4,3.8,23.2,Partial Payment,,ADJ-124,3,4.0,
IS-CLM-2025004242,2025-12-05,Bodily Injury,WI,E-Portal,404.19,9399.44,Moderate,48,No,No,5.0,15.2,20.2,Denied,Exceeded policy limit,ADJ-104,10,2.0,
IS-CLM-2025004243,2025-07-19,Collision,PA,Phone,230.68,1275.26,Simple,66,No,No,6.9,2.2,9.1,Partial Payment,,ADJ-110,3,3.0,
IS-CLM-2025004244,2025-11-22,Comprehensive,NC,E-Portal,636.25,8006.29,Complex,16,Yes,No,62.3,43.5,105.8,Partial Payment,,ADJ-122,16,4.0,
IS-CLM-2025004245,2025-06-07,Bodily Injury,PA,Phone,509.81,2134.24,Simple,27,No,No,15.8,5.3,21.0,Partial Payment,,ADJ-142,1,2.0,
IS-CLM-2025004246,2025-08-18,Collision,MO,Fax/EDI,579.04,1672.02,Simple,55,No,Yes,54.9,5.9,60.7,Denied,Fraud suspected,ADJ-119,4,,
IS-CLM-2025004247,2025-12-03,Bodily Injury,GA,Phone,526.03,9598.01,Moderate,38,Yes,No,115.6,11.8,127.4,Partial Payment,,ADJ-101,8,5.0,
IS-CLM-2025004248,2025-12-15,Liability,MI,Phone,418.45,1253.35,Simple,64,No,No,3.0,6.1,9.1,Paid in Full,,ADJ-104,1,4.0,
IS-CLM-2025004249,2025-10-17,Collision,NJ,E-Portal,252.0,671.16,Simple,55,No,No,75.5,6.2,81.7,Paid in Full,,ADJ-129,1,,
IS-CLM-2025004250,2025-07-08,Collision,NY,Fax/EDI,291.91,2207.97,Simple,72,Yes,No,3.0,4.7,7.7,Paid in Full,,ADJ-118,4,4.0,No
IS-CLM-2025004251,2025-12-27,Collision,IL,Fax/EDI,435.84,1436.43,Simple,73,No,No,77.9,4.0,81.9,Paid in Full,,ADJ-136,2,,No
IS-CLM-2025004252,2025-11-08,Comprehensive,WI,Phone,775.63,4509.88,Moderate,65,Yes,No,111.4,17.3,128.7,Partial Payment,,ADJ-124,9,4.0,
IS-CLM-2025004253,2025-09-25,Collision,AZ,Fax/EDI,334.06,1682.84,Simple,51,No,Yes,14.3,2.6,16.8,Paid in Full,,ADJ-148,2,,
IS-CLM-2025004254,2025-12-16,Property Damage,WI,E-Portal,485.06,16712.5,Moderate,9,Yes,Yes,26.4,29.5,55.9,Pending Review,,ADJ-123,8,,
IS-CLM-2025004255,2025-10-29,Comprehensive,FL,Phone,415.98,2199.99,Simple,11,No,No,11.9,7.5,19.3,Settled,,ADJ-116,1,3.0,
IS-CLM-2025004256,2025-07-25,Bodily Injury,AZ,Phone,881.14,3765.47,Moderate,48,Yes,No,71.3,22.3,93.6,Settled,,ADJ-117,7,2.0,Yes
IS-CLM-2025004257,2025-08-29,Liability,NJ,Fax/EDI,713.54,5749.48,Moderate,40,No,No,67.8,21.7,89.5,Paid in Full,,ADJ-148,8,3.0,
IS-CLM-2025004258,2025-09-03,Collision,MD,E-Portal,374.22,1809.43,Simple,45,No,No,3.0,2.8,5.8,Paid in Full,,ADJ-124,1,4.0,No
IS-CLM-2025004259,2025-09-09,Comprehensive,IL,Fax/EDI,482.84,2213.83,Simple,57,No,No,84.1,6.5,90.6,Settled,,ADJ-121,4,4.0,No
IS-CLM-2025004260,2025-12-02,Property Damage,IL,E-Portal,410.26,7114.48,Moderate,27,Yes,No,7.4,9.1,16.5,Paid in Full,,ADJ-127,3,,
IS-CLM-2025004261,2025-11-09,Comprehensive,AZ,Phone,577.4,1925.14,Simple,34,No,No,70.7,8.3,79.0,Partial Payment,,ADJ-133,1,,
IS-CLM-2025004262,2025-06-07,Property Damage,WA,E-Portal,283.03,2167.28,Simple,84,No,Yes,34.2,4.4,38.6,Paid in Full,,ADJ-142,1,4.0,
IS-CLM-2025004263,2025-10-25,Bodily Injury,CA,Phone,502.76,1582.82,Simple,60,Yes,No,153.2,9.2,162.5,Paid in Full,,ADJ-104,2,,
IS-CLM-2025004264,2025-10-06,Comprehensive,AZ,Fax/EDI,447.56,794.9,Simple,87,No,No,41.6,5.9,47.5,Paid in Full,,ADJ-143,5,4.0,
IS-CLM-2025004265,2025-12-28,Liability,MA,E-Portal,377.53,7520.33,Moderate,86,No,No,48.2,26.3,74.5,Partial Payment,,ADJ-143,12,2.0,
IS-CLM-2025004266,2025-11-26,Comprehensive,AZ,E-Portal,509.75,5452.23,Moderate,13,No,No,6.7,11.3,18.1,Denied,Fraud suspected,ADJ-142,12,,
IS-CLM-2025004267,2025-08-18,Liability,TN,E-Portal,411.57,3075.85,Simple,45,No,No,8.8,3.7,12.5,Paid in Full,,ADJ-124,4,,
IS-CLM-2025004268,2025-10-23,Comprehensive,NY,E-Portal,517.53,8781.7,Moderate,36,No,No,35.0,7.7,42.7,Paid in Full,,ADJ-123,4,,
IS-CLM-2025004269,2025-09-03,Bodily Injury,AZ,E-Portal,370.5,11680.28,Moderate,42,No,No,87.3,14.1,101.4,Settled,,ADJ-143,10,,No
IS-CLM-2025004270,2025-12-05,Liability,IN,E-Portal,429.4,4181.44,Simple,17,No,Yes,17.5,3.6,21.1,Partial Payment,,ADJ-123,1,2.0,
IS-CLM-2025004271,2025-12-09,Collision,NC,Phone,1195.04,8801.53,Complex,27,Yes,No,219.3,23.5,242.8,Settled,,ADJ-124,13,3.0,
IS-CLM-2025004272,2025-07-04,Bodily Injury,NY,Fax/EDI,1046.65,30865.84,Complex,71,Yes,Yes,67.6,43.0,110.6,Paid in Full,,ADJ-119,12,4.0,
IS-CLM-2025004273,2025-08-01,Bodily Injury,MI,Fax/EDI,684.62,28208.7,Moderate,35,Yes,Yes,71.1,19.4,90.5,Partial Payment,,ADJ-144,8,,
IS-CLM-2025004274,2025-08-18,Liability,OH,Fax/EDI,705.64,5133.77,Moderate,46,Yes,No,22.8,29.0,51.8,Partial Payment,,ADJ-138,10,,
IS-CLM-2025004275,2025-07-16,Property Damage,MI,E-Portal,334.92,1316.54,Simple,54,No,No,6.4,7.8,14.3,Paid in Full,,ADJ-104,4,,
IS-CLM-2025004276,2025-09-18,Property Damage,WI,E-Portal,262.45,2034.2,Simple,59,No,Yes,6.4,2.3,8.7,Paid in Full,,ADJ-127,5,4.0,
IS-CLM-2025004277,2025-07-24,Bodily Injury,MI,E-Portal,787.96,14743.82,Complex,53,Yes,Yes,45.5,52.7,98.2,Partial Payment,,ADJ-116,17,3.0,
IS-CLM-2025004278,2025-10-21,Comprehensive,OH,Fax/EDI,457.62,3785.89,Simple,74,No,No,13.8,7.9,21.7,Denied,Pre-existing damage,ADJ-148,4,3.0,
IS-CLM-2025004279,2025-07-31,Collision,VA,Fax/EDI,305.18,3392.2,Simple,73,Yes,No,46.7,8.0,54.6,Paid in Full,,ADJ-104,2,4.0,
IS-CLM-2025004280,2025-08-10,Collision,MO,Phone,590.16,5515.57,Moderate,31,Yes,Yes,17.9,29.9,47.8,Settled,,ADJ-136,5,4.0,
IS-CLM-2025004281,2025-11-18,Property Damage,WI,E-Portal,543.97,11439.2,Moderate,34,Yes,Yes,50.3,18.0,68.3,Partial Payment,,ADJ-111,5,2.0,
IS-CLM-2025004282,2025-07-27,Comprehensive,FL,E-Portal,779.67,14038.86,Complex,5,Yes,Yes,21.8,21.9,43.7,Denied,Coverage exclusion,ADJ-116,14,,
IS-CLM-2025004283,2025-11-23,Collision,MD,Fax/EDI,499.25,1086.97,Simple,71,No,No,60.8,2.8,63.7,Partial Payment,,ADJ-121,3,,
IS-CLM-2025004284,2025-11-25,Collision,MA,E-Portal,563.01,10717.0,Moderate,62,No,Yes,24.4,10.6,35.0,Partial Payment,,ADJ-130,7,2.0,No
IS-CLM-2025004285,2025-07-03,Comprehensive,NJ,E-Portal,288.99,1449.99,Simple,56,No,No,28.6,15.1,43.7,Denied,Policy lapsed,ADJ-133,1,1.0,No
IS-CLM-2025004286,2025-08-24,Liability,MA,Fax/EDI,540.77,3371.44,Simple,80,No,No,50.9,5.7,56.6,Partial Payment,,ADJ-130,2,2.0,
IS-CLM-2025004287,2025-08-09,Collision,IN,E-Portal,246.14,3222.19,Simple,97,No,No,108.0,4.0,112.0,Paid in Full,,ADJ-129,3,,No
IS-CLM-2025004288,2025-07-18,Comprehensive,WA,E-Portal,335.42,3264.4,Simple,63,No,No,104.7,6.3,111.0,Denied,Fraud suspected,ADJ-130,1,,
IS-CLM-2025004289,2025-10-16,Comprehensive,VA,E-Portal,424.0,11890.3,Moderate,27,Yes,Yes,5.7,11.2,17.0,Settled,,ADJ-115,12,,
IS-CLM-2025004290,2025-08-09,Property Damage,NC,Fax/EDI,312.49,1258.15,Simple,73,Yes,Yes,3.0,6.7,9.7,Paid in Full,,ADJ-110,4,,
IS-CLM-2025004291,2025-10-30,Collision,MA,E-Portal,538.26,5222.88,Moderate,44,Yes,No,31.3,16.2,47.5,Partial Payment,,ADJ-138,5,1.0,Yes
IS-CLM-2025004292,2025-06-01,Property Damage,NY,Fax/EDI,628.72,3445.22,Moderate,40,No,No,80.9,26.0,106.9,Pending Review,,ADJ-141,12,,No
IS-CLM-2025004293,2025-11-07,Bodily Injury,NY,Phone,851.16,25909.64,Complex,11,Yes,Yes,65.9,28.4,94.3,Denied,Insufficient documentation,ADJ-138,8,2.0,
IS-CLM-2025004294,2025-08-22,Collision,OH,Fax/EDI,494.62,2231.8,Simple,73,No,No,12.4,4.7,17.1,Denied,Coverage exclusion,ADJ-107,1,4.0,
IS-CLM-2025004295,2025-10-06,Bodily Injury,TX,Fax/EDI,846.78,16091.21,Moderate,5,Yes,Yes,22.2,12.1,34.2,Paid in Full,,ADJ-106,9,4.0,
IS-CLM-2025004296,2025-11-23,Collision,IL,Phone,1046.19,16643.32,Complex,27,Yes,Yes,23.1,58.3,81.4,Denied,Filing deadline missed,ADJ-119,11,,
IS-CLM-2025004297,2025-06-01,Comprehensive,IL,Phone,848.13,6142.44,Moderate,14,No,No,16.7,13.1,29.8,Settled,,ADJ-117,9,,
IS-CLM-2025004298,2025-11-26,Collision,IL,E-Portal,375.3,1787.79,Simple,67,No,No,3.5,7.5,11.0,Partial Payment,,ADJ-106,4,4.0,
IS-CLM-2025004299,2025-08-15,Property Damage,GA,E-Portal,521.35,5206.66,Moderate,76,Yes,No,41.8,11.6,53.4,Denied,Pre-existing damage,ADJ-140,8,,
IS-CLM-2025004300,2025-08-06,Collision,MA,E-Portal,279.73,1362.58,Simple,39,No,No,67.1,3.4,70.5,Partial Payment,,ADJ-104,2,,
IS-CLM-2025004301,2025-10-13,Collision,FL,Phone,411.31,2289.99,Simple,54,No,No,72.5,12.5,85.1,Paid in Full,,ADJ-126,2,4.0,
IS-CLM-2025004302,2025-06-20,Bodily Injury,NC,Fax/EDI,899.75,36113.28,Complex,15,Yes,Yes,8.0,28.7,36.7,Paid in Full,,ADJ-111,7,3.0,
IS-CLM-2025004303,2025-06-28,Comprehensive,MA,Fax/EDI,680.09,7947.97,Moderate,43,Yes,No,277.7,10.4,288.1,Paid in Full,,ADJ-139,8,3.0,
IS-CLM-2025004304,2025-11-18,Comprehensive,FL,Fax/EDI,476.27,3080.01,Simple,90,No,No,31.6,3.2,34.8,Paid in Full,,ADJ-108,2,3.0,
IS-CLM-2025004305,2025-07-21,Collision,TN,E-Portal,297.67,1736.52,Simple,41,No,No,57.0,5.1,62.2,Paid in Full,,ADJ-139,1,4.0,
IS-CLM-2025004306,2025-09-19,Collision,VA,Fax/EDI,409.75,2222.39,Simple,57,No,No,91.3,2.7,94.0,Settled,,ADJ-143,3,,
IS-CLM-2025004307,2025-10-19,Property Damage,IL,Fax/EDI,877.99,20567.53,Complex,45,Yes,Yes,61.4,33.3,94.7,Paid in Full,,ADJ-120,14,4.0,
IS-CLM-2025004308,2025-06-22,Collision,WI,E-Portal,320.88,2264.12,Simple,75,No,Yes,41.4,3.3,44.7,Paid in Full,,ADJ-137,5,,
IS-CLM-2025004309,2025-08-09,Collision,IN,E-Portal,416.8,3717.33,Moderate,18,Yes,Yes,157.5,33.7,191.2,Paid in Full,,ADJ-133,8,,
IS-CLM-2025004310,2025-09-10,Bodily Injury,WI,E-Portal,525.48,12746.36,Moderate,35,Yes,No,24.3,13.2,37.6,Denied,Policy lapsed,ADJ-110,3,,
IS-CLM-2025004311,2025-07-12,Collision,CA,Phone,719.85,7598.87,Moderate,36,No,No,86.1,13.5,99.6,Partial Payment,,ADJ-140,11,,No
IS-CLM-2025004312,2025-11-27,Collision,NJ,Fax/EDI,486.18,519.36,Simple,99,No,No,32.1,2.0,34.1,Paid in Full,,ADJ-134,4,4.0,
IS-CLM-2025004313,2025-11-07,Comprehensive,NJ,E-Portal,185.96,1413.03,Simple,70,No,No,44.3,4.9,49.2,Denied,Policy lapsed,ADJ-139,1,3.0,
IS-CLM-2025004314,2025-09-07,Collision,MD,Fax/EDI,440.96,2925.87,Simple,50,No,No,3.6,3.1,6.8,Partial Payment,,ADJ-107,4,2.0,
IS-CLM-2025004315,2025-08-09,Comprehensive,WI,Phone,386.14,3544.22,Simple,61,No,Yes,30.7,2.6,33.3,Paid in Full,,ADJ-108,5,,
IS-CLM-2025004316,2025-06-25,Liability,NY,E-Portal,537.86,6255.73,Moderate,48,Yes,No,57.0,28.6,85.6,Paid in Full,,ADJ-114,4,4.0,
IS-CLM-2025004317,2025-10-15,Bodily Injury,IL,Phone,695.19,8650.94,Moderate,64,Yes,No,139.4,10.2,149.5,Paid in Full,,ADJ-117,3,,
IS-CLM-2025004318,2025-07-08,Collision,NC,Fax/EDI,737.07,8696.93,Moderate,40,No,Yes,19.3,15.8,35.1,Paid in Full,,ADJ-116,5,3.0,
IS-CLM-2025004319,2025-07-06,Property Damage,VA,Fax/EDI,369.3,2693.28,Simple,72,No,No,21.2,11.3,32.5,Partial Payment,,ADJ-117,2,3.0,
IS-CLM-2025004320,2025-09-17,Bodily Injury,MD,Fax/EDI,441.54,4477.04,Simple,65,No,No,18.0,5.1,23.1,Paid in Full,,ADJ-102,3,,
IS-CLM-2025004321,2025-11-06,Comprehensive,OH,Phone,1151.3,24474.07,Complex,23,Yes,Yes,246.1,30.6,276.7,Settled,,ADJ-138,17,3.0,
IS-CLM-2025004322,2025-11-11,Comprehensive,TN,Phone,646.32,3398.3,Moderate,60,No,No,20.9,26.4,47.2,Partial Payment,,ADJ-145,10,2.0,
IS-CLM-2025004323,2025-07-05,Liability,FL,Fax/EDI,529.84,3028.69,Simple,59,No,No,150.4,3.1,153.4,Paid in Full,,ADJ-145,1,4.0,
IS-CLM-2025004324,2025-07-26,Comprehensive,TX,Fax/EDI,663.95,16304.51,Moderate,38,Yes,No,39.0,30.2,69.2,Paid in Full,,ADJ-149,12,,
IS-CLM-2025004325,2025-10-05,Property Damage,PA,Phone,374.78,1736.74,Simple,53,No,No,12.2,3.6,15.8,Partial Payment,,ADJ-123,3,4.0,
IS-CLM-2025004326,2025-08-28,Comprehensive,NJ,E-Portal,353.78,1113.31,Simple,40,No,No,6.1,6.5,12.7,Paid in Full,,ADJ-135,5,,
IS-CLM-2025004327,2025-10-30,Comprehensive,IL,Fax/EDI,369.8,2061.37,Simple,20,No,No,68.1,4.9,73.0,Paid in Full,,ADJ-149,2,4.0,
IS-CLM-2025004328,2025-08-21,Comprehensive,IL,Fax/EDI,696.93,9098.87,Moderate,30,No,No,20.4,41.7,62.2,Partial Payment,,ADJ-111,11,3.0,
IS-CLM-2025004329,2025-09-06,Collision,OH,Phone,286.7,1499.36,Simple,67,No,No,6.9,16.6,23.5,Settled,,ADJ-130,5,,No
IS-CLM-2025004330,2025-10-11,Bodily Injury,CA,E-Portal,932.5,45662.53,Complex,17,No,Yes,58.1,23.5,81.6,Partial Payment,,ADJ-118,7,,No
IS-CLM-2025004331,2025-07-30,Property Damage,MI,E-Portal,791.61,17955.33,Complex,44,Yes,Yes,40.4,20.2,60.6,Denied,Coverage exclusion,ADJ-134,14,,
IS-CLM-2025004332,2025-10-27,Comprehensive,GA,Fax/EDI,458.7,3109.77,Simple,15,No,No,14.1,7.8,21.8,Paid in Full,,ADJ-138,2,,
IS-CLM-2025004333,2025-11-14,Comprehensive,OH,E-Portal,305.71,1633.63,Simple,62,No,No,59.6,7.2,66.9,Paid in Full,,ADJ-104,3,4.0,
IS-CLM-2025004334,2025-09-29,Property Damage,CA,E-Portal,503.58,4103.05,Moderate,47,Yes,No,8.9,13.7,22.6,Partial Payment,,ADJ-136,7,2.0,
IS-CLM-2025004335,2025-11-16,Collision,WI,Phone,437.89,1112.69,Simple,99,No,No,59.6,9.1,68.7,Settled,,ADJ-130,4,2.0,
IS-CLM-2025004336,2025-11-28,Collision,TN,Fax/EDI,757.16,9706.93,Moderate,37,Yes,No,17.1,17.1,34.2,Paid in Full,,ADJ-138,8,4.0,
IS-CLM-2025004337,2025-12-17,Comprehensive,NC,Phone,323.01,7051.46,Simple,31,No,Yes,45.8,4.2,50.0,Denied,Policy lapsed,ADJ-124,5,4.0,
IS-CLM-2025004338,2025-06-26,Comprehensive,OH,E-Portal,243.24,1506.08,Simple,65,No,No,32.8,4.3,37.1,Settled,,ADJ-148,3,,
IS-CLM-2025004339,2025-08-29,Liability,NJ,Fax/EDI,729.91,20648.77,Complex,5,Yes,Yes,216.1,27.1,243.2,Paid in Full,,ADJ-108,16,,
IS-CLM-2025004340,2025-06-26,Bodily Injury,CA,E-Portal,297.42,3206.0,Simple,94,No,No,35.2,4.1,39.3,Paid in Full,,ADJ-144,2,,
IS-CLM-2025004341,2025-12-24,Comprehensive,TN,Fax/EDI,752.55,5388.23,Moderate,35,No,Yes,6.1,26.8,33.0,Paid in Full,,ADJ-122,3,3.0,
IS-CLM-2025004342,2025-10-04,Collision,GA,Phone,422.12,1772.63,Simple,88,No,No,71.7,4.1,75.8,Partial Payment,,ADJ-116,3,3.0,
IS-CLM-2025004343,2025-11-27,Bodily Injury,MA,E-Portal,461.01,3302.85,Moderate,69,No,No,53.9,16.2,70.0,Paid in Full,,ADJ-103,6,,
IS-CLM-2025004344,2025-11-21,Property Damage,IL,E-Portal,864.05,11573.83,Complex,5,Yes,Yes,131.2,29.7,160.9,Denied,Fraud suspected,ADJ-106,12,3.0,Yes
IS-CLM-2025004345,2025-12-20,Collision,IN,Phone,555.29,1016.53,Simple,37,No,Yes,41.5,5.1,46.6,Paid in Full,,ADJ-120,4,,
IS-CLM-2025004346,2025-12-09,Comprehensive,VA,Phone,513.43,2370.14,Simple,42,No,No,48.8,6.1,54.9,Paid in Full,,ADJ-111,4,,
IS-CLM-2025004347,2025-10-27,Property Damage,TN,E-Portal,339.91,1696.18,Simple,83,No,Yes,72.4,9.3,81.7,Paid in Full,,ADJ-106,3,,
IS-CLM-2025004348,2025-07-23,Comprehensive,GA,Phone,611.03,983.11,Simple,41,Yes,No,56.7,3.0,59.8,Partial Payment,,ADJ-135,5,3.0,
IS-CLM-2025004349,2025-08-01,Property Damage,TX,E-Portal,281.87,3422.26,Simple,69,No,No,169.0,5.2,174.2,Paid in Full,,ADJ-117,1,4.0,No
IS-CLM-2025004350,2025-12-26,Comprehensive,MO,Fax/EDI,694.76,5488.81,Moderate,68,Yes,Yes,11.5,6.6,18.1,Paid in Full,,ADJ-124,4,,
IS-CLM-2025004351,2025-06-12,Collision,PA,Fax/EDI,379.77,879.07,Simple,63,No,No,68.9,9.9,78.8,Partial Payment,,ADJ-102,5,1.0,
IS-CLM-2025004352,2025-06-12,Bodily Injury,PA,E-Portal,1081.53,84089.76,Complex,39,No,Yes,61.5,31.2,92.7,Partial Payment,,ADJ-141,13,4.0,
IS-CLM-2025004353,2025-09-23,Collision,OH,E-Portal,336.54,1160.53,Simple,64,Yes,No,22.3,4.6,27.0,Denied,Fraud suspected,ADJ-131,1,3.0,
IS-CLM-2025004354,2025-07-03,Collision,CA,E-Portal,737.66,11334.02,Complex,5,Yes,Yes,22.9,28.3,51.2,Pending Review,,ADJ-117,8,,
IS-CLM-2025004355,2025-08-18,Property Damage,NJ,E-Portal,363.93,4196.75,Simple,56,No,No,5.5,5.7,11.2,Paid in Full,,ADJ-103,1,4.0,
IS-CLM-2025004356,2025-09-10,Comprehensive,CA,Fax/EDI,405.58,1154.03,Simple,74,No,No,51.3,5.5,56.8,Paid in Full,,ADJ-116,3,4.0,
IS-CLM-2025004357,2025-12-08,Bodily Injury,MD,Fax/EDI,971.84,61805.75,Complex,32,Yes,Yes,87.5,57.1,144.6,Denied,Pre-existing damage,ADJ-110,15,,
IS-CLM-2025004358,2025-11-21,Collision,GA,E-Portal,291.64,1998.67,Simple,31,No,No,93.7,3.6,97.3,Denied,Insufficient documentation,ADJ-130,2,,
IS-CLM-2025004359,2025-10-04,Comprehensive,AZ,Fax/EDI,354.58,1061.69,Simple,62,Yes,No,203.7,5.6,209.3,Partial Payment,,ADJ-149,5,,
IS-CLM-2025004360,2025-10-20,Liability,MA,E-Portal,296.3,4325.38,Simple,89,No,No,182.3,3.9,186.2,Paid in Full,,ADJ-132,4,4.0,
IS-CLM-2025004361,2025-09-21,Bodily Injury,MI,E-Portal,412.51,12698.49,Moderate,47,Yes,Yes,65.3,18.6,83.9,Paid in Full,,ADJ-143,4,5.0,
IS-CLM-2025004362,2025-07-25,Property Damage,WA,Fax/EDI,684.74,20411.22,Moderate,23,Yes,No,128.5,16.6,145.0,Denied,Fraud suspected,ADJ-141,5,3.0,
IS-CLM-2025004363,2025-10-08,Comprehensive,MA,E-Portal,544.86,6662.2,Moderate,28,Yes,No,11.5,14.6,26.1,Paid in Full,,ADJ-117,8,4.0,Yes
IS-CLM-2025004364,2025-10-07,Collision,TN,Fax/EDI,936.99,25179.6,Complex,18,Yes,No,62.8,35.7,98.5,Partial Payment,,ADJ-130,18,,
IS-CLM-2025004365,2025-08-11,Liability,NY,Fax/EDI,1168.71,11725.08,Complex,45,Yes,Yes,44.4,120.3,164.7,Settled,,ADJ-138,15,4.0,
IS-CLM-2025004366,2025-08-19,Collision,TX,E-Portal,614.42,6408.2,Complex,5,Yes,No,8.0,24.2,32.2,Paid in Full,,ADJ-121,13,3.0,
IS-CLM-2025004367,2025-07-20,Bodily Injury,WI,E-Portal,320.86,4974.24,Simple,81,No,No,46.1,4.2,50.2,Denied,Exceeded policy limit,ADJ-103,3,,
IS-CLM-2025004368,2025-08-18,Bodily Injury,WA,Fax/EDI,735.32,33437.93,Complex,16,Yes,No,78.2,18.5,96.7,Denied,Coverage exclusion,ADJ-121,9,2.0,
IS-CLM-2025004369,2025-09-14,Collision,GA,Fax/EDI,400.84,1500.49,Simple,67,No,No,3.0,10.4,13.4,Settled,,ADJ-101,2,,
IS-CLM-2025004370,2025-12-07,Comprehensive,MD,E-Portal,243.08,784.26,Simple,75,Yes,No,21.5,6.5,28.0,Partial Payment,,ADJ-130,5,,
IS-CLM-2025004371,2025-07-18,Comprehensive,TX,Phone,1096.08,15855.03,Complex,18,Yes,No,111.3,43.3,154.5,Paid in Full,,ADJ-122,17,5.0,
IS-CLM-2025004372,2025-08-21,Liability,NC,E-Portal,675.6,19852.74,Complex,37,Yes,No,8.0,31.3,39.3,Denied,Pre-existing damage,ADJ-134,16,2.0,
IS-CLM-2025004373,2025-09-14,Bodily Injury,MD,E-Portal,704.95,10974.56,Complex,46,No,Yes,8.0,29.8,37.8,Paid in Full,,ADJ-135,17,3.0,
IS-CLM-2025004374,2025-07-13,Collision,PA,E-Portal,393.38,10403.98,Moderate,44,No,Yes,123.5,7.0,130.5,Partial Payment,,ADJ-103,3,3.0,
IS-CLM-2025004375,2025-07-06,Collision,CA,E-Portal,344.68,456.17,Simple,74,Yes,No,3.6,2.9,6.5,Partial Payment,,ADJ-120,4,,
IS-CLM-2025004376,2025-06-18,Collision,NY,E-Portal,205.81,2127.94,Simple,59,No,No,55.6,4.2,59.8,Paid in Full,,ADJ-129,3,,
IS-CLM-2025004377,2025-10-16,Collision,CA,E-Portal,273.29,1533.14,Simple,99,No,No,40.7,7.8,48.5,Paid in Full,,ADJ-102,3,4.0,No
IS-CLM-2025004378,2025-09-13,Comprehensive,MA,Fax/EDI,456.38,1477.97,Simple,54,No,No,35.2,4.3,39.5,Denied,Exceeded policy limit,ADJ-109,3,4.0,No
IS-CLM-2025004379,2025-10-06,Liability,TX,Phone,470.56,3647.86,Simple,75,No,Yes,17.7,5.8,23.5,Settled,,ADJ-102,1,3.0,
IS-CLM-2025004380,2025-09-28,Comprehensive,CA,Phone,440.33,1102.14,Simple,69,Yes,No,3.4,12.1,15.5,Paid in Full,,ADJ-104,3,,
IS-CLM-2025004381,2025-07-28,Bodily Injury,CA,Phone,1402.46,26692.9,Complex,17,Yes,Yes,12.2,39.8,52.0,Partial Payment,,ADJ-143,11,,
IS-CLM-2025004382,2025-10-23,Liability,WA,E-Portal,555.29,6229.6,Moderate,28,No,No,121.2,22.9,144.1,Paid in Full,,ADJ-144,3,,
IS-CLM-2025004383,2025-11-11,Bodily Injury,TX,Phone,439.41,4419.1,Simple,73,No,Yes,16.4,2.9,19.4,Settled,,ADJ-130,4,,
IS-CLM-2025004384,2025-12-07,Collision,IN,Fax/EDI,377.45,1806.52,Simple,67,No,No,9.6,15.4,25.0,Denied,Pre-existing damage,ADJ-119,4,1.0,
IS-CLM-2025004385,2025-10-14,Collision,NY,E-Portal,538.9,4972.46,Moderate,69,No,No,9.0,13.9,22.9,Paid in Full,,ADJ-133,9,,
IS-CLM-2025004386,2025-08-13,Bodily Injury,GA,Fax/EDI,533.4,4564.18,Simple,48,No,No,70.0,9.7,79.7,Paid in Full,,ADJ-145,4,,
IS-CLM-2025004387,2025-06-25,Collision,IN,Fax/EDI,578.3,3420.55,Moderate,66,Yes,Yes,42.5,47.7,90.2,Paid in Full,,ADJ-131,3,4.0,
IS-CLM-2025004388,2025-08-09,Property Damage,GA,Phone,350.98,4046.89,Simple,47,No,No,12.6,3.0,15.6,Paid in Full,,ADJ-110,3,,
IS-CLM-2025004389,2025-12-24,Collision,MA,Phone,1150.02,15321.73,Complex,39,No,Yes,107.8,15.7,123.5,Partial Payment,,ADJ-145,10,3.0,
IS-CLM-2025004390,2025-07-06,Collision,VA,Phone,507.38,1192.12,Simple,75,No,No,3.0,3.3,6.3,Paid in Full,,ADJ-105,3,4.0,
IS-CLM-2025004391,2025-11-11,Collision,FL,Fax/EDI,572.95,13478.66,Moderate,51,No,Yes,77.2,12.7,89.9,Paid in Full,,ADJ-109,3,4.0,
IS-CLM-2025004392,2025-10-04,Collision,NY,E-Portal,347.57,1173.75,Simple,26,No,No,9.0,6.2,15.2,Paid in Full,,ADJ-104,1,4.0,
IS-CLM-2025004393,2025-07-03,Collision,IL,Fax/EDI,589.64,10766.25,Moderate,46,Yes,Yes,92.5,28.1,120.6,Paid in Full,,ADJ-128,10,,
IS-CLM-2025004394,2025-08-02,Comprehensive,MI,E-Portal,465.11,5308.48,Moderate,31,Yes,No,122.2,10.2,132.4,Pending Review,,ADJ-121,9,,
IS-CLM-2025004395,2025-09-13,Bodily Injury,NY,E-Portal,585.39,15499.82,Moderate,41,Yes,Yes,23.2,16.5,39.7,Denied,Fraud suspected,ADJ-146,12,2.0,
IS-CLM-2025004396,2025-12-06,Collision,PA,Fax/EDI,429.56,1712.26,Simple,45,No,No,6.2,5.5,11.7,Paid in Full,,ADJ-122,3,4.0,No
IS-CLM-2025004397,2025-12-13,Comprehensive,VA,Fax/EDI,596.0,7956.09,Moderate,61,Yes,No,312.4,32.3,344.7,Settled,,ADJ-147,12,2.0,Yes
IS-CLM-2025004398,2025-10-15,Collision,NY,Phone,537.03,2106.73,Simple,89,No,No,29.9,6.7,36.6,Paid in Full,,ADJ-143,3,,
IS-CLM-2025004399,2025-07-17,Collision,OH,Phone,332.05,2872.59,Simple,86,No,No,34.4,4.8,39.2,Settled,,ADJ-123,5,4.0,
IS-CLM-2025004400,2025-07-23,Comprehensive,VA,Phone,513.84,1859.43,Simple,61,Yes,No,10.6,2.4,13.0,Paid in Full,,ADJ-122,1,,
IS-CLM-2025004401,2025-10-05,Comprehensive,VA,Phone,933.49,8932.76,Moderate,26,No,No,99.0,12.9,111.9,Paid in Full,,ADJ-138,10,,
IS-CLM-2025004402,2025-09-01,Bodily Injury,NC,Fax/EDI,1039.41,42921.4,Complex,28,Yes,No,40.5,47.4,87.9,Pending Review,,ADJ-118,16,,
IS-CLM-2025004403,2025-10-05,Liability,MA,Phone,553.25,3602.95,Simple,62,No,No,76.0,4.5,80.5,Paid in Full,,ADJ-137,4,4.0,
IS-CLM-2025004404,2025-10-29,Comprehensive,GA,E-Portal,387.16,10409.93,Moderate,28,Yes,Yes,54.6,30.7,85.3,Paid in Full,,ADJ-128,3,3.0,
IS-CLM-2025004405,2025-10-15,Collision,IN,Phone,426.23,2312.5,Simple,95,No,Yes,17.4,3.2,20.6,Paid in Full,,ADJ-148,4,3.0,
IS-CLM-2025004406,2025-09-02,Liability,OH,Phone,1182.33,16520.62,Complex,41,Yes,Yes,80.7,44.6,125.3,Paid in Full,,ADJ-136,10,,
IS-CLM-2025004407,2025-08-14,Bodily Injury,AZ,Phone,1094.6,18117.23,Complex,10,Yes,No,229.6,32.9,262.5,Settled,,ADJ-102,12,4.0,
IS-CLM-2025004408,2025-09-01,Comprehensive,NC,E-Portal,792.86,16394.65,Complex,12,Yes,No,75.3,27.2,102.5,Partial Payment,,ADJ-106,17,2.0,
IS-CLM-2025004409,2025-10-25,Property Damage,WA,E-Portal,326.14,1487.17,Simple,59,No,No,14.2,3.1,17.3,Partial Payment,,ADJ-117,4,3.0,
IS-CLM-2025004410,2025-10-23,Bodily Injury,PA,Fax/EDI,613.3,16885.23,Moderate,59,Yes,Yes,46.3,7.4,53.7,Denied,Pre-existing damage,ADJ-107,10,2.0,
IS-CLM-2025004411,2025-07-02,Property Damage,AZ,Phone,335.34,2552.92,Simple,71,No,No,147.5,10.3,157.8,Paid in Full,,ADJ-115,5,3.0,No
IS-CLM-2025004412,2025-11-20,Comprehensive,WA,Fax/EDI,552.35,10813.4,Moderate,21,Yes,No,59.8,17.0,76.8,Paid in Full,,ADJ-130,11,4.0,
IS-CLM-2025004413,2025-07-10,Liability,GA,Phone,445.62,3117.19,Simple,52,No,No,39.8,4.9,44.7,Paid in Full,,ADJ-117,5,4.0,
IS-CLM-2025004414,2025-08-07,Bodily Injury,VA,E-Portal,266.91,1273.65,Simple,62,No,No,50.2,5.2,55.4,Paid in Full,,ADJ-123,5,4.0,No
IS-CLM-2025004415,2025-09-25,Collision,IN,E-Portal,284.76,1240.43,Simple,51,Yes,No,68.4,5.4,73.8,Paid in Full,,ADJ-132,3,,
IS-CLM-2025004416,2025-11-16,Collision,PA,E-Portal,276.46,976.26,Simple,37,Yes,No,28.0,3.7,31.7,Paid in Full,,ADJ-110,3,,Yes
IS-CLM-2025004417,2025-07-12,Bodily Injury,OH,E-Portal,521.03,20469.81,Moderate,40,Yes,Yes,179.7,6.9,186.6,Denied,Policy lapsed,ADJ-131,9,1.0,
IS-CLM-2025004418,2025-09-13,Property Damage,NC,Phone,848.95,9345.86,Moderate,75,No,Yes,40.3,12.5,52.8,Settled,,ADJ-147,9,3.0,
IS-CLM-2025004419,2025-09-02,Property Damage,NY,Phone,410.08,2204.54,Simple,56,No,No,50.5,3.7,54.2,Settled,,ADJ-108,1,3.0,
IS-CLM-2025004420,2025-07-05,Liability,PA,Fax/EDI,338.01,1449.66,Simple,47,No,No,7.1,2.1,9.2,Partial Payment,,ADJ-150,3,,
IS-CLM-2025004421,2025-08-26,Collision,WI,Fax/EDI,548.03,1327.3,Simple,90,No,No,46.8,4.5,51.3,Paid in Full,,ADJ-109,4,,
IS-CLM-2025004422,2025-09-16,Bodily Injury,MA,E-Portal,468.43,6030.68,Moderate,32,Yes,No,63.8,6.7,70.5,Partial Payment,,ADJ-114,8,,
IS-CLM-2025004423,2025-07-26,Property Damage,GA,E-Portal,316.99,1772.12,Simple,67,No,No,10.1,7.0,17.1,Paid in Full,,ADJ-147,2,,
IS-CLM-2025004424,2025-10-12,Comprehensive,OH,Phone,353.69,2119.67,Simple,48,No,No,10.7,7.2,17.9,Settled,,ADJ-106,3,2.0,
IS-CLM-2025004425,2025-06-04,Comprehensive,PA,E-Portal,509.95,15934.17,Moderate,59,Yes,Yes,8.3,17.0,25.3,Paid in Full,,ADJ-105,7,4.0,
IS-CLM-2025004426,2025-11-08,Liability,NC,Fax/EDI,1112.53,3700.64,Complex,12,Yes,No,33.9,42.3,76.2,Denied,Fraud suspected,ADJ-125,17,,
IS-CLM-2025004427,2025-08-27,Property Damage,OH,E-Portal,839.94,12348.55,Complex,51,Yes,Yes,61.2,26.2,87.4,Paid in Full,,ADJ-131,8,5.0,No
IS-CLM-2025004428,2025-06-07,Comprehensive,MI,Fax/EDI,345.3,2791.28,Simple,48,No,No,92.5,4.6,97.0,Paid in Full,,ADJ-105,5,3.0,
IS-CLM-2025004429,2025-06-08,Comprehensive,WI,E-Portal,574.27,4324.06,Complex,52,Yes,No,31.0,25.4,56.4,Pending Review,,ADJ-130,12,,
IS-CLM-2025004430,2025-07-29,Collision,NY,Phone,705.2,6645.34,Moderate,52,Yes,No,42.3,8.8,51.2,Denied,Filing deadline missed,ADJ-106,7,3.0,
IS-CLM-2025004431,2025-06-14,Comprehensive,IL,E-Portal,199.69,3291.62,Simple,62,No,No,18.6,6.5,25.2,Paid in Full,,ADJ-124,5,,
IS-CLM-2025004432,2025-11-26,Liability,CA,Fax/EDI,401.67,4061.31,Simple,99,No,No,43.9,13.0,56.8,Denied,Coverage exclusion,ADJ-139,1,2.0,
IS-CLM-2025004433,2025-07-15,Comprehensive,CA,E-Portal,350.01,2278.67,Simple,50,No,No,3.0,1.7,4.7,Paid in Full,,ADJ-111,1,4.0,
IS-CLM-2025004434,2025-12-10,Bodily Injury,NC,Fax/EDI,343.15,5788.66,Simple,59,No,No,3.1,6.9,9.9,Paid in Full,,ADJ-137,4,,
IS-CLM-2025004435,2025-07-04,Collision,GA,E-Portal,156.8,1044.45,Simple,62,No,No,3.0,2.8,5.8,Paid in Full,,ADJ-150,5,4.0,
IS-CLM-2025004436,2025-09-27,Property Damage,MI,E-Portal,335.94,5708.61,Moderate,5,Yes,No,57.0,9.7,66.7,Partial Payment,,ADJ-113,5,1.0,
IS-CLM-2025004437,2025-12-27,Bodily Injury,MO,E-Portal,633.79,18431.21,Complex,22,Yes,No,40.4,26.1,66.5,Denied,Coverage exclusion,ADJ-119,6,2.0,
IS-CLM-2025004438,2025-06-04,Property Damage,IL,E-Portal,367.56,3494.68,Simple,69,No,No,96.1,2.0,98.1,Paid in Full,,ADJ-115,1,4.0,
IS-CLM-2025004439,2025-10-10,Bodily Injury,MO,E-Portal,746.59,55498.07,Complex,54,Yes,No,24.4,39.7,64.1,Denied,Pre-existing damage,ADJ-122,15,2.0,
IS-CLM-2025004440,2025-06-02,Comprehensive,WI,Fax/EDI,625.24,5886.32,Moderate,48,No,Yes,128.3,34.9,163.2,Partial Payment,,ADJ-140,10,2.0,
IS-CLM-2025004441,2025-08-03,Bodily Injury,AZ,E-Portal,604.07,49119.97,Complex,39,Yes,No,24.3,21.6,45.9,Paid in Full,,ADJ-133,11,,
IS-CLM-2025004442,2025-06-27,Property Damage,MO,Fax/EDI,573.93,4181.15,Moderate,23,Yes,Yes,65.7,9.7,75.4,Paid in Full,,ADJ-115,11,4.0,
IS-CLM-2025004443,2025-11-17,Collision,VA,E-Portal,293.88,653.54,Simple,71,No,No,79.7,2.3,82.0,Paid in Full,,ADJ-126,2,4.0,
IS-CLM-2025004444,2025-09-07,Bodily Injury,NC,Fax/EDI,353.67,3189.25,Simple,92,No,Yes,26.6,4.8,31.4,Paid in Full,,ADJ-137,3,3.0,
IS-CLM-2025004445,2025-12-18,Bodily Injury,AZ,Phone,484.47,5137.11,Simple,43,No,No,39.8,3.5,43.3,Denied,Insufficient documentation,ADJ-145,4,2.0,
IS-CLM-2025004446,2025-12-06,Bodily Injury,MI,E-Portal,595.39,64249.7,Complex,15,Yes,Yes,30.9,52.1,83.0,Denied,Pre-existing damage,ADJ-106,5,1.0,
IS-CLM-2025004447,2025-12-25,Liability,TN,Fax/EDI,353.42,4151.76,Simple,99,Yes,No,82.7,3.6,86.2,Paid in Full,,ADJ-133,4,,
IS-CLM-2025004448,2025-11-15,Liability,WI,E-Portal,201.88,2252.63,Simple,63,No,No,11.1,3.5,14.7,Paid in Full,,ADJ-104,1,,
IS-CLM-2025004449,2025-08-11,Comprehensive,WI,Phone,395.56,2023.29,Simple,67,No,Yes,19.8,4.5,24.4,Paid in Full,,ADJ-144,5,2.0,
IS-CLM-2025004450,2025-07-08,Bodily Injury,NC,Phone,603.26,12011.51,Moderate,42,No,Yes,29.3,14.5,43.8,Paid in Full,,ADJ-129,3,3.0,
IS-CLM-2025004451,2025-10-02,Collision,WI,Fax/EDI,394.75,3865.52,Simple,53,No,No,3.4,4.0,7.3,Partial Payment,,ADJ-124,4,,
IS-CLM-2025004452,2025-07-16,Property Damage,TN,E-Portal,357.05,4221.5,Simple,66,No,Yes,3.0,7.1,10.1,Paid in Full,,ADJ-150,2,,
IS-CLM-2025004453,2025-12-03,Collision,IL,Phone,566.37,1465.08,Simple,62,No,No,30.9,2.2,33.1,Denied,Exceeded policy limit,ADJ-108,2,2.0,
IS-CLM-2025004454,2025-10-02,Property Damage,IL,E-Portal,362.52,1819.79,Simple,27,Yes,No,7.4,2.7,10.1,Paid in Full,,ADJ-102,5,,
IS-CLM-2025004455,2025-09-26,Property Damage,IN,Phone,431.42,2066.12,Simple,8,No,No,13.5,4.6,18.1,Settled,,ADJ-110,3,4.0,No
IS-CLM-2025004456,2025-12-16,Collision,AZ,E-Portal,279.68,1366.91,Simple,53,Yes,No,31.5,2.8,34.3,Paid in Full,,ADJ-101,3,,
IS-CLM-2025004457,2025-12-25,Property Damage,MO,E-Portal,417.59,11626.56,Moderate,25,Yes,No,36.4,14.4,50.8,Partial Payment,,ADJ-102,6,,
IS-CLM-2025004458,2025-08-08,Comprehensive,FL,Phone,1028.48,9448.84,Complex,41,No,No,56.1,47.0,103.2,Paid in Full,,ADJ-126,10,,
IS-CLM-2025004459,2025-07-03,Property Damage,WI,E-Portal,848.41,8202.99,Complex,24,Yes,No,69.3,20.7,90.0,Denied,Filing deadline missed,ADJ-144,14,,
IS-CLM-2025004460,2025-09-22,Collision,MD,E-Portal,446.56,10433.86,Moderate,16,Yes,Yes,18.4,10.9,29.4,Partial Payment,,ADJ-103,9,2.0,
IS-CLM-2025004461,2025-10-06,Collision,NC,Fax/EDI,859.62,7010.87,Complex,59,Yes,Yes,158.3,79.9,238.2,Pending Review,,ADJ-129,5,,
IS-CLM-2025004462,2025-12-18,Property Damage,NC,Fax/EDI,1139.34,11061.38,Complex,11,Yes,No,81.3,14.3,95.6,Partial Payment,,ADJ-120,9,2.0,
IS-CLM-2025004463,2025-10-22,Liability,MD,E-Portal,278.46,3418.87,Simple,93,No,No,77.9,6.0,83.8,Paid in Full,,ADJ-125,2,3.0,
IS-CLM-2025004464,2025-11-27,Collision,MD,Fax/EDI,359.83,1695.18,Simple,60,No,No,18.2,4.5,22.7,Partial Payment,,ADJ-131,4,,No
IS-CLM-2025004465,2025-06-02,Liability,VA,E-Portal,316.71,1635.25,Simple,48,No,No,125.5,11.0,136.5,Partial Payment,,ADJ-128,1,4.0,
IS-CLM-2025004466,2025-08-14,Property Damage,MO,Fax/EDI,325.68,1588.13,Simple,15,No,No,20.6,10.2,30.9,Paid in Full,,ADJ-124,2,,
IS-CLM-2025004467,2025-08-04,Collision,NY,E-Portal,348.87,1110.36,Simple,47,No,No,146.5,1.7,148.2,Denied,Policy lapsed,ADJ-127,2,,
IS-CLM-2025004468,2025-11-23,Collision,WI,E-Portal,373.4,2028.95,Simple,59,No,No,108.9,3.9,112.9,Paid in Full,,ADJ-137,5,,
IS-CLM-2025004469,2025-10-13,Comprehensive,IL,Fax/EDI,373.88,13033.8,Simple,46,No,Yes,30.4,3.0,33.4,Denied,Insufficient documentation,ADJ-108,2,,
IS-CLM-2025004470,2025-07-06,Bodily Injury,CA,Phone,1039.18,85000.0,Complex,34,Yes,Yes,68.3,25.2,93.6,Settled,,ADJ-150,10,3.0,
IS-CLM-2025004471,2025-12-21,Collision,MA,Fax/EDI,453.09,1220.3,Simple,65,No,No,13.3,5.0,18.3,Settled,,ADJ-147,4,,
IS-CLM-2025004472,2025-09-06,Collision,AZ,E-Portal,416.48,8041.88,Moderate,35,Yes,Yes,179.1,17.2,196.3,Paid in Full,,ADJ-106,4,2.0,
IS-CLM-2025004473,2025-12-27,Collision,NJ,Fax/EDI,373.86,781.63,Simple,99,No,No,3.0,3.7,6.7,Settled,,ADJ-143,4,,
IS-CLM-2025004474,2025-09-11,Bodily Injury,MI,Phone,425.86,1897.67,Simple,62,No,No,60.2,6.4,66.6,Partial Payment,,ADJ-117,4,,
IS-CLM-2025004475,2025-06-12,Comprehensive,MO,Phone,792.34,3734.45,Moderate,20,Yes,No,72.8,9.8,82.6,Paid in Full,,ADJ-142,5,4.0,
IS-CLM-2025004476,2025-08-19,Liability,VA,E-Portal,243.04,2959.52,Simple,86,No,No,89.4,4.0,93.4,Paid in Full,,ADJ-124,1,3.0,
IS-CLM-2025004477,2025-11-07,Bodily Injury,MO,E-Portal,274.3,5944.25,Simple,50,No,No,58.4,4.5,62.9,Settled,,ADJ-110,4,3.0,
IS-CLM-2025004478,2025-12-07,Bodily Injury,NC,Phone,544.84,8067.99,Simple,52,No,No,3.0,4.9,7.9,Denied,Fraud suspected,ADJ-103,4,,
IS-CLM-2025004479,2025-07-14,Bodily Injury,WA,Phone,1156.81,68723.44,Complex,34,Yes,No,100.2,29.7,130.0,Pending Review,,ADJ-128,17,,
IS-CLM-2025004480,2025-06-09,Liability,TX,E-Portal,540.51,7486.78,Moderate,25,Yes,No,23.8,14.2,38.1,Denied,Pre-existing damage,ADJ-113,12,3.0,
IS-CLM-2025004481,2025-07-12,Collision,FL,Phone,1228.08,32607.04,Complex,27,Yes,Yes,30.6,41.0,71.6,Pending Review,,ADJ-145,8,,
IS-CLM-2025004482,2025-12-28,Property Damage,GA,E-Portal,606.24,16159.24,Complex,36,Yes,Yes,8.0,61.1,69.1,Denied,Coverage exclusion,ADJ-133,9,,
IS-CLM-2025004483,2025-09-11,Comprehensive,MI,E-Portal,291.59,1282.36,Simple,38,No,No,201.6,4.1,205.7,Partial Payment,,ADJ-132,3,3.0,
IS-CLM-2025004484,2025-11-26,Comprehensive,NJ,E-Portal,403.52,15132.98,Complex,7,Yes,Yes,17.6,43.2,60.8,Paid in Full,,ADJ-105,9,3.0,
IS-CLM-2025004485,2025-11-03,Liability,MD,Phone,1173.02,10036.27,Complex,42,Yes,Yes,19.5,20.1,39.5,Paid in Full,,ADJ-134,8,4.0,
IS-CLM-2025004486,2025-09-24,Bodily Injury,WI,Phone,444.66,2751.93,Simple,80,No,No,27.2,6.9,34.1,Paid in Full,,ADJ-106,2,3.0,
IS-CLM-2025004487,2025-09-10,Comprehensive,TN,Phone,1189.7,22515.59,Complex,27,Yes,No,51.4,37.4,88.7,Settled,,ADJ-114,17,,
IS-CLM-2025004488,2025-11-30,Comprehensive,WI,Fax/EDI,289.79,959.03,Simple,73,No,Yes,9.4,4.7,14.2,Denied,Insufficient documentation,ADJ-130,5,,
IS-CLM-2025004489,2025-08-23,Property Damage,AZ,E-Portal,606.64,2824.33,Moderate,7,No,No,57.4,18.3,75.7,Settled,,ADJ-108,9,3.0,
IS-CLM-2025004490,2025-09-17,Collision,WA,Phone,556.12,948.49,Simple,85,No,Yes,86.0,6.8,92.8,Paid in Full,,ADJ-113,4,,
IS-CLM-2025004491,2025-11-23,Property Damage,MO,Fax/EDI,677.09,4027.79,Moderate,43,Yes,No,110.2,8.0,118.1,Settled,,ADJ-132,12,4.0,
IS-CLM-2025004492,2025-09-20,Property Damage,MA,Phone,379.05,2414.72,Simple,54,No,No,3.0,5.8,8.8,Paid in Full,,ADJ-104,1,,
IS-CLM-2025004493,2025-06-02,Comprehensive,PA,Fax/EDI,594.32,6011.23,Moderate,63,No,No,56.5,58.2,114.6,Partial Payment,,ADJ-105,12,,
IS-CLM-2025004494,2025-11-21,Comprehensive,WA,Fax/EDI,400.5,1781.57,Simple,32,No,Yes,31.2,2.4,33.6,Partial Payment,,ADJ-101,2,2.0,
IS-CLM-2025004495,2025-11-17,Property Damage,MD,Fax/EDI,385.34,1470.69,Simple,67,No,No,80.4,9.9,90.3,Settled,,ADJ-124,1,2.0,
IS-CLM-2025004496,2025-11-10,Comprehensive,NC,E-Portal,491.33,7091.14,Moderate,39,No,No,6.2,10.1,16.2,Partial Payment,,ADJ-147,7,3.0,
IS-CLM-2025004497,2025-07-17,Bodily Injury,PA,Fax/EDI,1047.34,71172.84,Complex,43,Yes,Yes,36.2,16.1,52.3,Partial Payment,,ADJ-141,17,2.0,
IS-CLM-2025004498,2025-07-25,Comprehensive,MI,E-Portal,457.22,11203.22,Moderate,5,Yes,Yes,120.3,13.6,133.9,Denied,Exceeded policy limit,ADJ-109,8,4.0,
IS-CLM-2025004499,2025-10-16,Liability,FL,Phone,430.18,3963.89,Simple,83,Yes,No,24.9,3.5,28.5,Denied,Exceeded policy limit,ADJ-121,3,,
IS-CLM-2025004500,2025-10-31,Collision,IN,E-Portal,242.04,1107.9,Simple,71,Yes,Yes,32.0,4.7,36.7,Paid in Full,,ADJ-110,3,4.0,
IS-CLM-2025004501,2025-07-19,Bodily Injury,MI,Phone,592.98,9904.12,Moderate,29,Yes,No,63.6,30.4,94.0,Paid in Full,,ADJ-148,12,3.0,
IS-CLM-2025004502,2025-08-03,Comprehensive,IL,Phone,421.69,1601.42,Simple,99,No,No,23.3,7.4,30.6,Paid in Full,,ADJ-137,5,,
IS-CLM-2025004503,2025-06-07,Comprehensive,PA,Phone,426.01,821.86,Simple,99,Yes,No,36.4,6.0,42.4,Paid in Full,,ADJ-113,1,3.0,
IS-CLM-2025004504,2025-11-06,Collision,CA,Fax/EDI,504.92,586.33,Simple,95,Yes,No,39.0,6.4,45.4,Paid in Full,,ADJ-116,3,,
IS-CLM-2025004505,2025-08-01,Liability,PA,E-Portal,215.9,2562.4,Simple,79,No,No,17.5,1.8,19.3,Paid in Full,,ADJ-115,4,4.0,
IS-CLM-2025004506,2025-08-27,Collision,NC,E-Portal,290.14,1850.67,Simple,49,Yes,No,20.6,10.6,31.2,Paid in Full,,ADJ-115,3,4.0,
IS-CLM-2025004507,2025-10-21,Collision,NY,E-Portal,364.28,4850.97,Moderate,77,No,No,5.0,24.1,29.1,Denied,Exceeded policy limit,ADJ-127,9,3.0,
IS-CLM-2025004508,2025-11-22,Property Damage,GA,E-Portal,526.83,4642.99,Moderate,42,No,No,68.8,17.6,86.4,Denied,Pre-existing damage,ADJ-109,12,2.0,
IS-CLM-2025004509,2025-09-27,Collision,TX,E-Portal,317.13,1820.94,Simple,28,No,No,14.3,9.8,24.0,Paid in Full,,ADJ-107,2,,
IS-CLM-2025004510,2025-07-27,Collision,GA,Fax/EDI,423.81,2485.43,Simple,98,No,No,5.5,6.9,12.4,Denied,Pre-existing damage,ADJ-148,5,,
IS-CLM-2025004511,2025-11-12,Bodily Injury,VA,Phone,590.65,10459.08,Moderate,19,No,Yes,140.4,12.5,152.9,Partial Payment,,ADJ-131,6,1.0,
IS-CLM-2025004512,2025-10-23,Comprehensive,FL,E-Portal,299.53,4764.54,Simple,21,No,No,45.9,9.0,54.9,Partial Payment,,ADJ-103,2,2.0,
IS-CLM-2025004513,2025-06-29,Property Damage,WA,Phone,529.64,2133.66,Simple,46,No,No,44.5,5.3,49.8,Paid in Full,,ADJ-124,3,4.0,
IS-CLM-2025004514,2025-06-23,Bodily Injury,NJ,E-Portal,414.3,6844.09,Moderate,50,Yes,No,6.4,27.4,33.7,Partial Payment,,ADJ-127,5,,
IS-CLM-2025004515,2025-06-09,Bodily Injury,AZ,Fax/EDI,1154.09,41237.95,Complex,37,Yes,Yes,34.8,44.6,79.4,Paid in Full,,ADJ-101,16,4.0,
IS-CLM-2025004516,2025-08-04,Liability,OH,E-Portal,703.36,16452.74,Complex,29,Yes,Yes,69.9,29.9,99.7,Settled,,ADJ-119,9,2.0,
IS-CLM-2025004517,2025-07-12,Property Damage,WI,Phone,699.04,5512.93,Moderate,57,Yes,Yes,121.9,11.6,133.5,Partial Payment,,ADJ-145,3,,
IS-CLM-2025004518,2025-09-27,Liability,PA,Phone,786.41,11270.63,Moderate,55,No,Yes,159.5,14.1,173.6,Paid in Full,,ADJ-146,11,4.0,
IS-CLM-2025004519,2025-07-11,Comprehensive,MD,Fax/EDI,395.49,2909.72,Simple,64,No,No,3.0,4.3,7.3,Partial Payment,,ADJ-129,5,4.0,
IS-CLM-2025004520,2025-10-02,Bodily Injury,NY,Phone,1126.65,61869.51,Complex,99,Yes,Yes,8.0,63.2,71.2,Partial Payment,,ADJ-124,8,1.0,
IS-CLM-2025004521,2025-06-12,Bodily Injury,WI,Fax/EDI,862.21,14835.91,Moderate,5,Yes,No,44.6,17.4,61.9,Partial Payment,,ADJ-122,11,,
IS-CLM-2025004522,2025-09-17,Collision,MA,Fax/EDI,380.32,3480.43,Simple,99,No,No,3.0,3.5,6.5,Paid in Full,,ADJ-124,5,4.0,
IS-CLM-2025004523,2025-10-01,Comprehensive,IL,E-Portal,343.15,3133.33,Simple,64,No,No,26.2,2.1,28.3,Paid in Full,,ADJ-102,2,4.0,
IS-CLM-2025004524,2025-12-23,Property Damage,TN,Fax/EDI,419.0,1815.53,Simple,99,No,No,3.7,4.6,8.3,Partial Payment,,ADJ-123,4,,
IS-CLM-2025004525,2025-10-14,Comprehensive,NJ,Phone,516.18,2586.93,Simple,76,No,No,25.6,14.3,39.9,Paid in Full,,ADJ-148,4,,
IS-CLM-2025004526,2025-08-25,Property Damage,NY,Fax/EDI,589.13,3374.3,Complex,37,Yes,No,124.4,52.5,177.0,Denied,Pre-existing damage,ADJ-105,18,,
IS-CLM-2025004527,2025-09-02,Liability,NY,E-Portal,502.92,8038.54,Moderate,38,No,No,54.5,15.2,69.7,Paid in Full,,ADJ-137,9,3.0,
IS-CLM-2025004528,2025-12-27,Collision,WI,E-Portal,223.49,2869.16,Simple,73,No,Yes,5.4,5.2,10.5,Denied,Exceeded policy limit,ADJ-141,2,,
IS-CLM-2025004529,2025-09-23,Comprehensive,VA,E-Portal,244.0,1742.97,Simple,73,No,No,138.3,5.7,144.0,Denied,Filing deadline missed,ADJ-134,3,,
IS-CLM-2025004530,2025-06-23,Bodily Injury,CA,Phone,1178.55,16417.98,Complex,15,Yes,Yes,63.4,90.3,153.7,Settled,,ADJ-121,6,,No
IS-CLM-2025004531,2025-08-26,Bodily Injury,MI,Fax/EDI,948.48,53559.66,Complex,41,Yes,Yes,45.2,23.5,68.8,Settled,,ADJ-147,8,3.0,
IS-CLM-2025004532,2025-07-04,Collision,GA,Phone,417.14,1233.13,Simple,88,No,No,45.4,5.8,51.2,Paid in Full,,ADJ-119,2,,
IS-CLM-2025004533,2025-08-18,Property Damage,OH,E-Portal,235.18,3219.37,Simple,63,No,No,38.9,1.7,40.6,Paid in Full,,ADJ-105,2,,
IS-CLM-2025004534,2025-07-10,Comprehensive,IL,E-Portal,360.07,3937.42,Simple,28,Yes,No,43.9,5.6,49.5,Paid in Full,,ADJ-150,2,3.0,
IS-CLM-2025004535,2025-12-11,Bodily Injury,PA,E-Portal,559.71,85000.0,Complex,23,No,Yes,101.8,17.3,119.1,Settled,,ADJ-110,7,,No
IS-CLM-2025004536,2025-09-03,Collision,TX,E-Portal,258.01,3302.51,Simple,99,No,No,59.1,5.1,64.1,Partial Payment,,ADJ-109,5,3.0,
IS-CLM-2025004537,2025-09-26,Bodily Injury,TN,Phone,1128.29,26898.49,Complex,17,Yes,No,8.4,47.0,55.4,Denied,Policy lapsed,ADJ-135,12,2.0,
IS-CLM-2025004538,2025-07-25,Bodily Injury,NJ,Fax/EDI,774.48,9122.23,Moderate,48,Yes,No,30.6,28.3,58.9,Paid in Full,,ADJ-102,3,,
IS-CLM-2025004539,2025-09-21,Collision,IN,Fax/EDI,222.28,1454.41,Simple,63,No,No,19.8,2.4,22.2,Settled,,ADJ-139,3,,
IS-CLM-2025004540,2025-07-27,Bodily Injury,TN,Fax/EDI,946.54,35944.58,Complex,26,Yes,No,19.1,26.0,45.1,Denied,Fraud suspected,ADJ-114,13,4.0,
IS-CLM-2025004541,2025-07-11,Liability,MI,Phone,533.15,1847.71,Simple,70,Yes,No,13.2,13.1,26.3,Partial Payment,,ADJ-138,2,3.0,
IS-CLM-2025004542,2025-11-10,Comprehensive,TN,Phone,501.95,875.05,Simple,41,No,No,69.4,2.8,72.2,Denied,Exceeded policy limit,ADJ-110,2,,
IS-CLM-2025004543,2025-12-17,Collision,PA,E-Portal,454.06,3317.75,Moderate,7,No,No,65.6,9.8,75.3,Pending Review,,ADJ-116,7,,
IS-CLM-2025004544,2025-09-14,Collision,MO,E-Portal,282.96,5597.7,Simple,48,No,No,55.0,4.3,59.3,Denied,Coverage exclusion,ADJ-118,4,1.0,
IS-CLM-2025004545,2025-12-17,Comprehensive,GA,E-Portal,263.64,1422.61,Simple,80,No,No,68.9,2.9,71.8,Paid in Full,,ADJ-128,4,4.0,
IS-CLM-2025004546,2025-06-12,Bodily Injury,MI,E-Portal,316.12,9457.78,Simple,37,No,No,108.9,4.8,113.7,Partial Payment,,ADJ-106,5,4.0,
IS-CLM-2025004547,2025-09-05,Comprehensive,IN,Fax/EDI,381.77,3887.57,Simple,99,No,No,89.4,7.6,97.0,Settled,,ADJ-148,5,,
IS-CLM-2025004548,2025-09-29,Liability,WA,E-Portal,329.02,7020.76,Simple,70,No,No,23.6,5.2,28.9,Paid in Full,,ADJ-117,1,,
IS-CLM-2025004549,2025-11-22,Bodily Injury,WA,E-Portal,485.63,8018.84,Moderate,60,Yes,No,5.0,6.1,11.1,Denied,Insufficient documentation,ADJ-106,6,,
IS-CLM-2025004550,2025-08-09,Comprehensive,TX,Fax/EDI,1060.65,21900.84,Complex,10,No,No,8.0,52.9,60.9,Paid in Full,,ADJ-107,13,3.0,
IS-CLM-2025004551,2025-06-08,Collision,NY,E-Portal,281.28,1794.0,Simple,36,No,No,3.0,11.5,14.5,Partial Payment,,ADJ-127,5,3.0,
IS-CLM-2025004552,2025-07-05,Bodily Injury,OH,E-Portal,672.74,85000.0,Complex,7,Yes,Yes,8.0,35.8,43.8,Pending Review,,ADJ-116,15,,
IS-CLM-2025004553,2025-10-20,Liability,CA,Fax/EDI,311.67,5767.71,Simple,99,No,No,31.9,5.2,37.2,Partial Payment,,ADJ-102,1,2.0,
IS-CLM-2025004554,2025-06-25,Liability,IN,Phone,505.17,2733.58,Simple,99,No,Yes,50.6,6.4,57.0,Partial Payment,,ADJ-138,1,4.0,Yes
IS-CLM-2025004555,2025-07-26,Collision,FL,Phone,523.82,1075.43,Simple,51,No,No,21.8,4.3,26.1,Paid in Full,,ADJ-141,2,,
IS-CLM-2025004556,2025-08-14,Collision,CA,E-Portal,297.23,1792.59,Simple,51,Yes,No,31.1,2.6,33.7,Denied,Coverage exclusion,ADJ-112,2,4.0,Yes
IS-CLM-2025004557,2025-10-31,Collision,TN,Phone,680.2,6618.64,Moderate,19,Yes,No,16.0,19.7,35.7,Denied,Fraud suspected,ADJ-102,6,2.0,
IS-CLM-2025004558,2025-12-15,Property Damage,MD,Fax/EDI,574.45,3402.77,Simple,61,No,No,17.7,3.0,20.7,Paid in Full,,ADJ-145,1,4.0,
IS-CLM-2025004559,2025-06-02,Comprehensive,NY,Fax/EDI,878.1,16530.12,Moderate,48,Yes,Yes,21.9,14.0,35.9,Partial Payment,,ADJ-106,10,3.0,
IS-CLM-2025004560,2025-08-27,Collision,OH,Phone,428.32,6077.21,Simple,70,Yes,No,24.6,3.1,27.7,Paid in Full,,ADJ-120,5,4.0,
IS-CLM-2025004561,2025-07-26,Liability,IN,E-Portal,702.75,12762.78,Complex,30,Yes,Yes,109.4,12.5,121.9,Pending Review,,ADJ-119,16,,
IS-CLM-2025004562,2025-09-20,Comprehensive,WA,E-Portal,382.18,1144.89,Simple,51,No,No,44.8,3.1,47.9,Paid in Full,,ADJ-136,4,3.0,
IS-CLM-2025004563,2025-10-02,Property Damage,PA,E-Portal,380.68,3480.07,Simple,78,No,No,13.0,5.2,18.2,Paid in Full,,ADJ-117,1,4.0,
IS-CLM-2025004564,2025-07-31,Bodily Injury,IN,Phone,1173.25,31787.3,Complex,73,Yes,No,83.3,27.1,110.4,Denied,Filing deadline missed,ADJ-137,15,2.0,
IS-CLM-2025004565,2025-07-23,Comprehensive,IL,Phone,407.51,1582.19,Simple,99,No,No,69.9,6.4,76.3,Paid in Full,,ADJ-139,2,3.0,
IS-CLM-2025004566,2025-11-26,Bodily Injury,FL,Phone,457.86,4762.59,Simple,47,Yes,No,121.1,9.2,130.3,Denied,Filing deadline missed,ADJ-112,4,3.0,No
IS-CLM-2025004567,2025-09-01,Comprehensive,PA,E-Portal,473.62,2910.33,Moderate,17,Yes,No,66.7,32.7,99.4,Denied,Policy lapsed,ADJ-108,4,2.0,
IS-CLM-2025004568,2025-10-23,Liability,MI,E-Portal,442.9,8332.4,Moderate,54,Yes,No,51.6,6.2,57.7,Paid in Full,,ADJ-148,6,3.0,
IS-CLM-2025004569,2025-09-07,Collision,MA,E-Portal,348.04,1489.4,Simple,79,Yes,No,3.0,7.8,10.8,Paid in Full,,ADJ-126,4,3.0,
IS-CLM-2025004570,2025-06-29,Collision,TN,E-Portal,294.16,2085.27,Simple,72,No,No,16.6,6.7,23.3,Paid in Full,,ADJ-148,2,,
IS-CLM-2025004571,2025-06-02,Comprehensive,IL,E-Portal,642.39,16696.15,Complex,50,Yes,Yes,54.7,41.4,96.1,Denied,Pre-existing damage,ADJ-117,17,3.0,
IS-CLM-2025004572,2025-09-22,Comprehensive,GA,E-Portal,364.22,1076.32,Simple,63,Yes,No,18.8,4.7,23.5,Partial Payment,,ADJ-137,3,4.0,
IS-CLM-2025004573,2025-11-23,Comprehensive,VA,E-Portal,812.8,9903.04,Complex,56,Yes,No,25.9,27.8,53.7,Partial Payment,,ADJ-144,5,3.0,
IS-CLM-2025004574,2025-07-21,Collision,FL,E-Portal,627.09,3110.49,Complex,22,Yes,No,99.7,21.3,120.9,Pending Review,,ADJ-143,10,,
IS-CLM-2025004575,2025-08-22,Liability,VA,E-Portal,744.42,9484.66,Complex,28,Yes,No,52.8,27.4,80.2,Denied,Filing deadline missed,ADJ-127,12,2.0,
IS-CLM-2025004576,2025-07-30,Property Damage,MA,Phone,315.6,2975.79,Simple,50,No,No,40.0,6.0,46.0,Partial Payment,,ADJ-104,1,2.0,
IS-CLM-2025004577,2025-12-03,Collision,GA,Fax/EDI,549.65,1182.14,Simple,70,No,No,19.5,6.9,26.4,Partial Payment,,ADJ-143,3,,
IS-CLM-2025004578,2025-08-26,Collision,IN,E-Portal,515.55,4539.94,Moderate,48,Yes,Yes,10.8,38.7,49.6,Paid in Full,,ADJ-111,10,4.0,
IS-CLM-2025004579,2025-11-12,Property Damage,WA,Fax/EDI,616.87,9841.14,Moderate,13,Yes,No,10.1,13.4,23.5,Settled,,ADJ-137,3,4.0,
IS-CLM-2025004580,2025-11-24,Collision,MO,Fax/EDI,414.8,1591.86,Simple,47,Yes,Yes,88.5,5.6,94.1,Partial Payment,,ADJ-111,1,,
IS-CLM-2025004581,2025-08-05,Bodily Injury,CA,E-Portal,419.12,21949.89,Moderate,15,Yes,Yes,17.6,10.2,27.8,Paid in Full,,ADJ-102,4,,
IS-CLM-2025004582,2025-10-31,Comprehensive,TX,E-Portal,456.77,3492.49,Moderate,56,Yes,No,7.2,17.9,25.1,Paid in Full,,ADJ-105,10,,
IS-CLM-2025004583,2025-08-09,Collision,MA,E-Portal,617.54,7304.38,Moderate,57,No,No,14.4,8.5,23.0,Paid in Full,,ADJ-143,9,4.0,
IS-CLM-2025004584,2025-08-30,Collision,MD,Phone,762.15,4724.2,Moderate,30,No,No,5.0,7.4,12.4,Denied,Policy lapsed,ADJ-141,4,1.0,
IS-CLM-2025004585,2025-12-19,Bodily Injury,NC,E-Portal,517.82,21651.48,Moderate,63,Yes,Yes,6.0,18.7,24.7,Partial Payment,,ADJ-141,7,3.0,
IS-CLM-2025004586,2025-06-21,Bodily Injury,GA,E-Portal,501.28,14762.22,Moderate,41,Yes,Yes,151.9,10.9,162.8,Paid in Full,,ADJ-104,4,3.0,
IS-CLM-2025004587,2025-12-10,Comprehensive,NC,E-Portal,194.14,2083.49,Simple,65,No,No,10.0,10.8,20.9,Paid in Full,,ADJ-126,4,3.0,
IS-CLM-2025004588,2025-06-19,Comprehensive,WI,E-Portal,230.41,2703.17,Simple,84,Yes,No,96.3,6.3,102.6,Paid in Full,,ADJ-107,4,5.0,No
IS-CLM-2025004589,2025-07-10,Bodily Injury,NY,E-Portal,651.72,37581.53,Complex,28,Yes,Yes,134.1,25.7,159.8,Denied,Exceeded policy limit,ADJ-130,17,,
IS-CLM-2025004590,2025-07-04,Comprehensive,PA,Phone,495.41,3901.7,Simple,83,No,No,22.3,4.9,27.3,Denied,Filing deadline missed,ADJ-115,3,2.0,
IS-CLM-2025004591,2025-07-12,Property Damage,MD,Fax/EDI,450.6,2885.4,Simple,73,Yes,No,3.0,11.0,14.0,Paid in Full,,ADJ-147,2,4.0,
IS-CLM-2025004592,2025-08-30,Property Damage,WI,Phone,398.52,711.77,Simple,69,No,No,3.0,11.2,14.2,Denied,Fraud suspected,ADJ-116,3,,
IS-CLM-2025004593,2025-10-06,Comprehensive,IL,Fax/EDI,374.59,1298.07,Simple,68,No,No,25.4,7.5,32.9,Paid in Full,,ADJ-113,2,,No
IS-CLM-2025004594,2025-08-26,Comprehensive,MA,E-Portal,248.33,918.45,Simple,89,No,No,50.3,3.8,54.1,Paid in Full,,ADJ-117,1,,
IS-CLM-2025004595,2025-11-04,Bodily Injury,GA,Fax/EDI,857.2,11105.59,Moderate,45,Yes,Yes,89.4,17.8,107.2,Paid in Full,,ADJ-146,12,,
IS-CLM-2025004596,2025-08-18,Property Damage,AZ,E-Portal,376.77,3669.92,Simple,86,No,No,55.5,6.9,62.3,Partial Payment,,ADJ-138,5,3.0,
IS-CLM-2025004597,2025-12-03,Bodily Injury,AZ,Phone,571.7,2116.24,Simple,66,No,No,27.3,2.1,29.3,Paid in Full,,ADJ-136,5,3.0,
IS-CLM-2025004598,2025-09-25,Property Damage,AZ,Phone,1004.95,5315.72,Moderate,72,No,No,67.1,8.1,75.2,Partial Payment,,ADJ-115,6,,No
IS-CLM-2025004599,2025-06-01,Collision,AZ,Phone,490.93,2925.6,Simple,60,Yes,No,13.8,5.4,19.3,Paid in Full,,ADJ-116,3,,
IS-CLM-2025004600,2025-06-30,Collision,NC,E-Portal,253.44,1950.24,Simple,39,Yes,No,5.0,1.8,6.8,Partial Payment,,ADJ-117,3,2.0,
IS-CLM-2025004601,2025-09-15,Collision,OH,Fax/EDI,428.31,1404.55,Simple,20,No,No,108.3,9.4,117.7,Denied,Exceeded policy limit,ADJ-112,2,3.0,
IS-CLM-2025004602,2025-09-26,Bodily Injury,TX,E-Portal,773.01,42431.16,Complex,10,Yes,No,8.0,36.2,44.2,Partial Payment,,ADJ-148,15,,
IS-CLM-2025004603,2025-07-23,Bodily Injury,NC,Phone,1324.96,6821.27,Complex,12,No,Yes,126.5,55.5,182.0,Partial Payment,,ADJ-122,9,,
IS-CLM-2025004604,2025-08-07,Collision,NJ,E-Portal,324.45,4406.76,Moderate,44,Yes,No,64.7,19.4,84.1,Settled,,ADJ-111,4,,
IS-CLM-2025004605,2025-10-15,Bodily Injury,NJ,Fax/EDI,545.39,1044.76,Simple,88,No,No,54.3,5.9,60.2,Paid in Full,,ADJ-116,5,4.0,
IS-CLM-2025004606,2025-09-02,Property Damage,FL,E-Portal,281.45,1105.95,Simple,68,Yes,No,18.0,4.9,22.9,Partial Payment,,ADJ-127,3,,
IS-CLM-2025004607,2025-11-12,Collision,WA,E-Portal,320.17,753.86,Simple,86,No,Yes,23.0,8.9,31.8,Paid in Full,,ADJ-139,5,,No
IS-CLM-2025004608,2025-07-15,Collision,NC,Phone,979.16,3444.32,Moderate,41,Yes,No,24.5,18.5,43.0,Partial Payment,,ADJ-140,11,,
IS-CLM-2025004609,2025-09-04,Collision,WI,Fax/EDI,536.66,7845.42,Simple,65,No,Yes,46.1,6.6,52.7,Paid in Full,,ADJ-121,1,4.0,
IS-CLM-2025004610,2025-11-14,Property Damage,FL,Phone,380.32,1569.77,Simple,99,No,No,6.4,6.1,12.5,Paid in Full,,ADJ-137,2,,
IS-CLM-2025004611,2025-07-31,Bodily Injury,TX,E-Portal,389.61,27136.59,Moderate,56,Yes,Yes,76.0,26.2,102.2,Settled,,ADJ-121,6,,
IS-CLM-2025004612,2025-06-07,Comprehensive,IN,E-Portal,621.53,6856.22,Moderate,5,Yes,No,6.2,7.4,13.7,Paid in Full,,ADJ-148,10,5.0,
IS-CLM-2025004613,2025-11-22,Liability,AZ,Phone,777.84,4408.73,Moderate,28,Yes,No,88.2,29.0,117.3,Partial Payment,,ADJ-141,4,,
IS-CLM-2025004614,2025-11-09,Comprehensive,TN,E-Portal,531.23,17683.93,Moderate,49,Yes,Yes,21.2,11.5,32.7,Partial Payment,,ADJ-102,9,,
IS-CLM-2025004615,2025-10-31,Collision,TN,E-Portal,281.23,2595.04,Simple,83,No,Yes,21.1,6.0,27.1,Paid in Full,,ADJ-110,1,2.0,No
IS-CLM-2025004616,2025-10-04,Comprehensive,WA,Phone,1084.15,10249.68,Moderate,38,Yes,No,19.5,37.8,57.3,Denied,Coverage exclusion,ADJ-150,7,2.0,
IS-CLM-2025004617,2025-08-29,Comprehensive,WI,Phone,551.39,2264.94,Simple,38,No,Yes,10.9,11.7,22.7,Paid in Full,,ADJ-113,1,2.0,
IS-CLM-2025004618,2025-06-01,Collision,NC,Fax/EDI,428.42,939.16,Simple,64,No,Yes,85.4,4.0,89.4,Paid in Full,,ADJ-140,5,4.0,
IS-CLM-2025004619,2025-10-09,Liability,GA,Fax/EDI,1003.13,23495.75,Complex,44,Yes,Yes,77.3,32.9,110.2,Pending Review,,ADJ-136,11,,
IS-CLM-2025004620,2025-08-07,Property Damage,WA,Fax/EDI,751.51,8549.65,Moderate,53,Yes,No,8.8,10.8,19.6,Settled,,ADJ-126,9,,
IS-CLM-2025004621,2025-12-26,Collision,MD,Fax/EDI,375.25,1765.12,Simple,48,No,No,31.6,10.2,41.8,Partial Payment,,ADJ-104,1,3.0,
IS-CLM-2025004622,2025-08-11,Comprehensive,NC,E-Portal,352.21,865.44,Simple,63,Yes,No,7.4,6.9,14.3,Paid in Full,,ADJ-111,2,,
IS-CLM-2025004623,2025-10-15,Bodily Injury,TN,E-Portal,358.26,5123.59,Moderate,15,Yes,No,101.2,15.4,116.6,Partial Payment,,ADJ-121,12,,
IS-CLM-2025004624,2025-11-01,Collision,NC,Phone,418.86,2677.87,Simple,54,No,No,45.1,1.6,46.7,Paid in Full,,ADJ-149,4,,
IS-CLM-2025004625,2025-11-03,Bodily Injury,IN,E-Portal,216.11,2717.66,Simple,98,No,No,3.0,1.6,4.6,Paid in Full,,ADJ-137,4,,
IS-CLM-2025004626,2025-11-01,Collision,MO,E-Portal,580.03,14957.47,Complex,40,Yes,No,58.5,34.1,92.7,Denied,Coverage exclusion,ADJ-147,15,2.0,
IS-CLM-2025004627,2025-09-03,Comprehensive,WI,Fax/EDI,397.65,1381.04,Simple,72,No,Yes,11.8,3.0,14.8,Partial Payment,,ADJ-101,3,,
IS-CLM-2025004628,2025-07-29,Comprehensive,WI,Fax/EDI,572.73,3213.63,Simple,54,No,No,61.4,4.9,66.2,Paid in Full,,ADJ-109,5,3.0,
IS-CLM-2025004629,2025-10-20,Collision,TN,Fax/EDI,506.35,1067.55,Simple,78,No,Yes,3.0,5.7,8.7,Partial Payment,,ADJ-140,4,2.0,No
IS-CLM-2025004630,2025-08-18,Collision,MD,E-Portal,292.96,1711.16,Simple,46,No,No,51.5,4.1,55.6,Paid in Full,,ADJ-121,1,,
IS-CLM-2025004631,2025-06-23,Bodily Injury,TX,Phone,1134.57,31275.48,Complex,14,Yes,Yes,135.8,35.3,171.1,Paid in Full,,ADJ-120,18,,
IS-CLM-2025004632,2025-06-27,Property Damage,IN,Fax/EDI,506.08,2140.86,Simple,75,Yes,No,3.1,11.7,14.7,Partial Payment,,ADJ-104,5,2.0,
IS-CLM-2025004633,2025-12-19,Collision,WA,Fax/EDI,402.12,1647.95,Simple,70,No,No,26.5,7.9,34.4,Partial Payment,,ADJ-118,2,2.0,
IS-CLM-2025004634,2025-09-25,Bodily Injury,WI,Fax/EDI,788.37,12620.34,Moderate,27,No,No,153.8,22.5,176.3,Denied,Exceeded policy limit,ADJ-124,8,3.0,
IS-CLM-2025004635,2025-07-28,Comprehensive,MA,Phone,1080.2,5287.79,Complex,14,Yes,No,46.1,46.2,92.2,Settled,,ADJ-147,10,,
IS-CLM-2025004636,2025-12-09,Collision,PA,E-Portal,216.49,674.63,Simple,62,Yes,No,138.2,7.4,145.5,Denied,Pre-existing damage,ADJ-148,5,,No
IS-CLM-2025004637,2025-09-16,Comprehensive,MD,Phone,508.23,1060.59,Simple,49,No,No,110.5,6.1,116.6,Paid in Full,,ADJ-143,4,,
IS-CLM-2025004638,2025-12-15,Comprehensive,IL,Phone,482.86,1802.78,Simple,86,No,No,90.4,5.8,96.2,Settled,,ADJ-141,2,,
IS-CLM-2025004639,2025-10-23,Comprehensive,TN,Phone,452.25,6058.98,Simple,63,Yes,No,25.4,8.7,34.1,Paid in Full,,ADJ-117,5,,
IS-CLM-2025004640,2025-10-23,Bodily Injury,WA,E-Portal,273.95,2343.13,Simple,63,No,No,5.0,4.1,9.0,Paid in Full,,ADJ-103,4,4.0,
IS-CLM-2025004641,2025-10-22,Collision,NC,Fax/EDI,405.65,884.88,Simple,53,No,No,23.4,6.2,29.6,Partial Payment,,ADJ-119,2,2.0,
IS-CLM-2025004642,2025-12-07,Property Damage,VA,E-Portal,297.81,2806.67,Simple,31,No,No,22.7,2.7,25.4,Partial Payment,,ADJ-135,3,4.0,No
IS-CLM-2025004643,2025-07-22,Property Damage,WA,E-Portal,286.09,2121.82,Simple,65,No,Yes,59.6,6.3,65.9,Paid in Full,,ADJ-119,4,3.0,
IS-CLM-2025004644,2025-07-04,Comprehensive,TN,Phone,568.33,1823.64,Simple,55,Yes,Yes,29.3,3.1,32.4,Denied,Filing deadline missed,ADJ-126,2,2.0,
IS-CLM-2025004645,2025-09-13,Comprehensive,FL,Phone,396.05,2798.64,Simple,71,No,No,7.1,5.6,12.6,Partial Payment,,ADJ-129,2,3.0,
IS-CLM-2025004646,2025-11-14,Collision,AZ,E-Portal,310.53,2432.82,Simple,46,No,Yes,106.6,4.2,110.8,Partial Payment,,ADJ-114,5,3.0,
IS-CLM-2025004647,2025-06-27,Liability,WA,E-Portal,212.9,3036.05,Simple,57,No,Yes,43.5,3.1,46.6,Paid in Full,,ADJ-116,2,,
IS-CLM-2025004648,2025-12-06,Bodily Injury,GA,E-Portal,859.14,85000.0,Complex,53,Yes,Yes,47.7,24.3,72.0,Partial Payment,,ADJ-134,15,2.0,Yes
IS-CLM-2025004649,2025-09-16,Comprehensive,TN,Phone,458.64,759.2,Simple,7,No,Yes,37.7,9.0,46.6,Denied,Policy lapsed,ADJ-131,5,3.0,
IS-CLM-2025004650,2025-12-05,Collision,IL,Phone,450.2,2299.99,Simple,99,Yes,No,143.4,4.6,148.0,Paid in Full,,ADJ-127,4,,
IS-CLM-2025004651,2025-12-03,Collision,TN,E-Portal,305.57,1856.49,Simple,52,No,Yes,38.0,6.1,44.1,Paid in Full,,ADJ-127,3,,
IS-CLM-2025004652,2025-09-25,Comprehensive,AZ,E-Portal,367.6,4706.14,Simple,44,No,No,91.2,4.0,95.3,Paid in Full,,ADJ-114,3,,
IS-CLM-2025004653,2025-10-08,Bodily Injury,NY,E-Portal,777.3,56933.81,Complex,22,Yes,Yes,116.6,32.1,148.7,Partial Payment,,ADJ-113,10,,
IS-CLM-2025004654,2025-12-02,Property Damage,NY,Fax/EDI,510.02,4143.02,Simple,72,Yes,No,67.3,7.8,75.1,Partial Payment,,ADJ-137,3,4.0,
IS-CLM-2025004655,2025-07-31,Collision,TX,E-Portal,354.17,1252.83,Simple,60,No,No,43.3,3.1,46.4,Paid in Full,,ADJ-113,1,4.0,
IS-CLM-2025004656,2025-11-21,Property Damage,FL,E-Portal,267.18,4293.98,Simple,34,No,No,7.7,7.2,14.9,Paid in Full,,ADJ-148,1,3.0,
IS-CLM-2025004657,2025-07-07,Comprehensive,AZ,Phone,597.2,3710.18,Simple,78,No,Yes,50.4,4.8,55.2,Denied,Exceeded policy limit,ADJ-129,3,,
IS-CLM-2025004658,2025-08-21,Bodily Injury,NY,E-Portal,651.84,19270.16,Complex,5,Yes,Yes,22.6,40.2,62.8,Partial Payment,,ADJ-131,11,4.0,Yes
IS-CLM-2025004659,2025-09-16,Liability,NJ,Fax/EDI,742.47,7784.12,Moderate,21,Yes,No,17.6,45.3,62.9,Paid in Full,,ADJ-143,5,3.0,
IS-CLM-2025004660,2025-10-27,Comprehensive,MD,E-Portal,348.41,2077.77,Simple,53,Yes,No,160.6,5.4,166.0,Settled,,ADJ-128,5,3.0,
IS-CLM-2025004661,2025-10-01,Comprehensive,IL,Phone,497.34,3843.88,Simple,48,No,No,39.7,5.9,45.6,Denied,Insufficient documentation,ADJ-150,3,3.0,
IS-CLM-2025004662,2025-07-23,Property Damage,MD,Fax/EDI,415.23,1647.31,Simple,56,Yes,No,45.3,6.8,52.1,Partial Payment,,ADJ-112,5,3.0,
IS-CLM-2025004663,2025-12-14,Collision,MO,E-Portal,929.35,10985.55,Complex,23,Yes,No,56.7,26.9,83.5,Settled,,ADJ-138,9,,
IS-CLM-2025004664,2025-08-31,Collision,FL,E-Portal,447.79,4338.17,Moderate,44,No,No,48.2,7.7,55.9,Settled,,ADJ-105,12,5.0,
IS-CLM-2025004665,2025-12-27,Collision,AZ,Phone,513.08,2164.72,Simple,40,No,Yes,10.0,12.8,22.8,Partial Payment,,ADJ-121,2,3.0,
IS-CLM-2025004666,2025-10-28,Liability,CA,Fax/EDI,979.46,10610.76,Complex,5,No,Yes,141.5,20.6,162.1,Denied,Pre-existing damage,ADJ-110,18,,
IS-CLM-2025004667,2025-09-05,Bodily Injury,MA,E-Portal,815.59,17960.48,Complex,33,Yes,Yes,65.9,33.6,99.5,Denied,Coverage exclusion,ADJ-105,13,2.0,
IS-CLM-2025004668,2025-12-13,Collision,MA,E-Portal,347.81,3296.24,Simple,54,No,No,10.0,6.8,16.7,Paid in Full,,ADJ-144,3,3.0,
IS-CLM-2025004669,2025-06-12,Collision,WA,Phone,1170.77,5038.37,Complex,54,Yes,No,84.6,19.4,104.0,Settled,,ADJ-122,5,,
IS-CLM-2025004670,2025-10-07,Liability,CA,Fax/EDI,626.28,17277.87,Moderate,36,Yes,Yes,39.0,24.9,63.8,Paid in Full,,ADJ-131,3,,
IS-CLM-2025004671,2025-10-05,Liability,GA,E-Portal,642.62,29750.86,Complex,40,Yes,Yes,13.9,22.8,36.6,Partial Payment,,ADJ-116,6,3.0,
IS-CLM-2025004672,2025-07-27,Property Damage,NJ,Fax/EDI,506.96,1474.59,Simple,65,No,No,44.1,5.5,49.6,Partial Payment,,ADJ-144,1,3.0,
IS-CLM-2025004673,2025-08-08,Collision,MI,Phone,347.21,2084.72,Simple,54,No,No,11.9,9.8,21.7,Partial Payment,,ADJ-119,2,,
IS-CLM-2025004674,2025-11-30,Collision,OH,Fax/EDI,1075.5,12795.8,Complex,45,Yes,Yes,17.7,47.2,64.9,Paid in Full,,ADJ-132,15,,
IS-CLM-2025004675,2025-08-26,Comprehensive,FL,Fax/EDI,442.31,5732.04,Simple,51,No,No,34.6,6.3,40.8,Partial Payment,,ADJ-126,5,,
IS-CLM-2025004676,2025-06-18,Bodily Injury,MI,Phone,854.71,9414.71,Moderate,75,Yes,No,98.5,17.2,115.7,Denied,Filing deadline missed,ADJ-127,9,2.0,
IS-CLM-2025004677,2025-09-16,Collision,TN,E-Portal,319.15,1109.33,Simple,93,No,Yes,3.0,6.4,9.4,Partial Payment,,ADJ-116,4,,
IS-CLM-2025004678,2025-08-01,Property Damage,AZ,Fax/EDI,1258.18,5210.44,Complex,24,Yes,No,19.3,39.1,58.3,Settled,,ADJ-121,6,,
IS-CLM-2025004679,2025-06-30,Liability,FL,Fax/EDI,924.49,27314.49,Complex,59,Yes,Yes,63.8,50.9,114.7,Pending Review,,ADJ-113,7,,
IS-CLM-2025004680,2025-09-04,Comprehensive,FL,Phone,889.55,6775.82,Moderate,39,Yes,No,6.5,5.1,11.6,Denied,Coverage exclusion,ADJ-138,5,1.0,
IS-CLM-2025004681,2025-07-08,Collision,TN,E-Portal,576.71,7053.78,Complex,20,Yes,No,125.3,67.1,192.4,Partial Payment,,ADJ-149,16,,
IS-CLM-2025004682,2025-10-27,Property Damage,MA,Phone,848.25,6796.57,Complex,14,Yes,No,53.2,59.8,113.0,Partial Payment,,ADJ-133,15,,
IS-CLM-2025004683,2025-09-13,Collision,OH,Phone,961.13,8846.16,Complex,38,Yes,No,50.0,26.1,76.1,Partial Payment,,ADJ-111,12,,
IS-CLM-2025004684,2025-08-06,Property Damage,OH,E-Portal,252.81,2019.68,Simple,64,No,No,8.8,5.0,13.8,Paid in Full,,ADJ-112,3,,
IS-CLM-2025004685,2025-12-05,Collision,FL,E-Portal,312.18,1857.98,Simple,79,Yes,No,46.3,6.5,52.8,Partial Payment,,ADJ-108,2,4.0,Yes
IS-CLM-2025004686,2025-09-12,Liability,WI,E-Portal,346.32,5627.64,Simple,62,No,No,22.3,2.0,24.3,Partial Payment,,ADJ-107,5,1.0,
IS-CLM-2025004687,2025-10-07,Property Damage,TN,E-Portal,382.35,7540.0,Moderate,64,No,No,124.4,15.8,140.2,Partial Payment,,ADJ-124,8,2.0,
IS-CLM-2025004688,2025-09-08,Collision,CA,E-Portal,334.02,1770.98,Simple,60,Yes,No,43.0,2.6,45.6,Paid in Full,,ADJ-127,2,5.0,
IS-CLM-2025004689,2025-09-29,Property Damage,OH,Phone,269.57,4193.36,Simple,83,No,No,45.1,8.9,54.0,Settled,,ADJ-126,5,,
IS-CLM-2025004690,2025-07-13,Bodily Injury,WA,E-Portal,731.97,16931.33,Complex,61,Yes,Yes,85.3,21.1,106.4,Settled,,ADJ-101,18,,
IS-CLM-2025004691,2025-06-10,Property Damage,OH,E-Portal,547.68,2933.37,Moderate,34,Yes,No,10.8,11.4,22.1,Settled,,ADJ-114,5,4.0,
IS-CLM-2025004692,2025-10-13,Collision,IL,Phone,454.87,1203.57,Simple,59,No,No,15.3,11.2,26.5,Paid in Full,,ADJ-125,2,,
IS-CLM-2025004693,2025-08-23,Collision,PA,E-Portal,472.71,4963.1,Moderate,72,Yes,No,75.8,57.7,133.5,Partial Payment,,ADJ-127,4,4.0,Yes
IS-CLM-2025004694,2025-10-10,Bodily Injury,PA,E-Portal,838.46,13578.08,Complex,17,Yes,Yes,76.4,45.1,121.5,Settled,,ADJ-144,18,3.0,
IS-CLM-2025004695,2025-11-20,Bodily Injury,WI,E-Portal,479.12,18171.71,Moderate,49,Yes,Yes,5.0,6.0,11.0,Paid in Full,,ADJ-105,11,4.0,
IS-CLM-2025004696,2025-11-14,Bodily Injury,FL,Phone,747.91,11375.54,Moderate,36,Yes,Yes,118.0,9.8,127.8,Partial Payment,,ADJ-133,4,2.0,
IS-CLM-2025004697,2025-12-21,Property Damage,WA,E-Portal,339.68,3311.45,Simple,99,No,No,39.5,3.1,42.6,Paid in Full,,ADJ-115,4,,
IS-CLM-2025004698,2025-11-05,Bodily Injury,NJ,Phone,1402.93,30474.24,Complex,5,Yes,Yes,16.6,16.9,33.5,Paid in Full,,ADJ-111,11,,
IS-CLM-2025004699,2025-08-23,Collision,WI,E-Portal,245.24,1885.81,Simple,60,No,No,6.0,4.8,10.8,Paid in Full,,ADJ-132,5,4.0,
IS-CLM-2025004700,2025-07-15,Collision,WA,Phone,347.26,607.5,Simple,69,No,No,88.3,5.7,94.0,Paid in Full,,ADJ-114,3,,
IS-CLM-2025004701,2025-07-21,Bodily Injury,NY,E-Portal,359.74,15565.06,Complex,55,Yes,Yes,91.5,43.7,135.2,Paid in Full,,ADJ-122,7,,
IS-CLM-2025004702,2025-09-23,Property Damage,VA,Fax/EDI,372.95,4137.87,Simple,99,No,No,29.3,5.7,35.1,Settled,,ADJ-122,1,,
IS-CLM-2025004703,2025-12-18,Liability,GA,E-Portal,291.6,1880.0,Simple,90,No,No,78.8,3.9,82.7,Denied,Exceeded policy limit,ADJ-105,2,,
IS-CLM-2025004704,2025-12-15,Collision,AZ,Fax/EDI,312.83,1801.3,Simple,60,No,Yes,195.4,10.7,206.1,Partial Payment,,ADJ-135,5,1.0,
IS-CLM-2025004705,2025-08-31,Collision,IL,Phone,692.22,1708.85,Simple,93,No,No,77.9,7.1,85.0,Partial Payment,,ADJ-133,5,,
IS-CLM-2025004706,2025-06-02,Collision,FL,Fax/EDI,686.08,2568.69,Moderate,44,Yes,No,7.3,9.4,16.8,Partial Payment,,ADJ-132,9,3.0,Yes
IS-CLM-2025004707,2025-06-23,Liability,GA,Fax/EDI,967.81,18695.44,Complex,20,Yes,Yes,71.1,37.5,108.6,Partial Payment,,ADJ-129,11,,
IS-CLM-2025004708,2025-07-06,Collision,IN,Fax/EDI,467.74,1945.75,Simple,31,Yes,No,48.9,9.2,58.0,Paid in Full,,ADJ-149,4,4.0,
IS-CLM-2025004709,2025-10-24,Property Damage,VA,Phone,477.03,958.06,Simple,67,No,No,39.5,7.9,47.4,Denied,Pre-existing damage,ADJ-102,2,2.0,
IS-CLM-2025004710,2025-10-22,Comprehensive,NC,Fax/EDI,408.66,3282.27,Simple,47,No,No,43.3,4.1,47.4,Partial Payment,,ADJ-117,3,2.0,
IS-CLM-2025004711,2025-12-25,Comprehensive,TN,E-Portal,275.93,1604.39,Simple,45,Yes,No,52.5,5.6,58.0,Paid in Full,,ADJ-135,4,4.0,
IS-CLM-2025004712,2025-08-27,Bodily Injury,CA,Fax/EDI,682.15,11585.93,Moderate,68,No,Yes,57.2,23.1,80.3,Paid in Full,,ADJ-146,12,,No
IS-CLM-2025004713,2025-11-26,Collision,MI,Phone,454.87,1494.09,Simple,99,No,No,8.2,4.5,12.8,Paid in Full,,ADJ-133,2,5.0,
IS-CLM-2025004714,2025-07-24,Comprehensive,WI,Phone,307.19,1146.48,Simple,52,No,No,33.7,2.4,36.1,Paid in Full,,ADJ-149,5,,
IS-CLM-2025004715,2025-09-07,Collision,CA,Phone,781.76,5825.24,Moderate,31,Yes,No,86.4,25.9,112.3,Denied,Policy lapsed,ADJ-141,10,1.0,
IS-CLM-2025004716,2025-09-07,Bodily Injury,NY,Fax/EDI,515.13,11656.31,Moderate,41,Yes,Yes,118.1,14.0,132.1,Partial Payment,,ADJ-103,11,2.0,
IS-CLM-2025004717,2025-06-11,Collision,MD,E-Portal,489.29,5314.59,Moderate,63,Yes,No,5.0,19.3,24.3,Settled,,ADJ-115,6,3.0,
IS-CLM-2025004718,2025-10-19,Bodily Injury,NY,Phone,1258.82,54983.97,Complex,60,Yes,Yes,71.3,48.2,119.5,Paid in Full,,ADJ-137,14,4.0,
IS-CLM-2025004719,2025-10-01,Bodily Injury,TN,E-Portal,940.5,47601.89,Complex,28,Yes,Yes,212.8,37.2,250.0,Paid in Full,,ADJ-129,8,4.0,
IS-CLM-2025004720,2025-08-04,Liability,IN,Fax/EDI,271.72,7937.29,Simple,76,No,No,3.0,6.1,9.1,Settled,,ADJ-130,1,3.0,
IS-CLM-2025004721,2025-11-26,Comprehensive,CA,Fax/EDI,404.66,437.92,Simple,56,No,No,26.0,6.2,32.2,Partial Payment,,ADJ-119,2,3.0,
IS-CLM-2025004722,2025-10-04,Collision,MA,Fax/EDI,478.88,1698.98,Simple,44,No,No,6.5,15.9,22.4,Paid in Full,,ADJ-139,2,4.0,
IS-CLM-2025004723,2025-08-04,Bodily Injury,WA,E-Portal,629.47,6394.47,Moderate,35,No,No,11.2,5.0,16.2,Paid in Full,,ADJ-136,11,4.0,
IS-CLM-2025004724,2025-08-01,Bodily Injury,TX,E-Portal,770.56,30743.13,Complex,44,Yes,No,64.4,15.9,80.3,Partial Payment,,ADJ-104,18,2.0,
IS-CLM-2025004725,2025-07-25,Collision,NY,Phone,640.79,5096.44,Moderate,46,No,No,5.0,8.0,13.0,Paid in Full,,ADJ-127,5,3.0,
IS-CLM-2025004726,2025-10-05,Collision,IN,Phone,502.84,2110.54,Simple,76,No,No,8.4,3.9,12.3,Partial Payment,,ADJ-120,1,,
IS-CLM-2025004727,2025-12-17,Collision,NJ,E-Portal,266.22,1496.73,Simple,90,No,No,17.0,3.5,20.5,Paid in Full,,ADJ-130,1,3.0,
IS-CLM-2025004728,2025-06-19,Property Damage,WI,Fax/EDI,672.16,19553.07,Complex,11,No,No,84.7,73.4,158.1,Paid in Full,,ADJ-134,13,,
IS-CLM-2025004729,2025-08-05,Bodily Injury,AZ,E-Portal,599.46,14513.45,Complex,25,Yes,No,19.9,25.0,44.9,Partial Payment,,ADJ-132,9,2.0,
IS-CLM-2025004730,2025-09-11,Liability,WI,Phone,1156.83,13614.57,Complex,49,Yes,No,154.9,50.6,205.5,Settled,,ADJ-118,6,3.0,No
IS-CLM-2025004731,2025-10-26,Property Damage,IN,Fax/EDI,588.19,8829.45,Simple,64,No,Yes,3.0,3.9,6.9,Denied,Fraud suspected,ADJ-107,2,,
IS-CLM-2025004732,2025-08-29,Comprehensive,NJ,Phone,682.25,4377.46,Moderate,49,Yes,No,163.0,10.6,173.6,Settled,,ADJ-146,5,3.0,
IS-CLM-2025004733,2025-06-18,Property Damage,NY,Fax/EDI,383.93,6150.02,Simple,77,No,No,6.2,5.5,11.6,Partial Payment,,ADJ-149,3,,
IS-CLM-2025004734,2025-12-09,Comprehensive,CA,E-Portal,429.51,2795.34,Moderate,37,Yes,No,65.3,36.3,101.6,Paid in Full,,ADJ-105,5,4.0,
IS-CLM-2025004735,2025-09-23,Liability,WA,E-Portal,447.97,5961.02,Moderate,26,No,No,5.0,12.4,17.4,Paid in Full,,ADJ-149,5,4.0,Yes
IS-CLM-2025004736,2025-10-17,Property Damage,MD,E-Portal,347.6,2674.92,Simple,69,No,No,12.7,1.7,14.3,Partial Payment,,ADJ-128,1,,No
IS-CLM-2025004737,2025-09-08,Bodily Injury,IL,E-Portal,692.35,10214.91,Complex,41,Yes,Yes,33.8,27.0,60.9,Denied,Pre-existing damage,ADJ-105,8,,
IS-CLM-2025004738,2025-08-19,Liability,CA,Phone,612.03,9840.3,Moderate,60,Yes,No,7.6,14.8,22.4,Paid in Full,,ADJ-131,11,3.0,
IS-CLM-2025004739,2025-09-27,Collision,NJ,Fax/EDI,886.16,9177.85,Complex,33,Yes,No,29.3,14.6,43.8,Pending Review,,ADJ-134,6,,
IS-CLM-2025004740,2025-09-13,Collision,GA,E-Portal,575.39,9752.97,Moderate,19,No,No,6.1,4.7,10.8,Partial Payment,,ADJ-141,12,,
IS-CLM-2025004741,2025-12-27,Property Damage,MD,Fax/EDI,700.35,8207.96,Moderate,76,Yes,No,5.6,11.4,17.0,Paid in Full,,ADJ-116,11,4.0,
IS-CLM-2025004742,2025-06-02,Bodily Injury,MA,Phone,804.36,31719.99,Moderate,85,Yes,Yes,144.6,13.9,158.5,Denied,Filing deadline missed,ADJ-108,6,3.0,
IS-CLM-2025004743,2025-06-27,Liability,FL,Fax/EDI,423.36,5854.29,Simple,53,No,No,77.1,6.5,83.6,Paid in Full,,ADJ-129,4,4.0,
IS-CLM-2025004744,2025-09-24,Comprehensive,MA,Phone,624.16,12388.47,Moderate,51,No,Yes,59.8,43.8,103.6,Partial Payment,,ADJ-143,11,3.0,
IS-CLM-2025004745,2025-07-05,Collision,TX,Phone,797.87,4344.63,Moderate,60,Yes,No,6.2,17.9,24.1,Paid in Full,,ADJ-129,8,,
IS-CLM-2025004746,2025-08-09,Property Damage,TX,Phone,504.19,3076.47,Simple,81,No,Yes,41.0,6.7,47.7,Paid in Full,,ADJ-101,2,3.0,
IS-CLM-2025004747,2025-09-05,Comprehensive,MD,Fax/EDI,540.74,11607.05,Moderate,24,Yes,Yes,120.3,18.8,139.1,Settled,,ADJ-142,5,3.0,
IS-CLM-2025004748,2025-10-31,Collision,MA,Fax/EDI,444.6,4371.52,Simple,86,Yes,No,3.0,5.2,8.2,Partial Payment,,ADJ-149,4,2.0,
IS-CLM-2025004749,2025-09-12,Bodily Injury,NJ,Fax/EDI,739.15,18865.22,Moderate,44,Yes,Yes,162.0,18.2,180.2,Paid in Full,,ADJ-145,8,3.0,
IS-CLM-2025004750,2025-12-08,Collision,NJ,E-Portal,617.65,11345.72,Moderate,5,Yes,Yes,147.7,22.7,170.4,Partial Payment,,ADJ-123,10,,
IS-CLM-2025004751,2025-12-24,Collision,NJ,Fax/EDI,692.26,4492.56,Moderate,26,No,No,105.0,16.7,121.7,Settled,,ADJ-110,8,2.0,
IS-CLM-2025004752,2025-09-16,Property Damage,WA,Fax/EDI,423.6,5727.43,Simple,71,Yes,No,53.5,3.4,56.9,Denied,Fraud suspected,ADJ-107,1,,
IS-CLM-2025004753,2025-08-20,Collision,TN,E-Portal,348.5,3408.91,Simple,77,No,No,67.1,5.7,72.7,Partial Payment,,ADJ-105,3,3.0,
IS-CLM-2025004754,2025-08-13,Comprehensive,TN,E-Portal,509.21,16748.44,Complex,52,Yes,No,8.0,39.1,47.1,Paid in Full,,ADJ-149,18,,
IS-CLM-2025004755,2025-10-15,Comprehensive,CA,E-Portal,384.02,6219.82,Moderate,50,Yes,No,110.6,18.2,128.9,Denied,Policy lapsed,ADJ-105,12,3.0,Yes
IS-CLM-2025004756,2025-09-20,Property Damage,VA,E-Portal,398.17,3958.42,Moderate,52,Yes,No,58.8,19.1,77.8,Settled,,ADJ-133,9,4.0,
IS-CLM-2025004757,2025-11-08,Collision,NJ,Phone,558.62,1671.83,Simple,64,No,No,29.9,5.6,35.5,Paid in Full,,ADJ-145,2,,
IS-CLM-2025004758,2025-12-17,Bodily Injury,MO,Fax/EDI,757.75,15261.6,Moderate,32,Yes,No,43.3,16.6,59.9,Paid in Full,,ADJ-109,7,,
IS-CLM-2025004759,2025-09-24,Bodily Injury,TX,E-Portal,366.78,4669.99,Simple,47,No,No,3.0,3.3,6.3,Paid in Full,,ADJ-131,5,,No
IS-CLM-2025004760,2025-11-11,Bodily Injury,PA,Fax/EDI,498.75,8379.71,Moderate,48,Yes,No,73.3,13.3,86.6,Paid in Full,,ADJ-141,6,,Yes
IS-CLM-2025004761,2025-08-08,Collision,PA,Phone,452.34,1613.78,Simple,28,No,No,30.7,3.0,33.7,Paid in Full,,ADJ-148,4,,
IS-CLM-2025004762,2025-12-01,Collision,IN,E-Portal,290.96,3956.56,Simple,57,No,No,49.2,7.1,56.3,Paid in Full,,ADJ-117,4,5.0,
IS-CLM-2025004763,2025-12-24,Collision,IL,Fax/EDI,523.35,4272.03,Simple,58,No,No,55.8,10.2,66.0,Partial Payment,,ADJ-102,2,,
IS-CLM-2025004764,2025-08-28,Property Damage,NC,Phone,448.57,2837.6,Simple,61,No,No,18.5,2.5,21.1,Paid in Full,,ADJ-127,5,4.0,
IS-CLM-2025004765,2025-07-19,Comprehensive,NY,Fax/EDI,352.92,1082.04,Simple,99,Yes,No,85.7,4.3,90.0,Paid in Full,,ADJ-118,1,,
IS-CLM-2025004766,2025-11-30,Property Damage,IL,Fax/EDI,982.06,15641.92,Complex,27,Yes,Yes,47.9,46.8,94.7,Pending Review,,ADJ-149,16,,
IS-CLM-2025004767,2025-12-13,Liability,AZ,Phone,873.93,4662.42,Moderate,41,Yes,No,99.5,9.4,108.9,Paid in Full,,ADJ-107,11,4.0,
IS-CLM-2025004768,2025-08-27,Liability,MI,E-Portal,696.0,5160.1,Moderate,28,No,No,54.0,28.3,82.3,Paid in Full,,ADJ-121,11,,
IS-CLM-2025004769,2025-08-01,Property Damage,FL,Fax/EDI,653.94,17863.83,Complex,14,Yes,Yes,42.8,23.7,66.5,Settled,,ADJ-123,11,3.0,
IS-CLM-2025004770,2025-07-22,Bodily Injury,IL,E-Portal,412.79,3261.26,Simple,78,No,No,43.0,2.6,45.7,Paid in Full,,ADJ-143,3,,No
IS-CLM-2025004771,2025-06-03,Collision,NJ,E-Portal,471.18,4706.11,Moderate,24,Yes,No,22.3,10.2,32.6,Paid in Full,,ADJ-125,8,4.0,
IS-CLM-2025004772,2025-09-18,Bodily Injury,IN,E-Portal,649.66,11668.02,Moderate,9,Yes,Yes,82.7,9.0,91.7,Denied,Policy lapsed,ADJ-148,8,1.0,
IS-CLM-2025004773,2025-09-15,Property Damage,IL,Fax/EDI,820.94,13860.4,Moderate,36,Yes,Yes,51.7,21.5,73.2,Denied,Exceeded policy limit,ADJ-119,6,2.0,
IS-CLM-2025004774,2025-09-07,Bodily Injury,TX,E-Portal,437.44,9439.29,Moderate,32,Yes,No,5.0,34.0,39.0,Paid in Full,,ADJ-114,3,4.0,
IS-CLM-2025004775,2025-09-01,Collision,MO,E-Portal,753.03,18883.48,Complex,13,Yes,No,111.1,84.2,195.3,Paid in Full,,ADJ-126,12,,
IS-CLM-2025004776,2025-11-18,Liability,OH,E-Portal,227.77,1045.95,Simple,67,Yes,No,48.7,2.7,51.5,Paid in Full,,ADJ-102,5,4.0,
IS-CLM-2025004777,2025-06-11,Collision,NY,E-Portal,261.5,1432.0,Simple,99,No,No,106.7,5.8,112.5,Paid in Full,,ADJ-110,5,,
IS-CLM-2025004778,2025-07-31,Collision,OH,E-Portal,354.28,2709.99,Simple,76,No,No,82.3,4.0,86.3,Denied,Fraud suspected,ADJ-119,4,1.0,
IS-CLM-2025004779,2025-06-21,Collision,FL,E-Portal,279.15,1416.3,Simple,78,No,No,41.4,3.5,44.9,Paid in Full,,ADJ-142,2,,
IS-CLM-2025004780,2025-11-22,Bodily Injury,TX,Phone,1144.78,49098.09,Complex,33,Yes,No,82.5,39.6,122.1,Pending Review,,ADJ-125,11,,
IS-CLM-2025004781,2025-09-05,Comprehensive,TN,E-Portal,346.34,1595.74,Simple,77,No,Yes,65.3,7.4,72.7,Paid in Full,,ADJ-121,3,4.0,
IS-CLM-2025004782,2025-12-10,Collision,CA,E-Portal,278.85,959.0,Simple,51,No,No,51.2,11.0,62.2,Paid in Full,,ADJ-125,2,3.0,
IS-CLM-2025004783,2025-10-26,Collision,MI,Phone,424.92,1597.37,Simple,84,Yes,No,93.6,4.5,98.1,Paid in Full,,ADJ-120,5,3.0,
IS-CLM-2025004784,2025-06-10,Property Damage,AZ,Phone,591.24,3654.55,Simple,59,No,No,161.5,4.2,165.7,Paid in Full,,ADJ-104,2,,No
IS-CLM-2025004785,2025-06-02,Comprehensive,NJ,E-Portal,350.35,2566.65,Moderate,16,Yes,No,66.5,14.3,80.9,Paid in Full,,ADJ-117,12,,
IS-CLM-2025004786,2025-07-22,Bodily Injury,IN,E-Portal,445.89,2552.98,Moderate,5,No,No,90.2,21.4,111.6,Partial Payment,,ADJ-109,7,3.0,
IS-CLM-2025004787,2025-06-07,Collision,TN,E-Portal,232.16,2092.03,Simple,54,No,No,85.1,4.7,89.8,Denied,Filing deadline missed,ADJ-115,2,,
IS-CLM-2025004788,2025-09-19,Collision,MI,Fax/EDI,437.53,9840.27,Simple,40,No,No,25.9,9.2,35.1,Denied,Policy lapsed,ADJ-150,5,3.0,
IS-CLM-2025004789,2025-08-28,Liability,NC,E-Portal,449.63,9076.46,Moderate,35,No,Yes,122.1,5.3,127.4,Settled,,ADJ-105,3,,
IS-CLM-2025004790,2025-12-11,Liability,IL,E-Portal,346.63,2958.96,Simple,72,No,No,87.3,6.5,93.8,Partial Payment,,ADJ-143,1,,
IS-CLM-2025004791,2025-11-11,Property Damage,CA,E-Portal,742.31,39876.15,Complex,11,Yes,Yes,98.1,62.2,160.4,Settled,,ADJ-135,10,3.0,
IS-CLM-2025004792,2025-07-27,Bodily Injury,OH,Fax/EDI,997.05,76280.79,Complex,24,Yes,Yes,40.1,103.4,143.5,Partial Payment,,ADJ-130,14,,
IS-CLM-2025004793,2025-08-31,Collision,NC,E-Portal,279.08,2407.17,Simple,89,Yes,No,40.9,8.3,49.2,Paid in Full,,ADJ-136,2,2.0,
IS-CLM-2025004794,2025-12-12,Collision,WI,Phone,447.52,5330.64,Simple,99,Yes,No,13.4,6.4,19.8,Paid in Full,,ADJ-143,5,4.0,
IS-CLM-2025004795,2025-12-19,Property Damage,IL,Fax/EDI,503.92,2045.47,Moderate,46,No,No,30.7,26.4,57.1,Settled,,ADJ-109,4,,
IS-CLM-2025004796,2025-09-09,Comprehensive,MO,E-Portal,768.58,5686.18,Complex,45,Yes,Yes,117.4,24.2,141.6,Pending Review,,ADJ-103,18,,
IS-CLM-2025004797,2025-06-15,Bodily Injury,MA,E-Portal,393.0,9195.47,Moderate,57,No,No,5.4,11.7,17.1,Settled,,ADJ-148,12,3.0,
IS-CLM-2025004798,2025-11-01,Bodily Injury,NJ,E-Portal,609.76,2290.61,Moderate,46,Yes,No,22.6,15.7,38.4,Settled,,ADJ-149,5,5.0,No
IS-CLM-2025004799,2025-12-07,Collision,IL,E-Portal,225.18,2428.67,Simple,56,No,No,3.6,11.5,15.1,Partial Payment,,ADJ-116,5,3.0,
IS-CLM-2025004800,2025-08-12,Collision,NJ,Phone,619.96,4537.33,Moderate,99,No,No,7.5,7.3,14.7,Denied,Insufficient documentation,ADJ-115,10,,
IS-CLM-2025004801,2025-08-30,Comprehensive,NC,Phone,1196.65,16859.83,Complex,39,Yes,No,70.7,24.2,94.9,Settled,,ADJ-136,17,3.0,
IS-CLM-2025004802,2025-10-13,Bodily Injury,CA,E-Portal,286.07,15734.26,Moderate,61,No,Yes,50.5,19.8,70.3,Pending Review,,ADJ-141,7,,
IS-CLM-2025004803,2025-08-13,Property Damage,MO,Fax/EDI,408.0,13455.84,Moderate,49,Yes,Yes,73.2,31.1,104.3,Denied,Insufficient documentation,ADJ-121,3,4.0,
IS-CLM-2025004804,2025-06-15,Property Damage,NC,E-Portal,546.25,3024.98,Moderate,22,Yes,Yes,69.7,7.4,77.1,Paid in Full,,ADJ-138,3,,
IS-CLM-2025004805,2025-07-01,Comprehensive,MO,E-Portal,569.37,4843.59,Moderate,5,Yes,Yes,80.9,16.3,97.2,Paid in Full,,ADJ-104,10,3.0,
IS-CLM-2025004806,2025-08-05,Comprehensive,MA,E-Portal,496.25,6757.14,Moderate,36,Yes,No,81.3,18.1,99.4,Partial Payment,,ADJ-105,10,2.0,
IS-CLM-2025004807,2025-08-04,Bodily Injury,CA,E-Portal,302.28,4004.07,Simple,63,No,No,102.7,5.4,108.2,Paid in Full,,ADJ-144,5,,
IS-CLM-2025004808,2025-10-14,Comprehensive,AZ,Fax/EDI,340.41,1413.17,Simple,78,No,No,3.0,7.0,10.0,Paid in Full,,ADJ-150,3,3.0,
IS-CLM-2025004809,2025-09-12,Comprehensive,AZ,E-Portal,282.63,1572.1,Simple,74,No,No,3.0,7.0,10.0,Partial Payment,,ADJ-104,3,,
IS-CLM-2025004810,2025-12-21,Bodily Injury,MA,E-Portal,423.27,7186.12,Moderate,20,Yes,No,50.2,13.7,63.9,Denied,Fraud suspected,ADJ-101,6,3.0,
IS-CLM-2025004811,2025-10-31,Collision,OH,E-Portal,314.65,885.75,Simple,10,Yes,No,3.0,3.4,6.4,Denied,Policy lapsed,ADJ-135,5,,No
IS-CLM-2025004812,2025-06-02,Property Damage,NJ,E-Portal,439.14,12482.0,Moderate,33,Yes,Yes,102.3,17.0,119.3,Paid in Full,,ADJ-126,3,4.0,
IS-CLM-2025004813,2025-11-03,Collision,VA,E-Portal,281.41,1143.78,Simple,73,No,No,17.4,3.1,20.5,Partial Payment,,ADJ-128,4,1.0,
IS-CLM-2025004814,2025-10-22,Comprehensive,TX,Fax/EDI,276.84,1022.4,Simple,71,No,No,85.2,15.0,100.2,Settled,,ADJ-134,1,4.0,
IS-CLM-2025004815,2025-07-09,Comprehensive,NC,E-Portal,201.02,1921.94,Simple,62,No,Yes,15.6,2.2,17.8,Paid in Full,,ADJ-125,3,4.0,
IS-CLM-2025004816,2025-10-10,Property Damage,GA,E-Portal,524.81,7809.6,Moderate,75,Yes,No,9.3,10.4,19.7,Denied,Fraud suspected,ADJ-149,8,3.0,
IS-CLM-2025004817,2025-09-02,Property Damage,PA,Phone,797.93,3944.81,Moderate,17,No,No,33.9,6.4,40.3,Paid in Full,,ADJ-134,11,,
IS-CLM-2025004818,2025-07-19,Comprehensive,IL,Phone,552.99,727.5,Simple,70,No,No,3.0,9.9,12.9,Paid in Full,,ADJ-116,3,,
IS-CLM-2025004819,2025-06-08,Collision,FL,Fax/EDI,432.55,1834.7,Simple,99,No,No,6.9,6.0,12.9,Partial Payment,,ADJ-147,3,3.0,
IS-CLM-2025004820,2025-08-24,Collision,NC,Phone,363.9,4140.44,Simple,60,No,No,33.5,2.8,36.2,Paid in Full,,ADJ-130,1,5.0,
IS-CLM-2025004821,2025-10-29,Bodily Injury,WA,Phone,1095.41,17311.69,Complex,26,Yes,No,30.0,28.5,58.5,Denied,Filing deadline missed,ADJ-125,18,2.0,
IS-CLM-2025004822,2025-10-01,Comprehensive,MD,Fax/EDI,1221.41,12370.54,Complex,5,Yes,Yes,124.0,51.1,175.1,Settled,,ADJ-103,15,3.0,Yes
IS-CLM-2025004823,2025-11-23,Comprehensive,NC,Phone,401.8,2273.75,Simple,59,No,No,134.0,7.6,141.6,Paid in Full,,ADJ-147,5,4.0,
IS-CLM-2025004824,2025-06-14,Comprehensive,IN,E-Portal,282.58,1578.36,Simple,77,Yes,No,58.7,5.8,64.5,Paid in Full,,ADJ-132,3,4.0,
IS-CLM-2025004825,2025-11-11,Collision,NC,E-Portal,226.86,1407.12,Simple,39,Yes,No,61.6,5.8,67.4,Denied,Policy lapsed,ADJ-144,5,,No
IS-CLM-2025004826,2025-10-08,Comprehensive,MD,E-Portal,270.38,1510.33,Simple,83,No,No,76.4,3.9,80.3,Paid in Full,,ADJ-128,5,4.0,No
IS-CLM-2025004827,2025-09-08,Collision,VA,E-Portal,438.73,4348.49,Moderate,17,Yes,No,19.3,17.1,36.4,Settled,,ADJ-120,4,5.0,
IS-CLM-2025004828,2025-08-07,Property Damage,MO,E-Portal,433.09,4540.29,Moderate,65,Yes,No,71.6,17.9,89.5,Denied,Insufficient documentation,ADJ-108,5,1.0,
IS-CLM-2025004829,2025-12-25,Bodily Injury,MA,Fax/EDI,416.13,6134.73,Simple,87,No,No,23.9,6.5,30.4,Denied,Policy lapsed,ADJ-150,5,,
IS-CLM-2025004830,2025-07-13,Property Damage,MA,Fax/EDI,768.17,11047.14,Complex,20,Yes,Yes,46.8,32.0,78.8,Pending Review,,ADJ-133,10,,Yes
IS-CLM-2025004831,2025-07-13,Bodily Injury,NC,Fax/EDI,761.57,48312.33,Complex,46,Yes,No,149.3,14.1,163.4,Pending Review,,ADJ-102,15,,
IS-CLM-2025004832,2025-06-26,Liability,MI,E-Portal,475.33,3941.04,Moderate,5,Yes,No,23.3,22.0,45.3,Paid in Full,,ADJ-124,6,4.0,
IS-CLM-2025004833,2025-07-29,Liability,TX,Fax/EDI,571.36,5929.42,Moderate,5,Yes,No,33.4,27.6,61.0,Partial Payment,,ADJ-108,11,1.0,
IS-CLM-2025004834,2025-10-23,Property Damage,AZ,E-Portal,459.28,4390.95,Moderate,27,Yes,No,72.0,27.2,99.3,Paid in Full,,ADJ-140,7,4.0,
IS-CLM-2025004835,2025-11-29,Collision,NY,Phone,479.83,1065.6,Simple,43,No,No,3.1,3.0,6.0,Paid in Full,,ADJ-148,3,4.0,
IS-CLM-2025004836,2025-09-22,Comprehensive,MI,E-Portal,670.59,11482.99,Complex,34,Yes,Yes,65.0,34.6,99.5,Partial Payment,,ADJ-108,5,,
IS-CLM-2025004837,2025-08-19,Property Damage,TX,E-Portal,582.53,14729.48,Complex,5,No,No,55.4,39.7,95.1,Denied,Fraud suspected,ADJ-148,7,2.0,
IS-CLM-2025004838,2025-10-22,Collision,IN,Fax/EDI,562.23,3774.65,Moderate,53,Yes,Yes,59.6,29.8,89.5,Paid in Full,,ADJ-114,7,4.0,
IS-CLM-2025004839,2025-10-29,Collision,MA,Fax/EDI,984.21,8234.86,Complex,90,Yes,No,120.7,34.3,155.0,Denied,Pre-existing damage,ADJ-124,6,,
IS-CLM-2025004840,2025-11-12,Collision,WA,Phone,396.02,1607.15,Simple,99,No,No,36.1,3.3,39.4,Settled,,ADJ-121,3,2.0,
IS-CLM-2025004841,2025-09-02,Bodily Injury,IN,Phone,448.57,3075.84,Simple,45,No,No,44.2,10.4,54.6,Paid in Full,,ADJ-143,2,,
IS-CLM-2025004842,2025-10-02,Comprehensive,FL,Phone,1099.1,19063.22,Complex,17,Yes,Yes,28.0,33.7,61.7,Denied,Fraud suspected,ADJ-148,16,1.0,
IS-CLM-2025004843,2025-11-13,Comprehensive,WI,E-Portal,237.8,1187.44,Simple,79,No,Yes,3.0,4.0,7.0,Paid in Full,,ADJ-121,2,,
IS-CLM-2025004844,2025-06-01,Comprehensive,NY,Phone,843.1,10521.68,Moderate,41,No,Yes,60.7,16.1,76.8,Partial Payment,,ADJ-117,3,,
IS-CLM-2025004845,2025-07-11,Collision,MI,Fax/EDI,367.19,433.09,Simple,77,No,No,41.9,14.3,56.2,Denied,Coverage exclusion,ADJ-113,1,1.0,
IS-CLM-2025004846,2025-09-10,Bodily Injury,MA,Phone,947.11,33154.09,Complex,50,Yes,Yes,10.2,99.5,109.7,Paid in Full,,ADJ-101,12,3.0,
IS-CLM-2025004847,2025-07-10,Bodily Injury,MD,Fax/EDI,433.33,3010.17,Simple,70,No,No,62.0,6.2,68.1,Paid in Full,,ADJ-107,4,4.0,
IS-CLM-2025004848,2025-12-07,Collision,VA,Fax/EDI,345.83,1212.73,Simple,61,No,No,60.6,3.8,64.3,Paid in Full,,ADJ-145,4,3.0,
IS-CLM-2025004849,2025-12-02,Comprehensive,WA,Fax/EDI,354.91,1907.14,Simple,57,No,No,8.7,3.2,11.9,Denied,Fraud suspected,ADJ-132,4,3.0,
IS-CLM-2025004850,2025-07-05,Liability,IL,Fax/EDI,556.95,4677.24,Moderate,42,Yes,No,86.2,27.8,114.1,Settled,,ADJ-123,7,3.0,
IS-CLM-2025004851,2025-06-19,Comprehensive,AZ,E-Portal,496.8,4610.89,Moderate,37,No,No,49.0,12.7,61.7,Paid in Full,,ADJ-120,9,4.0,
IS-CLM-2025004852,2025-10-02,Collision,PA,E-Portal,591.1,5658.26,Complex,47,Yes,No,146.9,43.3,190.2,Partial Payment,,ADJ-130,13,2.0,
IS-CLM-2025004853,2025-11-15,Property Damage,TX,E-Portal,333.34,5030.2,Simple,99,No,No,23.0,5.8,28.8,Denied,Insufficient documentation,ADJ-121,3,1.0,
IS-CLM-2025004854,2025-12-26,Liability,IL,Fax/EDI,1286.85,16639.74,Complex,40,Yes,Yes,139.4,37.9,177.3,Paid in Full,,ADJ-145,14,,Yes
IS-CLM-2025004855,2025-09-29,Bodily Injury,GA,E-Portal,263.14,3552.74,Simple,77,Yes,No,78.1,3.2,81.3,Paid in Full,,ADJ-104,4,4.0,
IS-CLM-2025004856,2025-09-20,Comprehensive,AZ,E-Portal,292.53,3659.42,Simple,66,No,Yes,9.2,3.1,12.2,Paid in Full,,ADJ-141,2,3.0,
IS-CLM-2025004857,2025-11-08,Comprehensive,NY,Fax/EDI,512.94,2895.17,Moderate,57,Yes,No,93.8,24.2,118.0,Paid in Full,,ADJ-115,8,4.0,
IS-CLM-2025004858,2025-07-13,Property Damage,IN,Fax/EDI,758.87,9894.81,Moderate,72,No,No,86.4,18.1,104.6,Settled,,ADJ-124,11,,
IS-CLM-2025004859,2025-08-01,Liability,IN,Phone,338.09,1685.5,Simple,18,No,No,37.5,4.9,42.4,Denied,Policy lapsed,ADJ-129,5,,
IS-CLM-2025004860,2025-11-15,Collision,MO,Fax/EDI,713.58,2416.65,Moderate,39,Yes,No,25.8,29.3,55.1,Denied,Policy lapsed,ADJ-121,4,2.0,
IS-CLM-2025004861,2025-06-03,Bodily Injury,MI,Phone,463.43,5521.01,Simple,56,No,No,5.9,1.2,7.1,Paid in Full,,ADJ-111,5,,
IS-CLM-2025004862,2025-06-10,Bodily Injury,MO,Phone,891.45,8529.97,Moderate,17,Yes,Yes,44.5,18.3,62.7,Denied,Filing deadline missed,ADJ-150,6,2.0,
IS-CLM-2025004863,2025-11-20,Comprehensive,WI,Fax/EDI,439.04,2244.83,Simple,46,No,No,23.8,4.0,27.8,Paid in Full,,ADJ-142,2,,
IS-CLM-2025004864,2025-08-21,Bodily Injury,MO,Fax/EDI,585.99,41580.89,Moderate,48,Yes,No,41.1,14.6,55.8,Denied,Filing deadline missed,ADJ-103,9,,
IS-CLM-2025004865,2025-08-25,Bodily Injury,MI,Phone,566.09,4706.0,Simple,18,No,No,10.5,8.5,19.0,Denied,Fraud suspected,ADJ-149,4,,
IS-CLM-2025004866,2025-09-01,Comprehensive,FL,Phone,471.29,1181.78,Simple,56,No,No,27.5,5.0,32.5,Settled,,ADJ-117,5,4.0,
IS-CLM-2025004867,2025-06-18,Collision,IL,Fax/EDI,520.17,1326.4,Simple,43,No,No,30.2,4.7,34.9,Paid in Full,,ADJ-117,3,4.0,No
IS-CLM-2025004868,2025-06-06,Property Damage,FL,Fax/EDI,425.3,1916.24,Simple,55,No,No,55.9,2.4,58.4,Paid in Full,,ADJ-108,2,,
IS-CLM-2025004869,2025-09-15,Property Damage,FL,E-Portal,575.08,3144.79,Moderate,26,No,No,13.6,22.0,35.7,Paid in Full,,ADJ-110,9,,
IS-CLM-2025004870,2025-08-03,Comprehensive,PA,E-Portal,250.23,2894.72,Simple,43,Yes,No,19.5,6.4,25.9,Settled,,ADJ-117,4,4.0,
IS-CLM-2025004871,2025-11-21,Bodily Injury,IN,Phone,848.65,15963.7,Moderate,33,Yes,Yes,5.0,33.0,38.0,Paid in Full,,ADJ-138,10,4.0,
IS-CLM-2025004872,2025-10-21,Comprehensive,MO,Fax/EDI,1062.88,9822.14,Complex,7,Yes,No,73.9,31.7,105.6,Settled,,ADJ-143,9,1.0,Yes
IS-CLM-2025004873,2025-12-14,Bodily Injury,NJ,Phone,942.22,4448.9,Moderate,17,No,No,12.7,44.0,56.7,Partial Payment,,ADJ-147,4,,
IS-CLM-2025004874,2025-09-11,Collision,IN,Phone,352.85,5698.48,Simple,70,No,No,5.6,6.1,11.6,Paid in Full,,ADJ-134,1,4.0,
IS-CLM-2025004875,2025-10-17,Liability,WI,E-Portal,265.83,3648.88,Simple,50,Yes,No,3.0,5.2,8.2,Paid in Full,,ADJ-133,1,4.0,
IS-CLM-2025004876,2025-08-08,Comprehensive,CA,Phone,565.88,8492.47,Moderate,69,Yes,No,7.8,30.2,38.0,Paid in Full,,ADJ-122,3,4.0,
IS-CLM-2025004877,2025-12-07,Comprehensive,NY,E-Portal,259.08,1116.9,Simple,24,No,No,33.9,2.5,36.4,Paid in Full,,ADJ-146,2,3.0,
IS-CLM-2025004878,2025-11-12,Collision,IN,Phone,503.32,6831.02,Moderate,55,No,No,65.3,26.7,92.0,Partial Payment,,ADJ-103,5,,No
IS-CLM-2025004879,2025-12-17,Property Damage,GA,Fax/EDI,1138.48,7933.31,Complex,31,Yes,No,11.6,40.6,52.2,Pending Review,,ADJ-137,9,,
IS-CLM-2025004880,2025-07-06,Bodily Injury,FL,E-Portal,708.42,17805.14,Complex,17,No,Yes,19.0,40.4,59.3,Paid in Full,,ADJ-128,12,,
IS-CLM-2025004881,2025-12-16,Comprehensive,NC,Fax/EDI,893.71,37628.14,Complex,5,Yes,No,37.3,24.3,61.6,Pending Review,,ADJ-137,13,,Yes
IS-CLM-2025004882,2025-09-10,Property Damage,IL,E-Portal,661.34,8155.85,Moderate,90,No,No,108.2,20.3,128.5,Paid in Full,,ADJ-136,7,4.0,
IS-CLM-2025004883,2025-11-24,Comprehensive,VA,Phone,341.78,4264.09,Simple,59,No,No,6.6,3.2,9.9,Paid in Full,,ADJ-138,2,4.0,
IS-CLM-2025004884,2025-07-28,Property Damage,FL,E-Portal,179.3,2657.07,Simple,61,No,No,51.0,4.0,55.0,Paid in Full,,ADJ-127,3,3.0,No
IS-CLM-2025004885,2025-07-01,Liability,TN,Phone,933.81,36305.42,Complex,37,Yes,No,108.1,25.2,133.3,Paid in Full,,ADJ-107,8,3.0,
IS-CLM-2025004886,2025-10-26,Bodily Injury,WA,Phone,1101.03,10586.88,Complex,61,Yes,No,59.9,84.6,144.5,Settled,,ADJ-144,17,3.0,
IS-CLM-2025004887,2025-11-14,Bodily Injury,NY,Phone,744.63,8663.74,Moderate,30,Yes,No,8.6,17.8,26.4,Denied,Policy lapsed,ADJ-147,12,,
IS-CLM-2025004888,2025-07-19,Collision,PA,Phone,432.67,2632.33,Simple,72,No,No,4.9,2.9,7.8,Paid in Full,,ADJ-110,3,,
IS-CLM-2025004889,2025-10-20,Liability,MA,Phone,777.56,4371.22,Moderate,17,Yes,No,29.6,10.1,39.7,Partial Payment,,ADJ-107,6,,
IS-CLM-2025004890,2025-10-24,Collision,MI,E-Portal,381.39,687.1,Simple,63,No,No,29.4,7.8,37.2,Settled,,ADJ-117,3,5.0,
IS-CLM-2025004891,2025-07-01,Comprehensive,IN,Phone,356.38,10473.33,Simple,99,No,Yes,31.6,4.6,36.2,Paid in Full,,ADJ-116,3,,
IS-CLM-2025004892,2025-06-10,Bodily Injury,IN,Fax/EDI,1029.75,62716.95,Complex,20,Yes,Yes,94.4,68.2,162.6,Partial Payment,,ADJ-110,15,,
IS-CLM-2025004893,2025-10-10,Collision,IN,E-Portal,240.78,2749.5,Simple,76,No,Yes,12.3,12.0,24.2,Denied,Fraud suspected,ADJ-128,5,3.0,
IS-CLM-2025004894,2025-09-06,Collision,WA,Fax/EDI,957.77,13386.09,Complex,51,Yes,No,67.0,116.1,183.1,Denied,Exceeded policy limit,ADJ-130,11,,No
IS-CLM-2025004895,2025-07-06,Collision,GA,E-Portal,342.1,1076.48,Simple,57,No,No,22.5,8.9,31.4,Denied,Exceeded policy limit,ADJ-122,2,,
IS-CLM-2025004896,2025-07-02,Collision,MO,E-Portal,732.59,5903.41,Complex,31,Yes,No,64.1,30.5,94.6,Paid in Full,,ADJ-122,15,,
IS-CLM-2025004897,2025-10-22,Liability,TX,Phone,782.71,15402.46,Complex,23,No,No,13.6,19.4,33.0,Partial Payment,,ADJ-109,13,2.0,
IS-CLM-2025004898,2025-09-25,Liability,MA,E-Portal,597.5,4054.02,Moderate,39,Yes,No,77.3,21.0,98.2,Partial Payment,,ADJ-124,3,3.0,
IS-CLM-2025004899,2025-09-07,Bodily Injury,WI,Phone,586.5,5282.89,Moderate,53,Yes,No,15.6,5.8,21.5,Partial Payment,,ADJ-118,4,,
IS-CLM-2025004900,2025-11-12,Liability,NJ,E-Portal,282.05,4540.28,Simple,47,No,No,154.8,2.3,157.1,Paid in Full,,ADJ-114,2,,
IS-CLM-2025004901,2025-12-06,Collision,NY,E-Portal,697.46,20207.45,Complex,32,Yes,Yes,8.0,27.7,35.7,Paid in Full,,ADJ-128,12,,Yes
IS-CLM-2025004902,2025-11-11,Bodily Injury,TX,Phone,896.54,38622.46,Complex,29,Yes,No,43.9,39.2,83.1,Settled,,ADJ-131,12,,
IS-CLM-2025004903,2025-07-05,Collision,TX,E-Portal,368.56,1530.77,Simple,23,Yes,Yes,30.3,11.4,41.7,Denied,Coverage exclusion,ADJ-136,2,3.0,
IS-CLM-2025004904,2025-08-03,Property Damage,MD,Phone,714.09,6599.43,Moderate,55,Yes,No,38.5,7.1,45.6,Settled,,ADJ-106,11,4.0,
IS-CLM-2025004905,2025-11-30,Bodily Injury,MA,Fax/EDI,862.74,49423.2,Complex,38,Yes,Yes,46.9,49.8,96.8,Denied,Policy lapsed,ADJ-148,9,4.0,Yes
IS-CLM-2025004906,2025-08-23,Collision,OH,Phone,491.58,3006.41,Simple,36,No,No,38.8,7.4,46.2,Settled,,ADJ-117,2,4.0,
IS-CLM-2025004907,2025-12-13,Comprehensive,MA,E-Portal,350.64,1130.47,Simple,80,No,No,58.9,3.6,62.5,Paid in Full,,ADJ-117,3,4.0,
IS-CLM-2025004908,2025-08-26,Liability,TX,Phone,499.35,2008.1,Simple,47,Yes,No,38.4,6.3,44.7,Paid in Full,,ADJ-123,2,3.0,
IS-CLM-2025004909,2025-08-12,Liability,IN,E-Portal,299.9,1968.66,Simple,64,No,No,24.9,1.7,26.6,Paid in Full,,ADJ-134,2,4.0,
IS-CLM-2025004910,2025-09-10,Liability,MO,E-Portal,232.65,5045.11,Simple,85,No,Yes,17.9,5.2,23.1,Paid in Full,,ADJ-102,3,4.0,
IS-CLM-2025004911,2025-11-24,Property Damage,WI,E-Portal,439.93,6711.14,Moderate,33,Yes,No,37.4,7.7,45.1,Partial Payment,,ADJ-120,10,,
IS-CLM-2025004912,2025-06-15,Property Damage,AZ,Fax/EDI,446.75,2379.55,Simple,39,No,No,27.1,5.5,32.6,Paid in Full,,ADJ-112,5,5.0,
IS-CLM-2025004913,2025-07-04,Comprehensive,TX,Phone,1245.78,5412.18,Complex,28,No,No,8.0,44.1,52.1,Partial Payment,,ADJ-127,16,,
IS-CLM-2025004914,2025-11-13,Comprehensive,MA,Phone,737.0,4910.18,Moderate,48,Yes,No,65.9,31.0,96.8,Paid in Full,,ADJ-129,10,3.0,
IS-CLM-2025004915,2025-12-21,Comprehensive,FL,E-Portal,340.54,1019.44,Simple,64,No,No,4.1,13.4,17.5,Paid in Full,,ADJ-128,2,,
IS-CLM-2025004916,2025-12-09,Property Damage,FL,Fax/EDI,504.09,3325.21,Simple,48,No,No,70.0,2.8,72.8,Paid in Full,,ADJ-146,3,,
IS-CLM-2025004917,2025-08-23,Property Damage,WI,E-Portal,355.62,21735.75,Moderate,5,Yes,No,34.5,44.7,79.2,Paid in Full,,ADJ-112,6,,
IS-CLM-2025004918,2025-08-25,Liability,TX,Fax/EDI,606.52,8522.84,Moderate,5,Yes,No,31.5,28.4,59.9,Denied,Fraud suspected,ADJ-126,6,3.0,
IS-CLM-2025004919,2025-12-18,Bodily Injury,WI,Fax/EDI,390.12,13379.34,Simple,49,No,No,98.4,11.6,110.0,Paid in Full,,ADJ-140,4,,
IS-CLM-2025004920,2025-10-24,Comprehensive,FL,E-Portal,318.17,1418.84,Simple,28,No,No,63.7,4.6,68.3,Partial Payment,,ADJ-109,1,3.0,
IS-CLM-2025004921,2025-12-01,Liability,NY,E-Portal,542.0,3167.04,Moderate,5,Yes,No,18.6,17.9,36.5,Denied,Fraud suspected,ADJ-127,9,1.0,
IS-CLM-2025004922,2025-09-10,Comprehensive,IL,Fax/EDI,365.03,1648.89,Simple,53,No,No,13.3,7.6,20.9,Partial Payment,,ADJ-122,1,3.0,No
IS-CLM-2025004923,2025-10-28,Comprehensive,TX,E-Portal,299.42,1320.79,Simple,45,No,No,64.2,2.5,66.7,Paid in Full,,ADJ-143,1,,
IS-CLM-2025004924,2025-06-03,Property Damage,CA,Phone,410.98,3713.51,Simple,56,No,No,84.1,2.9,87.0,Partial Payment,,ADJ-145,4,,
IS-CLM-2025004925,2025-08-09,Comprehensive,IL,Phone,527.17,13553.32,Moderate,26,Yes,Yes,66.3,16.5,82.9,Paid in Full,,ADJ-142,7,,
IS-CLM-2025004926,2025-12-02,Bodily Injury,WI,E-Portal,693.96,39478.95,Complex,19,Yes,Yes,43.9,65.3,109.1,Pending Review,,ADJ-120,18,,
IS-CLM-2025004927,2025-06-12,Bodily Injury,MI,Phone,587.6,2166.95,Simple,72,No,No,31.2,5.0,36.1,Settled,,ADJ-122,1,4.0,
IS-CLM-2025004928,2025-07-26,Bodily Injury,NC,E-Portal,295.12,5572.85,Simple,70,No,No,50.7,10.2,60.9,Partial Payment,,ADJ-130,3,,
IS-CLM-2025004929,2025-11-22,Comprehensive,MA,Fax/EDI,1142.23,42048.17,Complex,34,Yes,Yes,8.0,42.5,50.5,Settled,,ADJ-109,11,,
IS-CLM-2025004930,2025-12-14,Comprehensive,VA,Phone,453.69,1044.95,Simple,45,No,No,3.0,3.1,6.1,Paid in Full,,ADJ-143,1,3.0,
IS-CLM-2025004931,2025-11-29,Liability,WI,E-Portal,356.16,5983.08,Simple,65,Yes,No,58.7,5.9,64.5,Paid in Full,,ADJ-105,2,,
IS-CLM-2025004932,2025-06-08,Collision,TN,E-Portal,263.29,5078.93,Simple,88,No,No,170.5,4.7,175.2,Paid in Full,,ADJ-117,4,2.0,
IS-CLM-2025004933,2025-11-29,Comprehensive,TN,Fax/EDI,338.44,3988.32,Simple,58,No,No,54.4,6.6,61.0,Paid in Full,,ADJ-148,1,4.0,
IS-CLM-2025004934,2025-12-10,Liability,IL,Fax/EDI,1054.57,7201.09,Complex,23,Yes,No,8.0,16.0,24.0,Denied,Fraud suspected,ADJ-143,17,2.0,
IS-CLM-2025004935,2025-12-06,Bodily Injury,TX,E-Portal,710.49,14786.4,Complex,55,Yes,No,175.6,41.2,216.8,Paid in Full,,ADJ-137,10,,
IS-CLM-2025004936,2025-09-01,Comprehensive,VA,Fax/EDI,463.6,2940.25,Simple,66,No,No,3.0,5.7,8.7,Settled,,ADJ-132,2,3.0,
IS-CLM-2025004937,2025-06-03,Bodily Injury,MA,Phone,753.12,33880.52,Complex,5,Yes,Yes,111.1,59.2,170.2,Partial Payment,,ADJ-143,12,3.0,
IS-CLM-2025004938,2025-11-24,Comprehensive,GA,E-Portal,231.83,1617.97,Simple,68,No,No,3.0,7.9,10.9,Denied,Exceeded policy limit,ADJ-118,4,,
IS-CLM-2025004939,2025-06-19,Property Damage,IL,E-Portal,460.77,9421.8,Moderate,46,Yes,No,28.2,13.4,41.6,Paid in Full,,ADJ-141,12,4.0,
IS-CLM-2025004940,2025-09-12,Collision,GA,Phone,455.05,2239.69,Simple,65,No,No,13.5,3.4,16.9,Paid in Full,,ADJ-129,3,4.0,
IS-CLM-2025004941,2025-08-16,Comprehensive,NC,E-Portal,531.36,10160.07,Moderate,70,No,No,19.0,14.8,33.8,Paid in Full,,ADJ-141,12,,
IS-CLM-2025004942,2025-09-09,Comprehensive,AZ,E-Portal,283.8,2830.6,Simple,59,Yes,Yes,3.0,4.2,7.2,Paid in Full,,ADJ-110,1,,
IS-CLM-2025004943,2025-06-14,Collision,MI,E-Portal,208.19,1583.89,Simple,83,No,No,6.4,5.0,11.4,Partial Payment,,ADJ-133,4,,Yes
IS-CLM-2025004944,2025-12-25,Bodily Injury,TX,E-Portal,362.67,15162.92,Moderate,67,No,Yes,61.1,11.2,72.3,Paid in Full,,ADJ-148,8,,
IS-CLM-2025004945,2025-12-10,Comprehensive,OH,E-Portal,236.6,3730.15,Simple,52,No,No,114.7,5.6,120.4,Paid in Full,,ADJ-141,2,,
IS-CLM-2025004946,2025-09-02,Collision,IL,Fax/EDI,354.93,6589.82,Simple,31,No,No,153.9,5.3,159.2,Denied,Pre-existing damage,ADJ-139,3,3.0,
IS-CLM-2025004947,2025-10-18,Comprehensive,AZ,Fax/EDI,456.19,3681.46,Simple,29,No,No,12.8,4.8,17.6,Paid in Full,,ADJ-134,5,4.0,
IS-CLM-2025004948,2025-12-15,Comprehensive,TX,E-Portal,563.19,8016.47,Moderate,22,No,No,6.2,17.3,23.5,Paid in Full,,ADJ-125,12,,
IS-CLM-2025004949,2025-06-25,Collision,VA,Phone,491.54,1104.84,Simple,66,No,No,42.0,2.3,44.3,Partial Payment,,ADJ-131,1,4.0,
IS-CLM-2025004950,2025-07-03,Collision,WI,Phone,342.93,2201.34,Simple,41,No,Yes,22.8,11.9,34.7,Paid in Full,,ADJ-109,4,3.0,
IS-CLM-2025004951,2025-07-20,Comprehensive,MA,Phone,524.94,1772.7,Simple,64,No,No,48.6,6.7,55.2,Denied,Policy lapsed,ADJ-128,5,,
IS-CLM-2025004952,2025-08-13,Collision,FL,Phone,429.25,4198.09,Simple,81,No,No,3.0,4.8,7.8,Paid in Full,,ADJ-148,5,,
IS-CLM-2025004953,2025-10-13,Property Damage,NC,Phone,485.19,1382.89,Simple,35,No,No,18.0,6.1,24.1,Settled,,ADJ-123,4,,
IS-CLM-2025004954,2025-09-30,Collision,TN,E-Portal,352.9,1285.82,Simple,47,No,No,17.3,4.1,21.4,Partial Payment,,ADJ-110,2,,
IS-CLM-2025004955,2025-09-01,Collision,PA,Fax/EDI,518.95,1431.19,Simple,99,No,No,32.2,4.3,36.5,Paid in Full,,ADJ-102,4,4.0,No
IS-CLM-2025004956,2025-12-18,Bodily Injury,PA,E-Portal,805.87,17624.35,Complex,5,Yes,Yes,14.8,49.0,63.8,Settled,,ADJ-112,14,,
IS-CLM-2025004957,2025-12-22,Liability,GA,Phone,1429.89,22983.06,Complex,5,Yes,Yes,8.0,34.3,42.3,Partial Payment,,ADJ-134,14,3.0,
IS-CLM-2025004958,2025-09-04,Bodily Injury,OH,E-Portal,392.32,54902.44,Moderate,38,No,Yes,130.3,10.9,141.3,Denied,Filing deadline missed,ADJ-132,5,2.0,
IS-CLM-2025004959,2025-11-18,Comprehensive,NJ,Phone,1135.31,22020.97,Complex,27,Yes,Yes,102.7,33.3,135.9,Settled,,ADJ-144,10,3.0,
IS-CLM-2025004960,2025-09-25,Property Damage,PA,Phone,492.71,5017.58,Simple,40,No,No,47.5,2.7,50.2,Paid in Full,,ADJ-108,5,,
IS-CLM-2025004961,2025-12-03,Bodily Injury,TX,Fax/EDI,1156.68,34019.07,Complex,28,Yes,No,8.0,38.3,46.3,Settled,,ADJ-148,9,,
IS-CLM-2025004962,2025-08-29,Collision,CA,Fax/EDI,367.02,3571.19,Simple,37,No,No,9.4,2.4,11.8,Paid in Full,,ADJ-101,3,3.0,
IS-CLM-2025004963,2025-06-28,Property Damage,CA,Fax/EDI,355.58,2172.85,Simple,69,No,No,29.2,5.3,34.5,Partial Payment,,ADJ-127,4,3.0,No
IS-CLM-2025004964,2025-12-23,Liability,NC,Phone,1006.59,9127.25,Complex,7,Yes,No,49.6,55.0,104.6,Paid in Full,,ADJ-150,16,4.0,
IS-CLM-2025004965,2025-09-18,Bodily Injury,AZ,Phone,806.99,1645.92,Moderate,42,Yes,No,11.6,8.0,19.5,Paid in Full,,ADJ-122,6,,
IS-CLM-2025004966,2025-07-30,Comprehensive,NJ,E-Portal,260.32,1692.19,Simple,96,No,No,7.3,2.8,10.1,Partial Payment,,ADJ-127,2,3.0,
IS-CLM-2025004967,2025-10-01,Liability,WI,E-Portal,272.07,2071.17,Simple,47,Yes,No,14.6,8.7,23.3,Partial Payment,,ADJ-128,2,1.0,No
IS-CLM-2025004968,2025-11-05,Comprehensive,FL,Phone,832.21,6580.55,Moderate,52,Yes,No,118.5,33.3,151.8,Partial Payment,,ADJ-114,11,,
IS-CLM-2025004969,2025-10-06,Bodily Injury,GA,Phone,1083.66,14982.53,Complex,5,Yes,Yes,77.9,58.1,136.1,Denied,Policy lapsed,ADJ-108,14,1.0,Yes
IS-CLM-2025004970,2025-08-21,Bodily Injury,CA,E-Portal,343.21,2510.54,Simple,55,Yes,No,3.0,6.1,9.1,Paid in Full,,ADJ-140,4,,
IS-CLM-2025004971,2025-11-12,Bodily Injury,WI,E-Portal,682.24,58197.24,Complex,37,Yes,No,107.3,18.9,126.3,Paid in Full,,ADJ-132,12,4.0,
IS-CLM-2025004972,2025-09-13,Bodily Injury,AZ,E-Portal,530.91,13694.64,Moderate,45,Yes,No,48.6,16.4,65.0,Settled,,ADJ-139,11,4.0,
IS-CLM-2025004973,2025-12-10,Bodily Injury,NJ,Fax/EDI,521.07,4910.91,Moderate,5,No,No,42.5,23.1,65.6,Paid in Full,,ADJ-124,6,,
IS-CLM-2025004974,2025-11-13,Collision,IN,Fax/EDI,361.56,1786.07,Simple,67,No,No,14.0,11.4,25.4,Denied,Fraud suspected,ADJ-144,3,,
IS-CLM-2025004975,2025-09-01,Collision,MD,E-Portal,327.93,2678.04,Simple,41,No,No,5.2,4.1,9.4,Paid in Full,,ADJ-117,3,3.0,
IS-CLM-2025004976,2025-12-20,Bodily Injury,WA,Fax/EDI,362.84,2451.81,Simple,5,Yes,No,54.5,7.9,62.4,Partial Payment,,ADJ-121,2,4.0,
IS-CLM-2025004977,2025-08-04,Property Damage,MA,E-Portal,214.51,5184.95,Simple,38,No,No,4.4,5.8,10.2,Paid in Full,,ADJ-111,1,5.0,
IS-CLM-2025004978,2025-10-08,Property Damage,NC,Phone,558.81,3832.17,Simple,59,No,No,13.6,6.9,20.5,Partial Payment,,ADJ-140,1,,
IS-CLM-2025004979,2025-12-11,Liability,WI,Phone,1004.22,19170.39,Complex,25,Yes,No,228.9,52.9,281.7,Paid in Full,,ADJ-143,13,,
IS-CLM-2025004980,2025-07-27,Liability,PA,Fax/EDI,561.89,10992.54,Simple,65,No,Yes,26.2,5.4,31.6,Settled,,ADJ-150,1,,
IS-CLM-2025004981,2025-08-22,Comprehensive,WI,Phone,480.29,2649.94,Simple,22,No,Yes,41.3,3.2,44.5,Paid in Full,,ADJ-121,5,2.0,
IS-CLM-2025004982,2025-06-09,Comprehensive,VA,Phone,1065.96,8971.6,Complex,28,Yes,No,21.4,35.4,56.8,Denied,Filing deadline missed,ADJ-112,9,3.0,
IS-CLM-2025004983,2025-11-16,Bodily Injury,MA,E-Portal,289.67,4995.88,Simple,30,No,No,33.3,8.3,41.6,Paid in Full,,ADJ-104,4,5.0,
IS-CLM-2025004984,2025-07-22,Comprehensive,MI,E-Portal,393.69,1598.54,Simple,78,No,No,29.8,9.3,39.1,Paid in Full,,ADJ-140,4,4.0,
IS-CLM-2025004985,2025-12-28,Liability,WI,E-Portal,528.94,15104.81,Complex,5,Yes,No,230.3,22.7,253.0,Paid in Full,,ADJ-133,7,,
IS-CLM-2025004986,2025-07-01,Bodily Injury,WA,Fax/EDI,452.83,3721.99,Simple,70,Yes,No,44.0,8.1,52.2,Paid in Full,,ADJ-141,3,,
IS-CLM-2025004987,2025-10-08,Property Damage,MO,E-Portal,571.71,13870.8,Moderate,68,No,No,7.3,21.0,28.3,Partial Payment,,ADJ-128,6,3.0,
IS-CLM-2025004988,2025-09-29,Comprehensive,MD,Fax/EDI,356.23,6066.94,Simple,92,No,No,13.8,5.5,19.3,Paid in Full,,ADJ-116,4,,
IS-CLM-2025004989,2025-09-14,Collision,CA,Fax/EDI,848.67,7771.34,Moderate,53,No,No,136.5,15.2,151.7,Paid in Full,,ADJ-133,8,,
IS-CLM-2025004990,2025-06-03,Property Damage,TX,Fax/EDI,1060.78,25582.33,Complex,14,Yes,Yes,73.0,30.7,103.7,Denied,Insufficient documentation,ADJ-146,7,,
IS-CLM-2025004991,2025-07-11,Bodily Injury,WA,Phone,1078.78,53081.14,Complex,31,Yes,No,96.6,56.2,152.8,Partial Payment,,ADJ-144,6,2.0,
IS-CLM-2025004992,2025-09-22,Comprehensive,WA,Fax/EDI,512.62,4504.5,Simple,83,No,No,8.5,7.0,15.5,Paid in Full,,ADJ-110,4,4.0,
IS-CLM-2025004993,2025-08-28,Collision,NJ,Phone,514.57,541.03,Simple,84,Yes,No,10.1,8.7,18.8,Denied,Insufficient documentation,ADJ-106,3,1.0,
IS-CLM-2025004994,2025-07-01,Property Damage,FL,E-Portal,729.81,11087.92,Complex,65,Yes,Yes,12.9,28.8,41.7,Pending Review,,ADJ-150,16,,
IS-CLM-2025004995,2025-09-22,Property Damage,IL,E-Portal,462.16,6880.19,Complex,38,Yes,No,40.3,60.4,100.6,Paid in Full,,ADJ-146,14,,
IS-CLM-2025004996,2025-10-20,Comprehensive,MD,Phone,575.46,4725.86,Simple,99,No,No,14.3,3.2,17.5,Paid in Full,,ADJ-120,1,3.0,
IS-CLM-2025004997,2025-11-30,Collision,VA,E-Portal,224.13,1946.47,Simple,33,No,No,5.2,8.8,14.0,Paid in Full,,ADJ-124,2,,No
IS-CLM-2025004998,2025-08-26,Bodily Injury,WA,E-Portal,140.0,2730.79,Simple,62,Yes,No,8.9,3.6,12.5,Paid in Full,,ADJ-124,1,,
IS-CLM-2025004999,2025-12-07,Property Damage,CA,E-Portal,253.1,3947.17,Simple,45,No,No,3.0,2.5,5.5,Paid in Full,,ADJ-127,5,3.0,
IS-CLM-2025005000,2025-07-17,Comprehensive,FL,Fax/EDI,409.4,1625.3,Simple,71,No,No,21.8,8.2,30.0,Paid in Full,,ADJ-136,2,4.0,
